timestamp,rule_id,rule_level,rule_groups,rule_description,agent_id,agent_name,srcip,dstuser,location,full_log,label,campaign_id,campaign_type,is_scan
2026-07-14T15:25:36.975+0000,86601,3,"[""ids"", ""suricata""]",Suricata: Alert - SURICATA STREAM 3way handshake excessive different SYNs,002,CibleWazuh,,,/var/log/suricata/eve.json,,0,,,1
2026-07-14T15:27:43.136+0000,86601,3,"[""ids"", ""suricata""]",Suricata: Alert - SURICATA STREAM 3way handshake excessive different SYNs,002,CibleWazuh,,,/var/log/suricata/eve.json,,0,,,1
2026-07-14T15:27:57.411+0000,86601,3,"[""ids"", ""suricata""]",Suricata: Alert - SURICATA STREAM 3way handshake excessive different SYNs,002,CibleWazuh,,,/var/log/suricata/eve.json,,0,,,1
2026-07-14T15:27:52.121+0000,86601,3,"[""ids"", ""suricata""]",Suricata: Alert - SURICATA STREAM 3way handshake excessive different SYNs,002,CibleWazuh,,,/var/log/suricata/eve.json,,0,,,1
2026-07-14T15:26:22.684+0000,86601,3,"[""ids"", ""suricata""]",Suricata: Alert - SURICATA STREAM 3way handshake excessive different SYNs,002,CibleWazuh,,,/var/log/suricata/eve.json,,0,,,1
2026-07-14T15:25:13.830+0000,86601,3,"[""ids"", ""suricata""]",Suricata: Alert - SURICATA STREAM 3way handshake excessive different SYNs,002,CibleWazuh,,,/var/log/suricata/eve.json,,0,,,1
2026-07-14T15:25:26.901+0000,86601,3,"[""ids"", ""suricata""]",Suricata: Alert - SURICATA STREAM 3way handshake excessive different SYNs,002,CibleWazuh,,,/var/log/suricata/eve.json,,0,,,1
2026-07-14T15:31:14.647+0000,86601,3,"[""ids"", ""suricata""]",Suricata: Alert - SURICATA STREAM 3way handshake excessive different SYNs,002,CibleWazuh,,,/var/log/suricata/eve.json,,0,,,1
2026-07-14T15:31:00.258+0000,86601,3,"[""ids"", ""suricata""]",Suricata: Alert - SURICATA STREAM 3way handshake excessive different SYNs,002,CibleWazuh,,,/var/log/suricata/eve.json,,0,,,1
2026-07-14T15:25:42.732+0000,86601,3,"[""ids"", ""suricata""]",Suricata: Alert - SURICATA STREAM 3way handshake excessive different SYNs,002,CibleWazuh,,,/var/log/suricata/eve.json,,0,,,1
2026-07-14T15:25:08.379+0000,86601,3,"[""ids"", ""suricata""]",Suricata: Alert - SURICATA STREAM 3way handshake excessive different SYNs,002,CibleWazuh,,,/var/log/suricata/eve.json,,0,,,1
2026-07-14T15:27:57.766+0000,86601,3,"[""ids"", ""suricata""]",Suricata: Alert - SURICATA STREAM 3way handshake excessive different SYNs,002,CibleWazuh,,,/var/log/suricata/eve.json,,0,,,1
2026-07-14T15:27:46.362+0000,86601,3,"[""ids"", ""suricata""]",Suricata: Alert - SURICATA STREAM 3way handshake excessive different SYNs,002,CibleWazuh,,,/var/log/suricata/eve.json,,0,,,1
2026-07-14T15:26:24.578+0000,86601,3,"[""ids"", ""suricata""]",Suricata: Alert - SURICATA STREAM 3way handshake excessive different SYNs,002,CibleWazuh,,,/var/log/suricata/eve.json,,0,,,1
2026-07-14T15:37:58.683+0000,86601,3,"[""ids"", ""suricata""]",Suricata: Alert - SURICATA STREAM 3way handshake excessive different SYNs,002,CibleWazuh,,,/var/log/suricata/eve.json,,0,,,1
2026-07-14T14:01:17.929+0000,2904,7,"[""syslog"", ""dpkg"", ""config_changed""]",Dpkg (Debian Package) half configured.,000,UbuntuWazuh,,,/var/log/dpkg.log,2026-07-14 14:01:17 status half-configured pipewire-alsa:amd64 1.0.5-1ubuntu3.2,0,,,0
2026-07-14T15:26:20.454+0000,86601,3,"[""ids"", ""suricata""]",Suricata: Alert - SURICATA STREAM 3way handshake excessive different SYNs,002,CibleWazuh,,,/var/log/suricata/eve.json,,0,,,1
2026-07-14T15:27:44.608+0000,86601,3,"[""ids"", ""suricata""]",Suricata: Alert - SURICATA STREAM 3way handshake excessive different SYNs,002,CibleWazuh,,,/var/log/suricata/eve.json,,0,,,1
2026-07-14T15:31:04.550+0000,86601,3,"[""ids"", ""suricata""]",Suricata: Alert - SURICATA STREAM 3way handshake excessive different SYNs,002,CibleWazuh,,,/var/log/suricata/eve.json,,0,,,1
2026-07-14T15:25:15.800+0000,86601,3,"[""ids"", ""suricata""]",Suricata: Alert - SURICATA STREAM 3way handshake excessive different SYNs,002,CibleWazuh,,,/var/log/suricata/eve.json,,0,,,1
2026-07-14T15:37:42.782+0000,86601,3,"[""ids"", ""suricata""]",Suricata: Alert - SURICATA STREAM 3way handshake excessive different SYNs,002,CibleWazuh,,,/var/log/suricata/eve.json,,0,,,1
2026-07-14T15:26:17.124+0000,86601,3,"[""ids"", ""suricata""]",Suricata: Alert - SURICATA STREAM 3way handshake excessive different SYNs,002,CibleWazuh,,,/var/log/suricata/eve.json,,0,,,1
2026-07-14T15:38:00.080+0000,86601,3,"[""ids"", ""suricata""]",Suricata: Alert - SURICATA STREAM 3way handshake excessive different SYNs,002,CibleWazuh,,,/var/log/suricata/eve.json,,0,,,1
2026-07-14T15:24:55.984+0000,86601,3,"[""ids"", ""suricata""]",Suricata: Alert - SURICATA STREAM 3way handshake excessive different SYNs,002,CibleWazuh,,,/var/log/suricata/eve.json,,0,,,1
2026-07-14T15:27:48.190+0000,86601,3,"[""ids"", ""suricata""]",Suricata: Alert - SURICATA STREAM 3way handshake excessive different SYNs,002,CibleWazuh,,,/var/log/suricata/eve.json,,0,,,1
2026-07-14T15:37:55.390+0000,86601,3,"[""ids"", ""suricata""]",Suricata: Alert - SURICATA STREAM 3way handshake excessive different SYNs,002,CibleWazuh,,,/var/log/suricata/eve.json,,0,,,1
2026-07-14T15:25:13.551+0000,86601,3,"[""ids"", ""suricata""]",Suricata: Alert - SURICATA STREAM 3way handshake excessive different SYNs,002,CibleWazuh,,,/var/log/suricata/eve.json,,0,,,1
2026-07-14T15:26:25.811+0000,86601,3,"[""ids"", ""suricata""]",Suricata: Alert - SURICATA STREAM 3way handshake excessive different SYNs,002,CibleWazuh,,,/var/log/suricata/eve.json,,0,,,1
2026-07-14T15:38:00.590+0000,86601,3,"[""ids"", ""suricata""]",Suricata: Alert - SURICATA STREAM 3way handshake excessive different SYNs,002,CibleWazuh,,,/var/log/suricata/eve.json,,0,,,1
2026-07-14T15:26:15.790+0000,86601,3,"[""ids"", ""suricata""]",Suricata: Alert - SURICATA STREAM 3way handshake excessive different SYNs,002,CibleWazuh,,,/var/log/suricata/eve.json,,0,,,1
2026-07-14T15:37:42.783+0000,86601,3,"[""ids"", ""suricata""]",Suricata: Alert - SURICATA STREAM 3way handshake excessive different SYNs,002,CibleWazuh,,,/var/log/suricata/eve.json,,0,,,1
2026-07-14T15:31:04.888+0000,86601,3,"[""ids"", ""suricata""]",Suricata: Alert - SURICATA STREAM 3way handshake excessive different SYNs,002,CibleWazuh,,,/var/log/suricata/eve.json,,0,,,1
2026-07-14T15:25:41.193+0000,86601,3,"[""ids"", ""suricata""]",Suricata: Alert - SURICATA STREAM 3way handshake excessive different SYNs,002,CibleWazuh,,,/var/log/suricata/eve.json,,0,,,1
2026-07-14T15:31:17.577+0000,86601,3,"[""ids"", ""suricata""]",Suricata: Alert - SURICATA STREAM 3way handshake excessive different SYNs,002,CibleWazuh,,,/var/log/suricata/eve.json,,0,,,1
2026-07-14T15:31:03.396+0000,86601,3,"[""ids"", ""suricata""]",Suricata: Alert - SURICATA STREAM 3way handshake excessive different SYNs,002,CibleWazuh,,,/var/log/suricata/eve.json,,0,,,1
2026-07-14T15:27:57.167+0000,86601,3,"[""ids"", ""suricata""]",Suricata: Alert - SURICATA STREAM 3way handshake excessive different SYNs,002,CibleWazuh,,,/var/log/suricata/eve.json,,0,,,1
2026-07-14T15:26:12.200+0000,86601,3,"[""ids"", ""suricata""]",Suricata: Alert - SURICATA STREAM 3way handshake excessive different SYNs,002,CibleWazuh,,,/var/log/suricata/eve.json,,0,,,1
2026-07-14T15:25:09.045+0000,86601,3,"[""ids"", ""suricata""]",Suricata: Alert - SURICATA STREAM 3way handshake excessive different SYNs,002,CibleWazuh,,,/var/log/suricata/eve.json,,0,,,1
2026-07-14T15:26:18.862+0000,86601,3,"[""ids"", ""suricata""]",Suricata: Alert - SURICATA STREAM 3way handshake excessive different SYNs,002,CibleWazuh,,,/var/log/suricata/eve.json,,0,,,1
2026-07-14T15:25:21.902+0000,86601,3,"[""ids"", ""suricata""]",Suricata: Alert - SURICATA STREAM 3way handshake excessive different SYNs,002,CibleWazuh,,,/var/log/suricata/eve.json,,0,,,1
2026-07-14T15:27:48.406+0000,86601,3,"[""ids"", ""suricata""]",Suricata: Alert - SURICATA STREAM 3way handshake excessive different SYNs,002,CibleWazuh,,,/var/log/suricata/eve.json,,0,,,1
2026-07-14T15:30:54.650+0000,86601,3,"[""ids"", ""suricata""]",Suricata: Alert - SURICATA STREAM 3way handshake excessive different SYNs,002,CibleWazuh,,,/var/log/suricata/eve.json,,0,,,1
2026-07-14T15:26:12.516+0000,86601,3,"[""ids"", ""suricata""]",Suricata: Alert - SURICATA STREAM 3way handshake excessive different SYNs,002,CibleWazuh,,,/var/log/suricata/eve.json,,0,,,1
2026-07-14T15:27:50.041+0000,86601,3,"[""ids"", ""suricata""]",Suricata: Alert - SURICATA STREAM 3way handshake excessive different SYNs,002,CibleWazuh,,,/var/log/suricata/eve.json,,0,,,1
2026-07-14T15:27:43.035+0000,86601,3,"[""ids"", ""suricata""]",Suricata: Alert - SURICATA STREAM 3way handshake excessive different SYNs,002,CibleWazuh,,,/var/log/suricata/eve.json,,0,,,1
2026-07-14T15:25:11.326+0000,86601,3,"[""ids"", ""suricata""]",Suricata: Alert - SURICATA STREAM 3way handshake excessive different SYNs,002,CibleWazuh,,,/var/log/suricata/eve.json,,0,,,1
2026-07-14T15:30:55.691+0000,86601,3,"[""ids"", ""suricata""]",Suricata: Alert - SURICATA STREAM 3way handshake excessive different SYNs,002,CibleWazuh,,,/var/log/suricata/eve.json,,0,,,1
2026-07-14T15:25:15.546+0000,86601,3,"[""ids"", ""suricata""]",Suricata: Alert - SURICATA STREAM 3way handshake excessive different SYNs,002,CibleWazuh,,,/var/log/suricata/eve.json,,0,,,1
2026-07-14T15:27:44.922+0000,86601,3,"[""ids"", ""suricata""]",Suricata: Alert - SURICATA STREAM 3way handshake excessive different SYNs,002,CibleWazuh,,,/var/log/suricata/eve.json,,0,,,1
2026-07-14T15:31:17.591+0000,86601,3,"[""ids"", ""suricata""]",Suricata: Alert - SURICATA STREAM 3way handshake excessive different SYNs,002,CibleWazuh,,,/var/log/suricata/eve.json,,0,,,1
2026-07-14T15:27:51.217+0000,86601,3,"[""ids"", ""suricata""]",Suricata: Alert - SURICATA STREAM 3way handshake excessive different SYNs,002,CibleWazuh,,,/var/log/suricata/eve.json,,0,,,1
2026-07-14T15:26:16.267+0000,86601,3,"[""ids"", ""suricata""]",Suricata: Alert - SURICATA STREAM 3way handshake excessive different SYNs,002,CibleWazuh,,,/var/log/suricata/eve.json,,0,,,1
2026-07-14T15:30:54.582+0000,86601,3,"[""ids"", ""suricata""]",Suricata: Alert - SURICATA STREAM 3way handshake excessive different SYNs,002,CibleWazuh,,,/var/log/suricata/eve.json,,0,,,1
2026-07-14T15:27:47.262+0000,86601,3,"[""ids"", ""suricata""]",Suricata: Alert - SURICATA STREAM 3way handshake excessive different SYNs,002,CibleWazuh,,,/var/log/suricata/eve.json,,0,,,1
2026-07-14T15:26:27.054+0000,86601,3,"[""ids"", ""suricata""]",Suricata: Alert - SURICATA STREAM 3way handshake excessive different SYNs,002,CibleWazuh,,,/var/log/suricata/eve.json,,0,,,1
2026-07-14T15:27:54.280+0000,86601,3,"[""ids"", ""suricata""]",Suricata: Alert - SURICATA STREAM 3way handshake excessive different SYNs,002,CibleWazuh,,,/var/log/suricata/eve.json,,0,,,1
2026-07-14T14:33:40.927+0000,40704,5,"[""local"", ""systemd""]",Systemd: Service exited due to a failure.,000,UbuntuWazuh,,,journald,"Jul 14 14:33:40 UbuntuWazuh systemd[1]: wazuh-inference.service: Main process exited, code=exited, status=1/FAILURE",0,,,0
2026-07-14T15:26:21.198+0000,86601,3,"[""ids"", ""suricata""]",Suricata: Alert - SURICATA STREAM 3way handshake excessive different SYNs,002,CibleWazuh,,,/var/log/suricata/eve.json,,0,,,1
2026-07-14T15:31:09.727+0000,86601,3,"[""ids"", ""suricata""]",Suricata: Alert - SURICATA STREAM 3way handshake excessive different SYNs,002,CibleWazuh,,,/var/log/suricata/eve.json,,0,,,1
2026-07-14T15:38:00.232+0000,86601,3,"[""ids"", ""suricata""]",Suricata: Alert - SURICATA STREAM 3way handshake excessive different SYNs,002,CibleWazuh,,,/var/log/suricata/eve.json,,0,,,1
2026-07-14T15:26:18.066+0000,86601,3,"[""ids"", ""suricata""]",Suricata: Alert - SURICATA STREAM 3way handshake excessive different SYNs,002,CibleWazuh,,,/var/log/suricata/eve.json,,0,,,1
2026-07-14T15:18:13.029+0000,86601,3,"[""ids"", ""suricata""]",Suricata: Alert - ET SCAN NMAP SYN scan -sS,002,CibleWazuh,,,/var/log/suricata/eve.json,,1,PARROT-NMAP-01,malicious_nmap,1
2026-07-14T15:37:54.385+0000,86601,3,"[""ids"", ""suricata""]",Suricata: Alert - SURICATA STREAM 3way handshake excessive different SYNs,002,CibleWazuh,,,/var/log/suricata/eve.json,,0,,,1
2026-07-14T15:25:38.696+0000,86601,3,"[""ids"", ""suricata""]",Suricata: Alert - SURICATA STREAM 3way handshake excessive different SYNs,002,CibleWazuh,,,/var/log/suricata/eve.json,,0,,,1
2026-07-14T15:30:54.222+0000,86601,3,"[""ids"", ""suricata""]",Suricata: Alert - SURICATA STREAM 3way handshake excessive different SYNs,002,CibleWazuh,,,/var/log/suricata/eve.json,,0,,,1
2026-07-14T15:25:00.654+0000,86601,3,"[""ids"", ""suricata""]",Suricata: Alert - SURICATA STREAM 3way handshake excessive different SYNs,002,CibleWazuh,,,/var/log/suricata/eve.json,,0,,,1
2026-07-14T15:26:10.849+0000,86601,3,"[""ids"", ""suricata""]",Suricata: Alert - SURICATA STREAM 3way handshake excessive different SYNs,002,CibleWazuh,,,/var/log/suricata/eve.json,,0,,,1
2026-07-14T15:31:04.100+0000,86601,3,"[""ids"", ""suricata""]",Suricata: Alert - SURICATA STREAM 3way handshake excessive different SYNs,002,CibleWazuh,,,/var/log/suricata/eve.json,,0,,,1
2026-07-14T15:27:46.336+0000,86601,3,"[""ids"", ""suricata""]",Suricata: Alert - SURICATA STREAM 3way handshake excessive different SYNs,002,CibleWazuh,,,/var/log/suricata/eve.json,,0,,,1
2026-07-14T15:31:04.010+0000,86601,3,"[""ids"", ""suricata""]",Suricata: Alert - SURICATA STREAM 3way handshake excessive different SYNs,002,CibleWazuh,,,/var/log/suricata/eve.json,,0,,,1
2026-07-14T15:37:59.797+0000,86601,3,"[""ids"", ""suricata""]",Suricata: Alert - SURICATA STREAM 3way handshake excessive different SYNs,002,CibleWazuh,,,/var/log/suricata/eve.json,,0,,,1
2026-07-14T15:37:55.174+0000,86601,3,"[""ids"", ""suricata""]",Suricata: Alert - SURICATA STREAM 3way handshake excessive different SYNs,002,CibleWazuh,,,/var/log/suricata/eve.json,,0,,,1
2026-07-14T15:27:49.648+0000,86601,3,"[""ids"", ""suricata""]",Suricata: Alert - SURICATA STREAM 3way handshake excessive different SYNs,002,CibleWazuh,,,/var/log/suricata/eve.json,,0,,,1
2026-07-14T15:25:34.726+0000,86601,3,"[""ids"", ""suricata""]",Suricata: Alert - SURICATA STREAM 3way handshake excessive different SYNs,002,CibleWazuh,,,/var/log/suricata/eve.json,,0,,,1
2026-07-14T15:25:01.949+0000,86601,3,"[""ids"", ""suricata""]",Suricata: Alert - SURICATA STREAM 3way handshake excessive different SYNs,002,CibleWazuh,,,/var/log/suricata/eve.json,,0,,,1
2026-07-14T15:25:33.310+0000,86601,3,"[""ids"", ""suricata""]",Suricata: Alert - SURICATA STREAM 3way handshake excessive different SYNs,002,CibleWazuh,,,/var/log/suricata/eve.json,,0,,,1
2026-07-14T15:25:38.671+0000,86601,3,"[""ids"", ""suricata""]",Suricata: Alert - SURICATA STREAM 3way handshake excessive different SYNs,002,CibleWazuh,,,/var/log/suricata/eve.json,,0,,,1
2026-07-14T15:25:04.984+0000,86601,3,"[""ids"", ""suricata""]",Suricata: Alert - SURICATA STREAM 3way handshake excessive different SYNs,002,CibleWazuh,,,/var/log/suricata/eve.json,,0,,,1
2026-07-14T15:26:12.444+0000,86601,3,"[""ids"", ""suricata""]",Suricata: Alert - SURICATA STREAM 3way handshake excessive different SYNs,002,CibleWazuh,,,/var/log/suricata/eve.json,,0,,,1
2026-07-14T15:25:27.092+0000,86601,3,"[""ids"", ""suricata""]",Suricata: Alert - SURICATA STREAM 3way handshake excessive different SYNs,002,CibleWazuh,,,/var/log/suricata/eve.json,,0,,,1
2026-07-14T15:25:42.907+0000,86601,3,"[""ids"", ""suricata""]",Suricata: Alert - SURICATA STREAM 3way handshake excessive different SYNs,002,CibleWazuh,,,/var/log/suricata/eve.json,,0,,,1
2026-07-14T15:27:46.303+0000,86601,3,"[""ids"", ""suricata""]",Suricata: Alert - SURICATA STREAM 3way handshake excessive different SYNs,002,CibleWazuh,,,/var/log/suricata/eve.json,,0,,,1
2026-07-14T15:30:56.793+0000,86601,3,"[""ids"", ""suricata""]",Suricata: Alert - SURICATA STREAM 3way handshake excessive different SYNs,002,CibleWazuh,,,/var/log/suricata/eve.json,,0,,,1
2026-07-14T15:25:34.806+0000,86601,3,"[""ids"", ""suricata""]",Suricata: Alert - SURICATA STREAM 3way handshake excessive different SYNs,002,CibleWazuh,,,/var/log/suricata/eve.json,,0,,,1
2026-07-14T15:25:10.911+0000,86601,3,"[""ids"", ""suricata""]",Suricata: Alert - SURICATA STREAM 3way handshake excessive different SYNs,002,CibleWazuh,,,/var/log/suricata/eve.json,,0,,,1
2026-07-14T15:25:28.029+0000,86601,3,"[""ids"", ""suricata""]",Suricata: Alert - SURICATA STREAM 3way handshake excessive different SYNs,002,CibleWazuh,,,/var/log/suricata/eve.json,,0,,,1
2026-07-14T15:27:42.730+0000,86601,3,"[""ids"", ""suricata""]",Suricata: Alert - SURICATA STREAM 3way handshake excessive different SYNs,002,CibleWazuh,,,/var/log/suricata/eve.json,,0,,,1
2026-07-14T15:25:39.239+0000,86601,3,"[""ids"", ""suricata""]",Suricata: Alert - SURICATA STREAM 3way handshake excessive different SYNs,002,CibleWazuh,,,/var/log/suricata/eve.json,,0,,,1
2026-07-14T15:31:14.782+0000,86601,3,"[""ids"", ""suricata""]",Suricata: Alert - SURICATA STREAM 3way handshake excessive different SYNs,002,CibleWazuh,,,/var/log/suricata/eve.json,,0,,,1
2026-07-14T15:37:53.610+0000,86601,3,"[""ids"", ""suricata""]",Suricata: Alert - SURICATA STREAM 3way handshake excessive different SYNs,002,CibleWazuh,,,/var/log/suricata/eve.json,,0,,,1
2026-07-14T15:30:57.042+0000,86601,3,"[""ids"", ""suricata""]",Suricata: Alert - SURICATA STREAM 3way handshake excessive different SYNs,002,CibleWazuh,,,/var/log/suricata/eve.json,,0,,,1
2026-07-14T15:25:10.464+0000,86601,3,"[""ids"", ""suricata""]",Suricata: Alert - SURICATA STREAM 3way handshake excessive different SYNs,002,CibleWazuh,,,/var/log/suricata/eve.json,,0,,,1
2026-07-14T15:26:18.143+0000,86601,3,"[""ids"", ""suricata""]",Suricata: Alert - SURICATA STREAM 3way handshake excessive different SYNs,002,CibleWazuh,,,/var/log/suricata/eve.json,,0,,,1
2026-07-14T15:25:10.494+0000,86601,3,"[""ids"", ""suricata""]",Suricata: Alert - SURICATA STREAM 3way handshake excessive different SYNs,002,CibleWazuh,,,/var/log/suricata/eve.json,,0,,,1
2026-07-14T15:26:16.887+0000,86601,3,"[""ids"", ""suricata""]",Suricata: Alert - SURICATA STREAM 3way handshake excessive different SYNs,002,CibleWazuh,,,/var/log/suricata/eve.json,,0,,,1
2026-07-14T15:26:18.843+0000,86601,3,"[""ids"", ""suricata""]",Suricata: Alert - SURICATA STREAM 3way handshake excessive different SYNs,002,CibleWazuh,,,/var/log/suricata/eve.json,,0,,,1
2026-07-14T15:25:05.888+0000,86601,3,"[""ids"", ""suricata""]",Suricata: Alert - SURICATA STREAM 3way handshake excessive different SYNs,002,CibleWazuh,,,/var/log/suricata/eve.json,,0,,,1
2026-07-14T15:37:53.146+0000,86601,3,"[""ids"", ""suricata""]",Suricata: Alert - SURICATA STREAM 3way handshake excessive different SYNs,002,CibleWazuh,,,/var/log/suricata/eve.json,,0,,,1
2026-07-14T15:27:40.964+0000,86601,3,"[""ids"", ""suricata""]",Suricata: Alert - SURICATA STREAM 3way handshake excessive different SYNs,002,CibleWazuh,,,/var/log/suricata/eve.json,,0,,,1
2026-07-14T15:24:57.549+0000,86601,3,"[""ids"", ""suricata""]",Suricata: Alert - SURICATA STREAM 3way handshake excessive different SYNs,002,CibleWazuh,,,/var/log/suricata/eve.json,,0,,,1
2026-07-14T15:25:32.878+0000,86601,3,"[""ids"", ""suricata""]",Suricata: Alert - SURICATA STREAM 3way handshake excessive different SYNs,002,CibleWazuh,,,/var/log/suricata/eve.json,,0,,,1
2026-07-14T15:26:25.848+0000,86601,3,"[""ids"", ""suricata""]",Suricata: Alert - SURICATA STREAM 3way handshake excessive different SYNs,002,CibleWazuh,,,/var/log/suricata/eve.json,,0,,,1
2026-07-14T15:26:27.054+0000,86601,3,"[""ids"", ""suricata""]",Suricata: Alert - SURICATA STREAM 3way handshake excessive different SYNs,002,CibleWazuh,,,/var/log/suricata/eve.json,,0,,,1
2026-07-14T15:18:15.039+0000,86601,3,"[""ids"", ""suricata""]",Suricata: Alert - ET SCAN NMAP OS fingerprint,002,CibleWazuh,,,/var/log/suricata/eve.json,,1,PARROT-HPING-01,malicious_dos_flood,1
2026-07-14T15:25:30.302+0000,86601,3,"[""ids"", ""suricata""]",Suricata: Alert - SURICATA STREAM 3way handshake excessive different SYNs,002,CibleWazuh,,,/var/log/suricata/eve.json,,0,,,1
2026-07-14T15:30:56.185+0000,86601,3,"[""ids"", ""suricata""]",Suricata: Alert - SURICATA STREAM 3way handshake excessive different SYNs,002,CibleWazuh,,,/var/log/suricata/eve.json,,0,,,1
2026-07-14T15:25:04.902+0000,86601,3,"[""ids"", ""suricata""]",Suricata: Alert - SURICATA STREAM 3way handshake excessive different SYNs,002,CibleWazuh,,,/var/log/suricata/eve.json,,0,,,1
2026-07-14T15:26:17.255+0000,86601,3,"[""ids"", ""suricata""]",Suricata: Alert - SURICATA STREAM 3way handshake excessive different SYNs,002,CibleWazuh,,,/var/log/suricata/eve.json,,0,,,1
2026-07-14T15:25:29.035+0000,86601,3,"[""ids"", ""suricata""]",Suricata: Alert - SURICATA STREAM 3way handshake excessive different SYNs,002,CibleWazuh,,,/var/log/suricata/eve.json,,0,,,1
2026-07-14T15:25:26.197+0000,86601,3,"[""ids"", ""suricata""]",Suricata: Alert - SURICATA STREAM 3way handshake excessive different SYNs,002,CibleWazuh,,,/var/log/suricata/eve.json,,0,,,1
2026-07-14T15:25:14.787+0000,86601,3,"[""ids"", ""suricata""]",Suricata: Alert - SURICATA STREAM 3way handshake excessive different SYNs,002,CibleWazuh,,,/var/log/suricata/eve.json,,0,,,1
2026-07-14T15:27:42.647+0000,86601,3,"[""ids"", ""suricata""]",Suricata: Alert - SURICATA STREAM 3way handshake excessive different SYNs,002,CibleWazuh,,,/var/log/suricata/eve.json,,0,,,1
2026-07-14T15:26:22.875+0000,86601,3,"[""ids"", ""suricata""]",Suricata: Alert - SURICATA STREAM 3way handshake excessive different SYNs,002,CibleWazuh,,,/var/log/suricata/eve.json,,0,,,1
2026-07-14T15:37:53.375+0000,86601,3,"[""ids"", ""suricata""]",Suricata: Alert - SURICATA STREAM 3way handshake excessive different SYNs,002,CibleWazuh,,,/var/log/suricata/eve.json,,0,,,1
2026-07-14T15:30:57.830+0000,86601,3,"[""ids"", ""suricata""]",Suricata: Alert - SURICATA STREAM 3way handshake excessive different SYNs,002,CibleWazuh,,,/var/log/suricata/eve.json,,0,,,1
2026-07-14T15:25:00.079+0000,86601,3,"[""ids"", ""suricata""]",Suricata: Alert - SURICATA STREAM 3way handshake excessive different SYNs,002,CibleWazuh,,,/var/log/suricata/eve.json,,0,,,1
2026-07-14T15:39:18.852+0000,86601,3,"[""ids"", ""suricata""]",Suricata: Alert - ET SCAN Port scan detected,002,CibleWazuh,,,/var/log/suricata/eve.json,,0,,,1
2026-07-14T15:27:35.807+0000,86601,3,"[""ids"", ""suricata""]",Suricata: Alert - SURICATA STREAM 3way handshake excessive different SYNs,002,CibleWazuh,,,/var/log/suricata/eve.json,,0,,,1
2026-07-14T15:38:00.128+0000,86601,3,"[""ids"", ""suricata""]",Suricata: Alert - SURICATA STREAM 3way handshake excessive different SYNs,002,CibleWazuh,,,/var/log/suricata/eve.json,,0,,,1
2026-07-14T15:25:29.893+0000,86601,3,"[""ids"", ""suricata""]",Suricata: Alert - SURICATA STREAM 3way handshake excessive different SYNs,002,CibleWazuh,,,/var/log/suricata/eve.json,,0,,,1
2026-07-14T15:31:02.899+0000,86601,3,"[""ids"", ""suricata""]",Suricata: Alert - SURICATA STREAM 3way handshake excessive different SYNs,002,CibleWazuh,,,/var/log/suricata/eve.json,,0,,,1
2026-07-14T15:37:56.448+0000,86601,3,"[""ids"", ""suricata""]",Suricata: Alert - SURICATA STREAM 3way handshake excessive different SYNs,002,CibleWazuh,,,/var/log/suricata/eve.json,,0,,,1
2026-07-14T15:30:57.042+0000,86601,3,"[""ids"", ""suricata""]",Suricata: Alert - SURICATA STREAM 3way handshake excessive different SYNs,002,CibleWazuh,,,/var/log/suricata/eve.json,,0,,,1
2026-07-14T15:25:20.641+0000,86601,3,"[""ids"", ""suricata""]",Suricata: Alert - SURICATA STREAM 3way handshake excessive different SYNs,002,CibleWazuh,,,/var/log/suricata/eve.json,,0,,,1
2026-07-14T15:25:40.979+0000,86601,3,"[""ids"", ""suricata""]",Suricata: Alert - SURICATA STREAM 3way handshake excessive different SYNs,002,CibleWazuh,,,/var/log/suricata/eve.json,,0,,,1
2026-07-14T15:26:24.767+0000,86601,3,"[""ids"", ""suricata""]",Suricata: Alert - SURICATA STREAM 3way handshake excessive different SYNs,002,CibleWazuh,,,/var/log/suricata/eve.json,,0,,,1
2026-07-14T15:27:52.621+0000,86601,3,"[""ids"", ""suricata""]",Suricata: Alert - SURICATA STREAM 3way handshake excessive different SYNs,002,CibleWazuh,,,/var/log/suricata/eve.json,,0,,,1
2026-07-14T15:26:16.417+0000,86601,3,"[""ids"", ""suricata""]",Suricata: Alert - SURICATA STREAM 3way handshake excessive different SYNs,002,CibleWazuh,,,/var/log/suricata/eve.json,,0,,,1
2026-07-14T15:31:08.347+0000,86601,3,"[""ids"", ""suricata""]",Suricata: Alert - SURICATA STREAM 3way handshake excessive different SYNs,002,CibleWazuh,,,/var/log/suricata/eve.json,,0,,,1
2026-07-14T15:37:55.718+0000,86601,3,"[""ids"", ""suricata""]",Suricata: Alert - SURICATA STREAM 3way handshake excessive different SYNs,002,CibleWazuh,,,/var/log/suricata/eve.json,,0,,,1
2026-07-14T15:31:12.485+0000,86601,3,"[""ids"", ""suricata""]",Suricata: Alert - SURICATA STREAM 3way handshake excessive different SYNs,002,CibleWazuh,,,/var/log/suricata/eve.json,,0,,,1
2026-07-14T15:25:01.720+0000,86601,3,"[""ids"", ""suricata""]",Suricata: Alert - SURICATA STREAM 3way handshake excessive different SYNs,002,CibleWazuh,,,/var/log/suricata/eve.json,,0,,,1
2026-07-14T15:26:20.835+0000,86601,3,"[""ids"", ""suricata""]",Suricata: Alert - SURICATA STREAM 3way handshake excessive different SYNs,002,CibleWazuh,,,/var/log/suricata/eve.json,,0,,,1
2026-07-14T15:25:34.705+0000,86601,3,"[""ids"", ""suricata""]",Suricata: Alert - SURICATA STREAM 3way handshake excessive different SYNs,002,CibleWazuh,,,/var/log/suricata/eve.json,,0,,,1
2026-07-14T15:24:56.590+0000,86601,3,"[""ids"", ""suricata""]",Suricata: Alert - SURICATA STREAM 3way handshake excessive different SYNs,002,CibleWazuh,,,/var/log/suricata/eve.json,,0,,,1
2026-07-14T15:25:42.627+0000,86601,3,"[""ids"", ""suricata""]",Suricata: Alert - SURICATA STREAM 3way handshake excessive different SYNs,002,CibleWazuh,,,/var/log/suricata/eve.json,,0,,,1
2026-07-14T15:31:32.596+0000,5502,3,"[""pam"", ""syslog""]",PAM: Login session closed.,002,CibleWazuh,,vboxuser,journald,Jul 14 15:31:31 CibleWazuh sshd[14492]: pam_unix(sshd:session): session closed for user vboxuser,0,,,0
2026-07-14T15:26:15.920+0000,86601,3,"[""ids"", ""suricata""]",Suricata: Alert - SURICATA STREAM 3way handshake excessive different SYNs,002,CibleWazuh,,,/var/log/suricata/eve.json,,0,,,1
2026-07-14T15:26:21.105+0000,86601,3,"[""ids"", ""suricata""]",Suricata: Alert - SURICATA STREAM 3way handshake excessive different SYNs,002,CibleWazuh,,,/var/log/suricata/eve.json,,0,,,1
2026-07-14T15:25:09.002+0000,86601,3,"[""ids"", ""suricata""]",Suricata: Alert - SURICATA STREAM 3way handshake excessive different SYNs,002,CibleWazuh,,,/var/log/suricata/eve.json,,0,,,1
2026-07-14T15:30:54.900+0000,86601,3,"[""ids"", ""suricata""]",Suricata: Alert - SURICATA STREAM 3way handshake excessive different SYNs,002,CibleWazuh,,,/var/log/suricata/eve.json,,0,,,1
2026-07-14T15:30:58.224+0000,86601,3,"[""ids"", ""suricata""]",Suricata: Alert - SURICATA STREAM 3way handshake excessive different SYNs,002,CibleWazuh,,,/var/log/suricata/eve.json,,0,,,1
2026-07-14T15:25:16.741+0000,86601,3,"[""ids"", ""suricata""]",Suricata: Alert - SURICATA STREAM 3way handshake excessive different SYNs,002,CibleWazuh,,,/var/log/suricata/eve.json,,0,,,1
2026-07-14T15:27:44.418+0000,86601,3,"[""ids"", ""suricata""]",Suricata: Alert - SURICATA STREAM 3way handshake excessive different SYNs,002,CibleWazuh,,,/var/log/suricata/eve.json,,0,,,1
2026-07-14T15:27:47.480+0000,86601,3,"[""ids"", ""suricata""]",Suricata: Alert - SURICATA STREAM 3way handshake excessive different SYNs,002,CibleWazuh,,,/var/log/suricata/eve.json,,0,,,1
2026-07-14T15:25:04.900+0000,86601,3,"[""ids"", ""suricata""]",Suricata: Alert - SURICATA STREAM 3way handshake excessive different SYNs,002,CibleWazuh,,,/var/log/suricata/eve.json,,0,,,1
2026-07-14T15:25:38.968+0000,86601,3,"[""ids"", ""suricata""]",Suricata: Alert - SURICATA STREAM 3way handshake excessive different SYNs,002,CibleWazuh,,,/var/log/suricata/eve.json,,0,,,1
2026-07-14T15:25:30.985+0000,86601,3,"[""ids"", ""suricata""]",Suricata: Alert - SURICATA STREAM 3way handshake excessive different SYNs,002,CibleWazuh,,,/var/log/suricata/eve.json,,0,,,1
2026-07-14T15:25:38.786+0000,86601,3,"[""ids"", ""suricata""]",Suricata: Alert - SURICATA STREAM 3way handshake excessive different SYNs,002,CibleWazuh,,,/var/log/suricata/eve.json,,0,,,1
2026-07-14T15:38:03.010+0000,86601,3,"[""ids"", ""suricata""]",Suricata: Alert - SURICATA STREAM 3way handshake excessive different SYNs,002,CibleWazuh,,,/var/log/suricata/eve.json,,0,,,1
2026-07-14T15:38:02.797+0000,86601,3,"[""ids"", ""suricata""]",Suricata: Alert - SURICATA STREAM 3way handshake excessive different SYNs,002,CibleWazuh,,,/var/log/suricata/eve.json,,0,,,1
2026-07-14T15:25:15.074+0000,86601,3,"[""ids"", ""suricata""]",Suricata: Alert - SURICATA STREAM 3way handshake excessive different SYNs,002,CibleWazuh,,,/var/log/suricata/eve.json,,0,,,1
2026-07-14T15:31:11.196+0000,86601,3,"[""ids"", ""suricata""]",Suricata: Alert - SURICATA STREAM 3way handshake excessive different SYNs,002,CibleWazuh,,,/var/log/suricata/eve.json,,0,,,1
2026-07-14T15:31:09.158+0000,86601,3,"[""ids"", ""suricata""]",Suricata: Alert - SURICATA STREAM 3way handshake excessive different SYNs,002,CibleWazuh,,,/var/log/suricata/eve.json,,0,,,1
2026-07-14T15:25:03.071+0000,86601,3,"[""ids"", ""suricata""]",Suricata: Alert - SURICATA STREAM 3way handshake excessive different SYNs,002,CibleWazuh,,,/var/log/suricata/eve.json,,0,,,1
2026-07-14T15:31:17.864+0000,86601,3,"[""ids"", ""suricata""]",Suricata: Alert - SURICATA STREAM 3way handshake excessive different SYNs,002,CibleWazuh,,,/var/log/suricata/eve.json,,0,,,1
2026-07-14T15:25:41.599+0000,86601,3,"[""ids"", ""suricata""]",Suricata: Alert - SURICATA STREAM 3way handshake excessive different SYNs,002,CibleWazuh,,,/var/log/suricata/eve.json,,0,,,1
2026-07-14T15:27:43.998+0000,86601,3,"[""ids"", ""suricata""]",Suricata: Alert - SURICATA STREAM 3way handshake excessive different SYNs,002,CibleWazuh,,,/var/log/suricata/eve.json,,0,,,1
2026-07-14T15:26:26.809+0000,86601,3,"[""ids"", ""suricata""]",Suricata: Alert - SURICATA STREAM 3way handshake excessive different SYNs,002,CibleWazuh,,,/var/log/suricata/eve.json,,0,,,1
2026-07-14T15:38:02.269+0000,86601,3,"[""ids"", ""suricata""]",Suricata: Alert - SURICATA STREAM 3way handshake excessive different SYNs,002,CibleWazuh,,,/var/log/suricata/eve.json,,0,,,1
2026-07-14T15:25:29.025+0000,86601,3,"[""ids"", ""suricata""]",Suricata: Alert - SURICATA STREAM 3way handshake excessive different SYNs,002,CibleWazuh,,,/var/log/suricata/eve.json,,0,,,1
2026-07-14T15:31:17.024+0000,86601,3,"[""ids"", ""suricata""]",Suricata: Alert - SURICATA STREAM 3way handshake excessive different SYNs,002,CibleWazuh,,,/var/log/suricata/eve.json,,0,,,1
2026-07-14T15:25:06.963+0000,86601,3,"[""ids"", ""suricata""]",Suricata: Alert - SURICATA STREAM 3way handshake excessive different SYNs,002,CibleWazuh,,,/var/log/suricata/eve.json,,0,,,1
2026-07-14T15:25:36.909+0000,86601,3,"[""ids"", ""suricata""]",Suricata: Alert - SURICATA STREAM 3way handshake excessive different SYNs,002,CibleWazuh,,,/var/log/suricata/eve.json,,0,,,1
2026-07-14T15:26:17.721+0000,86601,3,"[""ids"", ""suricata""]",Suricata: Alert - SURICATA STREAM 3way handshake excessive different SYNs,002,CibleWazuh,,,/var/log/suricata/eve.json,,0,,,1
2026-07-14T15:31:00.653+0000,86601,3,"[""ids"", ""suricata""]",Suricata: Alert - SURICATA STREAM 3way handshake excessive different SYNs,002,CibleWazuh,,,/var/log/suricata/eve.json,,0,,,1
2026-07-14T15:25:33.395+0000,86601,3,"[""ids"", ""suricata""]",Suricata: Alert - SURICATA STREAM 3way handshake excessive different SYNs,002,CibleWazuh,,,/var/log/suricata/eve.json,,0,,,1
2026-07-14T15:25:03.715+0000,86601,3,"[""ids"", ""suricata""]",Suricata: Alert - SURICATA STREAM 3way handshake excessive different SYNs,002,CibleWazuh,,,/var/log/suricata/eve.json,,0,,,1
2026-07-14T15:25:29.704+0000,86601,3,"[""ids"", ""suricata""]",Suricata: Alert - SURICATA STREAM 3way handshake excessive different SYNs,002,CibleWazuh,,,/var/log/suricata/eve.json,,0,,,1
2026-07-14T15:31:14.552+0000,86601,3,"[""ids"", ""suricata""]",Suricata: Alert - SURICATA STREAM 3way handshake excessive different SYNs,002,CibleWazuh,,,/var/log/suricata/eve.json,,0,,,1
2026-07-14T15:25:07.937+0000,86601,3,"[""ids"", ""suricata""]",Suricata: Alert - SURICATA STREAM 3way handshake excessive different SYNs,002,CibleWazuh,,,/var/log/suricata/eve.json,,0,,,1
2026-07-14T15:37:56.268+0000,86601,3,"[""ids"", ""suricata""]",Suricata: Alert - SURICATA STREAM 3way handshake excessive different SYNs,002,CibleWazuh,,,/var/log/suricata/eve.json,,0,,,1
2026-07-14T15:25:30.248+0000,86601,3,"[""ids"", ""suricata""]",Suricata: Alert - SURICATA STREAM 3way handshake excessive different SYNs,002,CibleWazuh,,,/var/log/suricata/eve.json,,0,,,1
2026-07-14T15:26:23.862+0000,86601,3,"[""ids"", ""suricata""]",Suricata: Alert - SURICATA STREAM 3way handshake excessive different SYNs,002,CibleWazuh,,,/var/log/suricata/eve.json,,0,,,1
2026-07-14T15:25:39.964+0000,86601,3,"[""ids"", ""suricata""]",Suricata: Alert - SURICATA STREAM 3way handshake excessive different SYNs,002,CibleWazuh,,,/var/log/suricata/eve.json,,0,,,1
2026-07-14T15:25:39.242+0000,86601,3,"[""ids"", ""suricata""]",Suricata: Alert - SURICATA STREAM 3way handshake excessive different SYNs,002,CibleWazuh,,,/var/log/suricata/eve.json,,0,,,1
2026-07-14T15:31:18.157+0000,86601,3,"[""ids"", ""suricata""]",Suricata: Alert - SURICATA STREAM 3way handshake excessive different SYNs,002,CibleWazuh,,,/var/log/suricata/eve.json,,0,,,1
2026-07-14T15:31:04.093+0000,86601,3,"[""ids"", ""suricata""]",Suricata: Alert - SURICATA STREAM 3way handshake excessive different SYNs,002,CibleWazuh,,,/var/log/suricata/eve.json,,0,,,1
2026-07-14T15:30:56.973+0000,86601,3,"[""ids"", ""suricata""]",Suricata: Alert - SURICATA STREAM 3way handshake excessive different SYNs,002,CibleWazuh,,,/var/log/suricata/eve.json,,0,,,1
2026-07-14T15:27:52.122+0000,86601,3,"[""ids"", ""suricata""]",Suricata: Alert - SURICATA STREAM 3way handshake excessive different SYNs,002,CibleWazuh,,,/var/log/suricata/eve.json,,0,,,1
2026-07-14T15:31:14.384+0000,86601,3,"[""ids"", ""suricata""]",Suricata: Alert - SURICATA STREAM 3way handshake excessive different SYNs,002,CibleWazuh,,,/var/log/suricata/eve.json,,0,,,1
2026-07-14T15:25:07.505+0000,86601,3,"[""ids"", ""suricata""]",Suricata: Alert - SURICATA STREAM 3way handshake excessive different SYNs,002,CibleWazuh,,,/var/log/suricata/eve.json,,0,,,1
2026-07-14T15:25:08.507+0000,86601,3,"[""ids"", ""suricata""]",Suricata: Alert - SURICATA STREAM 3way handshake excessive different SYNs,002,CibleWazuh,,,/var/log/suricata/eve.json,,0,,,1
2026-07-14T15:25:40.739+0000,86601,3,"[""ids"", ""suricata""]",Suricata: Alert - SURICATA STREAM 3way handshake excessive different SYNs,002,CibleWazuh,,,/var/log/suricata/eve.json,,0,,,1
2026-07-14T15:25:08.512+0000,86601,3,"[""ids"", ""suricata""]",Suricata: Alert - SURICATA STREAM 3way handshake excessive different SYNs,002,CibleWazuh,,,/var/log/suricata/eve.json,,0,,,1
2026-07-14T15:27:40.248+0000,86601,3,"[""ids"", ""suricata""]",Suricata: Alert - SURICATA STREAM 3way handshake excessive different SYNs,002,CibleWazuh,,,/var/log/suricata/eve.json,,0,,,1
2026-07-14T15:31:04.050+0000,86601,3,"[""ids"", ""suricata""]",Suricata: Alert - SURICATA STREAM 3way handshake excessive different SYNs,002,CibleWazuh,,,/var/log/suricata/eve.json,,0,,,1
2026-07-14T15:26:27.327+0000,86601,3,"[""ids"", ""suricata""]",Suricata: Alert - SURICATA STREAM 3way handshake excessive different SYNs,002,CibleWazuh,,,/var/log/suricata/eve.json,,0,,,1
2026-07-14T15:31:14.048+0000,86601,3,"[""ids"", ""suricata""]",Suricata: Alert - SURICATA STREAM 3way handshake excessive different SYNs,002,CibleWazuh,,,/var/log/suricata/eve.json,,0,,,1
2026-07-14T15:26:14.633+0000,86601,3,"[""ids"", ""suricata""]",Suricata: Alert - SURICATA STREAM 3way handshake excessive different SYNs,002,CibleWazuh,,,/var/log/suricata/eve.json,,0,,,1
2026-07-14T15:26:16.291+0000,86601,3,"[""ids"", ""suricata""]",Suricata: Alert - SURICATA STREAM 3way handshake excessive different SYNs,002,CibleWazuh,,,/var/log/suricata/eve.json,,0,,,1
2026-07-14T15:27:42.944+0000,86601,3,"[""ids"", ""suricata""]",Suricata: Alert - SURICATA STREAM 3way handshake excessive different SYNs,002,CibleWazuh,,,/var/log/suricata/eve.json,,0,,,1
2026-07-14T15:25:01.283+0000,86601,3,"[""ids"", ""suricata""]",Suricata: Alert - SURICATA STREAM 3way handshake excessive different SYNs,002,CibleWazuh,,,/var/log/suricata/eve.json,,0,,,1
2026-07-14T15:26:23.555+0000,86601,3,"[""ids"", ""suricata""]",Suricata: Alert - SURICATA STREAM 3way handshake excessive different SYNs,002,CibleWazuh,,,/var/log/suricata/eve.json,,0,,,1
2026-07-14T15:26:14.736+0000,86601,3,"[""ids"", ""suricata""]",Suricata: Alert - SURICATA STREAM 3way handshake excessive different SYNs,002,CibleWazuh,,,/var/log/suricata/eve.json,,0,,,1
2026-07-14T15:31:07.996+0000,86601,3,"[""ids"", ""suricata""]",Suricata: Alert - SURICATA STREAM 3way handshake excessive different SYNs,002,CibleWazuh,,,/var/log/suricata/eve.json,,0,,,1
2026-07-14T15:25:17.826+0000,86601,3,"[""ids"", ""suricata""]",Suricata: Alert - SURICATA STREAM 3way handshake excessive different SYNs,002,CibleWazuh,,,/var/log/suricata/eve.json,,0,,,1
2026-07-14T15:25:40.449+0000,86601,3,"[""ids"", ""suricata""]",Suricata: Alert - SURICATA STREAM 3way handshake excessive different SYNs,002,CibleWazuh,,,/var/log/suricata/eve.json,,0,,,1
2026-07-14T15:27:48.264+0000,86601,3,"[""ids"", ""suricata""]",Suricata: Alert - SURICATA STREAM 3way handshake excessive different SYNs,002,CibleWazuh,,,/var/log/suricata/eve.json,,0,,,1
2026-07-14T15:25:11.164+0000,86601,3,"[""ids"", ""suricata""]",Suricata: Alert - SURICATA STREAM 3way handshake excessive different SYNs,002,CibleWazuh,,,/var/log/suricata/eve.json,,0,,,1
2026-07-14T15:25:36.119+0000,86601,3,"[""ids"", ""suricata""]",Suricata: Alert - SURICATA STREAM 3way handshake excessive different SYNs,002,CibleWazuh,,,/var/log/suricata/eve.json,,0,,,1
2026-07-14T15:27:39.721+0000,86601,3,"[""ids"", ""suricata""]",Suricata: Alert - SURICATA STREAM 3way handshake excessive different SYNs,002,CibleWazuh,,,/var/log/suricata/eve.json,,0,,,1
2026-07-14T15:31:00.871+0000,86601,3,"[""ids"", ""suricata""]",Suricata: Alert - SURICATA STREAM 3way handshake excessive different SYNs,002,CibleWazuh,,,/var/log/suricata/eve.json,,0,,,1
2026-07-14T15:31:00.042+0000,86601,3,"[""ids"", ""suricata""]",Suricata: Alert - SURICATA STREAM 3way handshake excessive different SYNs,002,CibleWazuh,,,/var/log/suricata/eve.json,,0,,,1
2026-07-14T15:24:55.485+0000,86601,3,"[""ids"", ""suricata""]",Suricata: Alert - SURICATA STREAM 3way handshake excessive different SYNs,002,CibleWazuh,,,/var/log/suricata/eve.json,,0,,,1
2026-07-14T15:31:10.494+0000,86601,3,"[""ids"", ""suricata""]",Suricata: Alert - SURICATA STREAM 3way handshake excessive different SYNs,002,CibleWazuh,,,/var/log/suricata/eve.json,,0,,,1
2026-07-14T15:25:13.287+0000,86601,3,"[""ids"", ""suricata""]",Suricata: Alert - SURICATA STREAM 3way handshake excessive different SYNs,002,CibleWazuh,,,/var/log/suricata/eve.json,,0,,,1
2026-07-14T15:27:54.013+0000,86601,3,"[""ids"", ""suricata""]",Suricata: Alert - SURICATA STREAM 3way handshake excessive different SYNs,002,CibleWazuh,,,/var/log/suricata/eve.json,,0,,,1
2026-07-14T15:27:43.112+0000,86601,3,"[""ids"", ""suricata""]",Suricata: Alert - SURICATA STREAM 3way handshake excessive different SYNs,002,CibleWazuh,,,/var/log/suricata/eve.json,,0,,,1
2026-07-14T15:25:34.534+0000,86601,3,"[""ids"", ""suricata""]",Suricata: Alert - SURICATA STREAM 3way handshake excessive different SYNs,002,CibleWazuh,,,/var/log/suricata/eve.json,,0,,,1
2026-07-14T15:25:10.582+0000,86601,3,"[""ids"", ""suricata""]",Suricata: Alert - SURICATA STREAM 3way handshake excessive different SYNs,002,CibleWazuh,,,/var/log/suricata/eve.json,,0,,,1
2026-07-14T15:25:38.703+0000,86601,3,"[""ids"", ""suricata""]",Suricata: Alert - SURICATA STREAM 3way handshake excessive different SYNs,002,CibleWazuh,,,/var/log/suricata/eve.json,,0,,,1
2026-07-14T15:24:56.095+0000,86601,3,"[""ids"", ""suricata""]",Suricata: Alert - SURICATA STREAM 3way handshake excessive different SYNs,002,CibleWazuh,,,/var/log/suricata/eve.json,,0,,,1
2026-07-14T15:25:38.168+0000,86601,3,"[""ids"", ""suricata""]",Suricata: Alert - SURICATA STREAM 3way handshake excessive different SYNs,002,CibleWazuh,,,/var/log/suricata/eve.json,,0,,,1
2026-07-14T15:26:11.918+0000,86601,3,"[""ids"", ""suricata""]",Suricata: Alert - SURICATA STREAM 3way handshake excessive different SYNs,002,CibleWazuh,,,/var/log/suricata/eve.json,,0,,,1
2026-07-14T15:31:00.665+0000,86601,3,"[""ids"", ""suricata""]",Suricata: Alert - SURICATA STREAM 3way handshake excessive different SYNs,002,CibleWazuh,,,/var/log/suricata/eve.json,,0,,,1
2026-07-14T15:25:04.445+0000,86601,3,"[""ids"", ""suricata""]",Suricata: Alert - SURICATA STREAM 3way handshake excessive different SYNs,002,CibleWazuh,,,/var/log/suricata/eve.json,,0,,,1
2026-07-14T15:37:55.382+0000,86601,3,"[""ids"", ""suricata""]",Suricata: Alert - SURICATA STREAM 3way handshake excessive different SYNs,002,CibleWazuh,,,/var/log/suricata/eve.json,,0,,,1
2026-07-14T15:25:19.065+0000,86601,3,"[""ids"", ""suricata""]",Suricata: Alert - SURICATA STREAM 3way handshake excessive different SYNs,002,CibleWazuh,,,/var/log/suricata/eve.json,,0,,,1
2026-07-14T14:58:00.554+0000,5760,5,"[""syslog"", ""sshd"", ""authentication_failed""]",sshd: authentication failed.,002,CibleWazuh,192.168.30.10,vboxuser,journald,Jul 14 14:57:59 CibleWazuh sshd[12254]: Failed password for vboxuser from 192.168.30.10 port 42300 ssh2,1,TG-0030,malicious_bruteforce,0
2026-07-14T15:27:47.937+0000,86601,3,"[""ids"", ""suricata""]",Suricata: Alert - SURICATA STREAM 3way handshake excessive different SYNs,002,CibleWazuh,,,/var/log/suricata/eve.json,,0,,,1
2026-07-14T15:37:44.287+0000,86601,3,"[""ids"", ""suricata""]",Suricata: Alert - SURICATA STREAM 3way handshake excessive different SYNs,002,CibleWazuh,,,/var/log/suricata/eve.json,,0,,,1
2026-07-14T15:25:36.670+0000,86601,3,"[""ids"", ""suricata""]",Suricata: Alert - SURICATA STREAM 3way handshake excessive different SYNs,002,CibleWazuh,,,/var/log/suricata/eve.json,,0,,,1
2026-07-14T14:15:17.372+0000,5402,3,"[""syslog"", ""sudo""]",Successful sudo to ROOT executed.,002,CibleWazuh,,root,journald,Jul 14 14:15:17 CibleWazuh sudo[7370]: vboxuser : PWD=/home/vboxuser/wazuh-test/traffic-generator ; USER=root ; COMMAND=/usr/bin/python3 main.py --duration 60,0,,,0
2026-07-14T15:38:02.345+0000,86601,3,"[""ids"", ""suricata""]",Suricata: Alert - SURICATA STREAM 3way handshake excessive different SYNs,002,CibleWazuh,,,/var/log/suricata/eve.json,,0,,,1
2026-07-14T15:27:43.164+0000,86601,3,"[""ids"", ""suricata""]",Suricata: Alert - SURICATA STREAM 3way handshake excessive different SYNs,002,CibleWazuh,,,/var/log/suricata/eve.json,,0,,,1
2026-07-14T15:25:23.852+0000,86601,3,"[""ids"", ""suricata""]",Suricata: Alert - SURICATA STREAM 3way handshake excessive different SYNs,002,CibleWazuh,,,/var/log/suricata/eve.json,,0,,,1
2026-07-14T15:25:40.416+0000,86601,3,"[""ids"", ""suricata""]",Suricata: Alert - SURICATA STREAM 3way handshake excessive different SYNs,002,CibleWazuh,,,/var/log/suricata/eve.json,,0,,,1
2026-07-14T15:27:45.264+0000,86601,3,"[""ids"", ""suricata""]",Suricata: Alert - SURICATA STREAM 3way handshake excessive different SYNs,002,CibleWazuh,,,/var/log/suricata/eve.json,,0,,,1
2026-07-14T15:18:11.030+0000,86601,3,"[""ids"", ""suricata""]",Suricata: Alert - ET SCAN NMAP SYN scan -sS,002,CibleWazuh,,,/var/log/suricata/eve.json,,1,PARROT-NMAP-01,malicious_nmap,1
2026-07-14T15:25:12.199+0000,86601,3,"[""ids"", ""suricata""]",Suricata: Alert - SURICATA STREAM 3way handshake excessive different SYNs,002,CibleWazuh,,,/var/log/suricata/eve.json,,0,,,1
2026-07-14T15:25:06.449+0000,86601,3,"[""ids"", ""suricata""]",Suricata: Alert - SURICATA STREAM 3way handshake excessive different SYNs,002,CibleWazuh,,,/var/log/suricata/eve.json,,0,,,1
2026-07-14T15:25:30.982+0000,86601,3,"[""ids"", ""suricata""]",Suricata: Alert - SURICATA STREAM 3way handshake excessive different SYNs,002,CibleWazuh,,,/var/log/suricata/eve.json,,0,,,1
2026-07-14T15:37:54.027+0000,86601,3,"[""ids"", ""suricata""]",Suricata: Alert - SURICATA STREAM 3way handshake excessive different SYNs,002,CibleWazuh,,,/var/log/suricata/eve.json,,0,,,1
2026-07-14T15:31:01.026+0000,86601,3,"[""ids"", ""suricata""]",Suricata: Alert - SURICATA STREAM 3way handshake excessive different SYNs,002,CibleWazuh,,,/var/log/suricata/eve.json,,0,,,1
2026-07-14T15:25:40.532+0000,86601,3,"[""ids"", ""suricata""]",Suricata: Alert - SURICATA STREAM 3way handshake excessive different SYNs,002,CibleWazuh,,,/var/log/suricata/eve.json,,0,,,1
2026-07-14T15:25:28.957+0000,86601,3,"[""ids"", ""suricata""]",Suricata: Alert - SURICATA STREAM 3way handshake excessive different SYNs,002,CibleWazuh,,,/var/log/suricata/eve.json,,0,,,1
2026-07-14T15:31:08.819+0000,86601,3,"[""ids"", ""suricata""]",Suricata: Alert - SURICATA STREAM 3way handshake excessive different SYNs,002,CibleWazuh,,,/var/log/suricata/eve.json,,0,,,1
2026-07-14T15:26:17.635+0000,86601,3,"[""ids"", ""suricata""]",Suricata: Alert - SURICATA STREAM 3way handshake excessive different SYNs,002,CibleWazuh,,,/var/log/suricata/eve.json,,0,,,1
2026-07-14T15:24:53.700+0000,86601,3,"[""ids"", ""suricata""]",Suricata: Alert - SURICATA STREAM 3way handshake excessive different SYNs,002,CibleWazuh,,,/var/log/suricata/eve.json,,0,,,1
2026-07-14T15:27:57.764+0000,86601,3,"[""ids"", ""suricata""]",Suricata: Alert - SURICATA STREAM 3way handshake excessive different SYNs,002,CibleWazuh,,,/var/log/suricata/eve.json,,0,,,1
2026-07-14T15:25:07.137+0000,86601,3,"[""ids"", ""suricata""]",Suricata: Alert - SURICATA STREAM 3way handshake excessive different SYNs,002,CibleWazuh,,,/var/log/suricata/eve.json,,0,,,1
2026-07-14T15:31:18.204+0000,86601,3,"[""ids"", ""suricata""]",Suricata: Alert - SURICATA STREAM 3way handshake excessive different SYNs,002,CibleWazuh,,,/var/log/suricata/eve.json,,0,,,1
2026-07-14T15:27:52.304+0000,86601,3,"[""ids"", ""suricata""]",Suricata: Alert - SURICATA STREAM 3way handshake excessive different SYNs,002,CibleWazuh,,,/var/log/suricata/eve.json,,0,,,1
2026-07-14T15:27:50.928+0000,86601,3,"[""ids"", ""suricata""]",Suricata: Alert - SURICATA STREAM 3way handshake excessive different SYNs,002,CibleWazuh,,,/var/log/suricata/eve.json,,0,,,1
2026-07-14T15:20:16.571+0000,204,12,"[""wazuh"", ""agent_flooding""]",Agent event queue is flooded. Check the agent configuration.,002,CibleWazuh,,,wazuh-agent,wazuh: Agent buffer: 'flooded'.,1,PARROT-HYDRA-01,malicious_bruteforce,0
2026-07-14T15:25:39.570+0000,86601,3,"[""ids"", ""suricata""]",Suricata: Alert - SURICATA STREAM 3way handshake excessive different SYNs,002,CibleWazuh,,,/var/log/suricata/eve.json,,0,,,1
2026-07-14T15:25:01.669+0000,86601,3,"[""ids"", ""suricata""]",Suricata: Alert - SURICATA STREAM 3way handshake excessive different SYNs,002,CibleWazuh,,,/var/log/suricata/eve.json,,0,,,1
2026-07-14T15:27:51.816+0000,86601,3,"[""ids"", ""suricata""]",Suricata: Alert - SURICATA STREAM 3way handshake excessive different SYNs,002,CibleWazuh,,,/var/log/suricata/eve.json,,0,,,1
2026-07-14T15:25:03.114+0000,86601,3,"[""ids"", ""suricata""]",Suricata: Alert - SURICATA STREAM 3way handshake excessive different SYNs,002,CibleWazuh,,,/var/log/suricata/eve.json,,0,,,1
2026-07-14T15:30:52.138+0000,86601,3,"[""ids"", ""suricata""]",Suricata: Alert - SURICATA STREAM 3way handshake excessive different SYNs,002,CibleWazuh,,,/var/log/suricata/eve.json,,0,,,1
2026-07-14T15:25:04.591+0000,86601,3,"[""ids"", ""suricata""]",Suricata: Alert - SURICATA STREAM 3way handshake excessive different SYNs,002,CibleWazuh,,,/var/log/suricata/eve.json,,0,,,1
2026-07-14T15:25:34.069+0000,86601,3,"[""ids"", ""suricata""]",Suricata: Alert - SURICATA STREAM 3way handshake excessive different SYNs,002,CibleWazuh,,,/var/log/suricata/eve.json,,0,,,1
2026-07-14T15:27:53.839+0000,86601,3,"[""ids"", ""suricata""]",Suricata: Alert - SURICATA STREAM 3way handshake excessive different SYNs,002,CibleWazuh,,,/var/log/suricata/eve.json,,0,,,1
2026-07-14T15:25:33.066+0000,86601,3,"[""ids"", ""suricata""]",Suricata: Alert - SURICATA STREAM 3way handshake excessive different SYNs,002,CibleWazuh,,,/var/log/suricata/eve.json,,0,,,1
2026-07-14T15:25:14.871+0000,86601,3,"[""ids"", ""suricata""]",Suricata: Alert - SURICATA STREAM 3way handshake excessive different SYNs,002,CibleWazuh,,,/var/log/suricata/eve.json,,0,,,1
2026-07-14T15:25:30.041+0000,86601,3,"[""ids"", ""suricata""]",Suricata: Alert - SURICATA STREAM 3way handshake excessive different SYNs,002,CibleWazuh,,,/var/log/suricata/eve.json,,0,,,1
2026-07-14T15:27:43.038+0000,86601,3,"[""ids"", ""suricata""]",Suricata: Alert - SURICATA STREAM 3way handshake excessive different SYNs,002,CibleWazuh,,,/var/log/suricata/eve.json,,0,,,1
2026-07-14T15:31:15.939+0000,86601,3,"[""ids"", ""suricata""]",Suricata: Alert - SURICATA STREAM 3way handshake excessive different SYNs,002,CibleWazuh,,,/var/log/suricata/eve.json,,0,,,1
2026-07-14T15:25:35.288+0000,86601,3,"[""ids"", ""suricata""]",Suricata: Alert - SURICATA STREAM 3way handshake excessive different SYNs,002,CibleWazuh,,,/var/log/suricata/eve.json,,0,,,1
2026-07-14T15:37:56.718+0000,86601,3,"[""ids"", ""suricata""]",Suricata: Alert - SURICATA STREAM 3way handshake excessive different SYNs,002,CibleWazuh,,,/var/log/suricata/eve.json,,0,,,1
2026-07-14T15:26:22.143+0000,86601,3,"[""ids"", ""suricata""]",Suricata: Alert - SURICATA STREAM 3way handshake excessive different SYNs,002,CibleWazuh,,,/var/log/suricata/eve.json,,0,,,1
2026-07-14T15:30:56.447+0000,86601,3,"[""ids"", ""suricata""]",Suricata: Alert - SURICATA STREAM 3way handshake excessive different SYNs,002,CibleWazuh,,,/var/log/suricata/eve.json,,0,,,1
2026-07-14T15:26:15.710+0000,86601,3,"[""ids"", ""suricata""]",Suricata: Alert - SURICATA STREAM 3way handshake excessive different SYNs,002,CibleWazuh,,,/var/log/suricata/eve.json,,0,,,1
2026-07-14T15:26:16.365+0000,86601,3,"[""ids"", ""suricata""]",Suricata: Alert - SURICATA STREAM 3way handshake excessive different SYNs,002,CibleWazuh,,,/var/log/suricata/eve.json,,0,,,1
2026-07-14T15:26:23.399+0000,86601,3,"[""ids"", ""suricata""]",Suricata: Alert - SURICATA STREAM 3way handshake excessive different SYNs,002,CibleWazuh,,,/var/log/suricata/eve.json,,0,,,1
2026-07-14T15:31:01.850+0000,86601,3,"[""ids"", ""suricata""]",Suricata: Alert - SURICATA STREAM 3way handshake excessive different SYNs,002,CibleWazuh,,,/var/log/suricata/eve.json,,0,,,1
2026-07-14T15:30:50.140+0000,86601,3,"[""ids"", ""suricata""]",Suricata: Alert - SURICATA STREAM 3way handshake excessive different SYNs,002,CibleWazuh,,,/var/log/suricata/eve.json,,0,,,1
2026-07-14T15:26:15.051+0000,86601,3,"[""ids"", ""suricata""]",Suricata: Alert - SURICATA STREAM 3way handshake excessive different SYNs,002,CibleWazuh,,,/var/log/suricata/eve.json,,0,,,1
2026-07-14T15:37:45.044+0000,86601,3,"[""ids"", ""suricata""]",Suricata: Alert - SURICATA STREAM 3way handshake excessive different SYNs,002,CibleWazuh,,,/var/log/suricata/eve.json,,0,,,1
2026-07-14T15:26:28.129+0000,86601,3,"[""ids"", ""suricata""]",Suricata: Alert - SURICATA STREAM 3way handshake excessive different SYNs,002,CibleWazuh,,,/var/log/suricata/eve.json,,0,,,1
2026-07-14T15:25:28.554+0000,86601,3,"[""ids"", ""suricata""]",Suricata: Alert - SURICATA STREAM 3way handshake excessive different SYNs,002,CibleWazuh,,,/var/log/suricata/eve.json,,0,,,1
2026-07-14T15:37:43.777+0000,86601,3,"[""ids"", ""suricata""]",Suricata: Alert - SURICATA STREAM 3way handshake excessive different SYNs,002,CibleWazuh,,,/var/log/suricata/eve.json,,0,,,1
2026-07-14T15:18:23.026+0000,86601,3,"[""ids"", ""suricata""]",Suricata: Alert - ET SCAN Port scan detected,002,CibleWazuh,,,/var/log/suricata/eve.json,,1,PARROT-HPING-01,malicious_dos_flood,1
2026-07-14T15:25:16.163+0000,86601,3,"[""ids"", ""suricata""]",Suricata: Alert - SURICATA STREAM 3way handshake excessive different SYNs,002,CibleWazuh,,,/var/log/suricata/eve.json,,0,,,1
2026-07-14T15:26:25.970+0000,86601,3,"[""ids"", ""suricata""]",Suricata: Alert - SURICATA STREAM 3way handshake excessive different SYNs,002,CibleWazuh,,,/var/log/suricata/eve.json,,0,,,1
2026-07-14T15:31:08.503+0000,86601,3,"[""ids"", ""suricata""]",Suricata: Alert - SURICATA STREAM 3way handshake excessive different SYNs,002,CibleWazuh,,,/var/log/suricata/eve.json,,0,,,1
2026-07-14T15:26:25.880+0000,86601,3,"[""ids"", ""suricata""]",Suricata: Alert - SURICATA STREAM 3way handshake excessive different SYNs,002,CibleWazuh,,,/var/log/suricata/eve.json,,0,,,1
2026-07-14T15:26:10.724+0000,86601,3,"[""ids"", ""suricata""]",Suricata: Alert - SURICATA STREAM 3way handshake excessive different SYNs,002,CibleWazuh,,,/var/log/suricata/eve.json,,0,,,1
2026-07-14T15:25:33.357+0000,86601,3,"[""ids"", ""suricata""]",Suricata: Alert - SURICATA STREAM 3way handshake excessive different SYNs,002,CibleWazuh,,,/var/log/suricata/eve.json,,0,,,1
2026-07-14T13:57:16.425+0000,5501,3,"[""pam"", ""syslog"", ""authentication_success""]",PAM: Login session opened.,002,CibleWazuh,,root,journald,Jul 14 13:57:15 CibleWazuh sudo[5003]: pam_unix(sudo:session): session opened for user root(uid=0) by (uid=1000),0,,,0
2026-07-14T14:18:37.382+0000,5760,5,"[""syslog"", ""sshd"", ""authentication_failed""]",sshd: authentication failed.,002,CibleWazuh,192.168.30.10,vboxuser,journald,Jul 14 14:18:37 CibleWazuh sshd[8218]: Failed password for vboxuser from 192.168.30.10 port 54458 ssh2,1,TG-0002,malicious_bruteforce,0
2026-07-14T15:26:27.405+0000,86601,3,"[""ids"", ""suricata""]",Suricata: Alert - SURICATA STREAM 3way handshake excessive different SYNs,002,CibleWazuh,,,/var/log/suricata/eve.json,,0,,,1
2026-07-14T15:26:21.884+0000,86601,3,"[""ids"", ""suricata""]",Suricata: Alert - SURICATA STREAM 3way handshake excessive different SYNs,002,CibleWazuh,,,/var/log/suricata/eve.json,,0,,,1
2026-07-14T15:25:09.765+0000,86601,3,"[""ids"", ""suricata""]",Suricata: Alert - SURICATA STREAM 3way handshake excessive different SYNs,002,CibleWazuh,,,/var/log/suricata/eve.json,,0,,,1
2026-07-14T15:25:01.722+0000,86601,3,"[""ids"", ""suricata""]",Suricata: Alert - SURICATA STREAM 3way handshake excessive different SYNs,002,CibleWazuh,,,/var/log/suricata/eve.json,,0,,,1
2026-07-14T15:25:03.798+0000,86601,3,"[""ids"", ""suricata""]",Suricata: Alert - SURICATA STREAM 3way handshake excessive different SYNs,002,CibleWazuh,,,/var/log/suricata/eve.json,,0,,,1
2026-07-14T15:31:03.173+0000,86601,3,"[""ids"", ""suricata""]",Suricata: Alert - SURICATA STREAM 3way handshake excessive different SYNs,002,CibleWazuh,,,/var/log/suricata/eve.json,,0,,,1
2026-07-14T15:30:52.232+0000,86601,3,"[""ids"", ""suricata""]",Suricata: Alert - SURICATA STREAM 3way handshake excessive different SYNs,002,CibleWazuh,,,/var/log/suricata/eve.json,,0,,,1
2026-07-14T15:31:06.687+0000,86601,3,"[""ids"", ""suricata""]",Suricata: Alert - SURICATA STREAM 3way handshake excessive different SYNs,002,CibleWazuh,,,/var/log/suricata/eve.json,,0,,,1
2026-07-14T15:31:04.072+0000,86601,3,"[""ids"", ""suricata""]",Suricata: Alert - SURICATA STREAM 3way handshake excessive different SYNs,002,CibleWazuh,,,/var/log/suricata/eve.json,,0,,,1
2026-07-14T15:25:42.983+0000,86601,3,"[""ids"", ""suricata""]",Suricata: Alert - SURICATA STREAM 3way handshake excessive different SYNs,002,CibleWazuh,,,/var/log/suricata/eve.json,,0,,,1
2026-07-14T15:37:36.684+0000,86601,3,"[""ids"", ""suricata""]",Suricata: Alert - SURICATA STREAM 3way handshake excessive different SYNs,002,CibleWazuh,,,/var/log/suricata/eve.json,,0,,,1
2026-07-14T15:25:13.712+0000,86601,3,"[""ids"", ""suricata""]",Suricata: Alert - SURICATA STREAM 3way handshake excessive different SYNs,002,CibleWazuh,,,/var/log/suricata/eve.json,,0,,,1
2026-07-14T15:37:57.916+0000,86601,3,"[""ids"", ""suricata""]",Suricata: Alert - SURICATA STREAM 3way handshake excessive different SYNs,002,CibleWazuh,,,/var/log/suricata/eve.json,,0,,,1
2026-07-14T15:25:34.577+0000,86601,3,"[""ids"", ""suricata""]",Suricata: Alert - SURICATA STREAM 3way handshake excessive different SYNs,002,CibleWazuh,,,/var/log/suricata/eve.json,,0,,,1
2026-07-14T15:37:57.918+0000,86601,3,"[""ids"", ""suricata""]",Suricata: Alert - SURICATA STREAM 3way handshake excessive different SYNs,002,CibleWazuh,,,/var/log/suricata/eve.json,,0,,,1
2026-07-14T15:20:01.465+0000,203,9,"[""wazuh"", ""agent_flooding""]",Agent event queue is full. Events may be lost.,002,CibleWazuh,,,wazuh-agent,wazuh: Agent buffer: 'full'.,1,PARROT-HYDRA-01,malicious_bruteforce,0
2026-07-14T15:25:02.831+0000,86601,3,"[""ids"", ""suricata""]",Suricata: Alert - SURICATA STREAM 3way handshake excessive different SYNs,002,CibleWazuh,,,/var/log/suricata/eve.json,,0,,,1
2026-07-14T15:37:59.165+0000,86601,3,"[""ids"", ""suricata""]",Suricata: Alert - SURICATA STREAM 3way handshake excessive different SYNs,002,CibleWazuh,,,/var/log/suricata/eve.json,,0,,,1
2026-07-14T15:37:54.764+0000,86601,3,"[""ids"", ""suricata""]",Suricata: Alert - SURICATA STREAM 3way handshake excessive different SYNs,002,CibleWazuh,,,/var/log/suricata/eve.json,,0,,,1
2026-07-14T15:31:15.033+0000,86601,3,"[""ids"", ""suricata""]",Suricata: Alert - SURICATA STREAM 3way handshake excessive different SYNs,002,CibleWazuh,,,/var/log/suricata/eve.json,,0,,,1
2026-07-14T15:31:07.011+0000,86601,3,"[""ids"", ""suricata""]",Suricata: Alert - SURICATA STREAM 3way handshake excessive different SYNs,002,CibleWazuh,,,/var/log/suricata/eve.json,,0,,,1
2026-07-14T15:25:14.208+0000,86601,3,"[""ids"", ""suricata""]",Suricata: Alert - SURICATA STREAM 3way handshake excessive different SYNs,002,CibleWazuh,,,/var/log/suricata/eve.json,,0,,,1
2026-07-14T15:27:56.374+0000,86601,3,"[""ids"", ""suricata""]",Suricata: Alert - SURICATA STREAM 3way handshake excessive different SYNs,002,CibleWazuh,,,/var/log/suricata/eve.json,,0,,,1
2026-07-14T15:25:16.094+0000,86601,3,"[""ids"", ""suricata""]",Suricata: Alert - SURICATA STREAM 3way handshake excessive different SYNs,002,CibleWazuh,,,/var/log/suricata/eve.json,,0,,,1
2026-07-14T15:25:03.675+0000,86601,3,"[""ids"", ""suricata""]",Suricata: Alert - SURICATA STREAM 3way handshake excessive different SYNs,002,CibleWazuh,,,/var/log/suricata/eve.json,,0,,,1
2026-07-14T15:31:04.623+0000,86601,3,"[""ids"", ""suricata""]",Suricata: Alert - SURICATA STREAM 3way handshake excessive different SYNs,002,CibleWazuh,,,/var/log/suricata/eve.json,,0,,,1
2026-07-14T15:25:40.824+0000,86601,3,"[""ids"", ""suricata""]",Suricata: Alert - SURICATA STREAM 3way handshake excessive different SYNs,002,CibleWazuh,,,/var/log/suricata/eve.json,,0,,,1
2026-07-14T15:25:36.787+0000,86601,3,"[""ids"", ""suricata""]",Suricata: Alert - SURICATA STREAM 3way handshake excessive different SYNs,002,CibleWazuh,,,/var/log/suricata/eve.json,,0,,,1
2026-07-14T15:31:12.783+0000,86601,3,"[""ids"", ""suricata""]",Suricata: Alert - SURICATA STREAM 3way handshake excessive different SYNs,002,CibleWazuh,,,/var/log/suricata/eve.json,,0,,,1
2026-07-14T15:25:32.669+0000,86601,3,"[""ids"", ""suricata""]",Suricata: Alert - SURICATA STREAM 3way handshake excessive different SYNs,002,CibleWazuh,,,/var/log/suricata/eve.json,,0,,,1
2026-07-14T15:31:09.212+0000,86601,3,"[""ids"", ""suricata""]",Suricata: Alert - SURICATA STREAM 3way handshake excessive different SYNs,002,CibleWazuh,,,/var/log/suricata/eve.json,,0,,,1
2026-07-14T15:31:10.804+0000,86601,3,"[""ids"", ""suricata""]",Suricata: Alert - SURICATA STREAM 3way handshake excessive different SYNs,002,CibleWazuh,,,/var/log/suricata/eve.json,,0,,,1
2026-07-14T15:30:55.441+0000,86601,3,"[""ids"", ""suricata""]",Suricata: Alert - SURICATA STREAM 3way handshake excessive different SYNs,002,CibleWazuh,,,/var/log/suricata/eve.json,,0,,,1
2026-07-14T15:27:57.927+0000,86601,3,"[""ids"", ""suricata""]",Suricata: Alert - SURICATA STREAM 3way handshake excessive different SYNs,002,CibleWazuh,,,/var/log/suricata/eve.json,,0,,,1
2026-07-14T15:26:10.970+0000,86601,3,"[""ids"", ""suricata""]",Suricata: Alert - SURICATA STREAM 3way handshake excessive different SYNs,002,CibleWazuh,,,/var/log/suricata/eve.json,,0,,,1
2026-07-14T15:25:43.002+0000,86601,3,"[""ids"", ""suricata""]",Suricata: Alert - SURICATA STREAM 3way handshake excessive different SYNs,002,CibleWazuh,,,/var/log/suricata/eve.json,,0,,,1
2026-07-14T15:26:17.378+0000,86601,3,"[""ids"", ""suricata""]",Suricata: Alert - SURICATA STREAM 3way handshake excessive different SYNs,002,CibleWazuh,,,/var/log/suricata/eve.json,,0,,,1
2026-07-14T15:27:46.317+0000,86601,3,"[""ids"", ""suricata""]",Suricata: Alert - SURICATA STREAM 3way handshake excessive different SYNs,002,CibleWazuh,,,/var/log/suricata/eve.json,,0,,,1
2026-07-14T15:27:41.915+0000,86601,3,"[""ids"", ""suricata""]",Suricata: Alert - SURICATA STREAM 3way handshake excessive different SYNs,002,CibleWazuh,,,/var/log/suricata/eve.json,,0,,,1
2026-07-14T15:31:06.077+0000,86601,3,"[""ids"", ""suricata""]",Suricata: Alert - SURICATA STREAM 3way handshake excessive different SYNs,002,CibleWazuh,,,/var/log/suricata/eve.json,,0,,,1
2026-07-14T15:37:54.796+0000,86601,3,"[""ids"", ""suricata""]",Suricata: Alert - SURICATA STREAM 3way handshake excessive different SYNs,002,CibleWazuh,,,/var/log/suricata/eve.json,,0,,,1
2026-07-14T15:27:52.088+0000,86601,3,"[""ids"", ""suricata""]",Suricata: Alert - SURICATA STREAM 3way handshake excessive different SYNs,002,CibleWazuh,,,/var/log/suricata/eve.json,,0,,,1
2026-07-14T15:37:56.655+0000,86601,3,"[""ids"", ""suricata""]",Suricata: Alert - SURICATA STREAM 3way handshake excessive different SYNs,002,CibleWazuh,,,/var/log/suricata/eve.json,,0,,,1
2026-07-14T15:25:22.826+0000,86601,3,"[""ids"", ""suricata""]",Suricata: Alert - SURICATA STREAM 3way handshake excessive different SYNs,002,CibleWazuh,,,/var/log/suricata/eve.json,,0,,,1
2026-07-14T15:25:29.873+0000,86601,3,"[""ids"", ""suricata""]",Suricata: Alert - SURICATA STREAM 3way handshake excessive different SYNs,002,CibleWazuh,,,/var/log/suricata/eve.json,,0,,,1
2026-07-14T15:30:54.188+0000,86601,3,"[""ids"", ""suricata""]",Suricata: Alert - SURICATA STREAM 3way handshake excessive different SYNs,002,CibleWazuh,,,/var/log/suricata/eve.json,,0,,,1
2026-07-14T15:25:36.727+0000,86601,3,"[""ids"", ""suricata""]",Suricata: Alert - SURICATA STREAM 3way handshake excessive different SYNs,002,CibleWazuh,,,/var/log/suricata/eve.json,,0,,,1
2026-07-14T15:30:59.501+0000,86601,3,"[""ids"", ""suricata""]",Suricata: Alert - SURICATA STREAM 3way handshake excessive different SYNs,002,CibleWazuh,,,/var/log/suricata/eve.json,,0,,,1
2026-07-14T15:26:24.454+0000,86601,3,"[""ids"", ""suricata""]",Suricata: Alert - SURICATA STREAM 3way handshake excessive different SYNs,002,CibleWazuh,,,/var/log/suricata/eve.json,,0,,,1
2026-07-14T15:26:26.332+0000,86601,3,"[""ids"", ""suricata""]",Suricata: Alert - SURICATA STREAM 3way handshake excessive different SYNs,002,CibleWazuh,,,/var/log/suricata/eve.json,,0,,,1
2026-07-14T15:31:17.610+0000,86601,3,"[""ids"", ""suricata""]",Suricata: Alert - SURICATA STREAM 3way handshake excessive different SYNs,002,CibleWazuh,,,/var/log/suricata/eve.json,,0,,,1
2026-07-14T15:30:52.345+0000,86601,3,"[""ids"", ""suricata""]",Suricata: Alert - SURICATA STREAM 3way handshake excessive different SYNs,002,CibleWazuh,,,/var/log/suricata/eve.json,,0,,,1
2026-07-14T15:27:54.827+0000,86601,3,"[""ids"", ""suricata""]",Suricata: Alert - SURICATA STREAM 3way handshake excessive different SYNs,002,CibleWazuh,,,/var/log/suricata/eve.json,,0,,,1
2026-07-14T15:25:00.947+0000,86601,3,"[""ids"", ""suricata""]",Suricata: Alert - SURICATA STREAM 3way handshake excessive different SYNs,002,CibleWazuh,,,/var/log/suricata/eve.json,,0,,,1
2026-07-14T15:25:21.996+0000,86601,3,"[""ids"", ""suricata""]",Suricata: Alert - SURICATA STREAM 3way handshake excessive different SYNs,002,CibleWazuh,,,/var/log/suricata/eve.json,,0,,,1
2026-07-14T15:25:41.337+0000,86601,3,"[""ids"", ""suricata""]",Suricata: Alert - SURICATA STREAM 3way handshake excessive different SYNs,002,CibleWazuh,,,/var/log/suricata/eve.json,,0,,,1
2026-07-14T15:25:16.857+0000,86601,3,"[""ids"", ""suricata""]",Suricata: Alert - SURICATA STREAM 3way handshake excessive different SYNs,002,CibleWazuh,,,/var/log/suricata/eve.json,,0,,,1
2026-07-14T15:30:57.766+0000,86601,3,"[""ids"", ""suricata""]",Suricata: Alert - SURICATA STREAM 3way handshake excessive different SYNs,002,CibleWazuh,,,/var/log/suricata/eve.json,,0,,,1
2026-07-14T15:37:55.322+0000,205,3,"[""wazuh"", ""agent_flooding""]",Agent event queue is back to normal load.,002,CibleWazuh,,,wazuh-agent,wazuh: Agent buffer: 'normal'.,0,,,0
2026-07-14T15:25:03.430+0000,86601,3,"[""ids"", ""suricata""]",Suricata: Alert - SURICATA STREAM 3way handshake excessive different SYNs,002,CibleWazuh,,,/var/log/suricata/eve.json,,0,,,1
2026-07-14T15:38:00.491+0000,86601,3,"[""ids"", ""suricata""]",Suricata: Alert - SURICATA STREAM 3way handshake excessive different SYNs,002,CibleWazuh,,,/var/log/suricata/eve.json,,0,,,1
2026-07-14T15:34:42.612+0000,86601,3,"[""ids"", ""suricata""]",Suricata: Alert - ET SCAN NMAP SYN scan -sS,002,CibleWazuh,,,/var/log/suricata/eve.json,,0,,,1
2026-07-14T15:27:41.543+0000,86601,3,"[""ids"", ""suricata""]",Suricata: Alert - SURICATA STREAM 3way handshake excessive different SYNs,002,CibleWazuh,,,/var/log/suricata/eve.json,,0,,,1
2026-07-14T15:38:00.020+0000,86601,3,"[""ids"", ""suricata""]",Suricata: Alert - SURICATA STREAM 3way handshake excessive different SYNs,002,CibleWazuh,,,/var/log/suricata/eve.json,,0,,,1
2026-07-14T15:25:35.252+0000,86601,3,"[""ids"", ""suricata""]",Suricata: Alert - SURICATA STREAM 3way handshake excessive different SYNs,002,CibleWazuh,,,/var/log/suricata/eve.json,,0,,,1
2026-07-14T15:31:10.362+0000,86601,3,"[""ids"", ""suricata""]",Suricata: Alert - SURICATA STREAM 3way handshake excessive different SYNs,002,CibleWazuh,,,/var/log/suricata/eve.json,,0,,,1
2026-07-14T14:58:00.559+0000,5760,5,"[""syslog"", ""sshd"", ""authentication_failed""]",sshd: authentication failed.,002,CibleWazuh,192.168.30.10,vboxuser,journald,Jul 14 14:57:59 CibleWazuh sshd[12253]: Failed password for vboxuser from 192.168.30.10 port 42292 ssh2,1,TG-0030,malicious_bruteforce,0
2026-07-14T15:27:55.295+0000,86601,3,"[""ids"", ""suricata""]",Suricata: Alert - SURICATA STREAM 3way handshake excessive different SYNs,002,CibleWazuh,,,/var/log/suricata/eve.json,,0,,,1
2026-07-14T15:24:56.566+0000,86601,3,"[""ids"", ""suricata""]",Suricata: Alert - SURICATA STREAM 3way handshake excessive different SYNs,002,CibleWazuh,,,/var/log/suricata/eve.json,,0,,,1
2026-07-14T15:25:30.248+0000,86601,3,"[""ids"", ""suricata""]",Suricata: Alert - SURICATA STREAM 3way handshake excessive different SYNs,002,CibleWazuh,,,/var/log/suricata/eve.json,,0,,,1
2026-07-14T14:18:37.377+0000,5760,5,"[""syslog"", ""sshd"", ""authentication_failed""]",sshd: authentication failed.,002,CibleWazuh,192.168.30.10,vboxuser,journald,Jul 14 14:18:37 CibleWazuh sshd[8215]: Failed password for vboxuser from 192.168.30.10 port 54428 ssh2,1,TG-0002,malicious_bruteforce,0
2026-07-14T15:27:47.009+0000,86601,3,"[""ids"", ""suricata""]",Suricata: Alert - SURICATA STREAM 3way handshake excessive different SYNs,002,CibleWazuh,,,/var/log/suricata/eve.json,,0,,,1
2026-07-14T15:37:55.689+0000,86601,3,"[""ids"", ""suricata""]",Suricata: Alert - SURICATA STREAM 3way handshake excessive different SYNs,002,CibleWazuh,,,/var/log/suricata/eve.json,,0,,,1
2026-07-14T15:26:11.875+0000,86601,3,"[""ids"", ""suricata""]",Suricata: Alert - SURICATA STREAM 3way handshake excessive different SYNs,002,CibleWazuh,,,/var/log/suricata/eve.json,,0,,,1
2026-07-14T15:31:16.321+0000,86601,3,"[""ids"", ""suricata""]",Suricata: Alert - SURICATA STREAM 3way handshake excessive different SYNs,002,CibleWazuh,,,/var/log/suricata/eve.json,,0,,,1
2026-07-14T15:25:09.574+0000,86601,3,"[""ids"", ""suricata""]",Suricata: Alert - SURICATA STREAM 3way handshake excessive different SYNs,002,CibleWazuh,,,/var/log/suricata/eve.json,,0,,,1
2026-07-14T15:30:59.043+0000,86601,3,"[""ids"", ""suricata""]",Suricata: Alert - SURICATA STREAM 3way handshake excessive different SYNs,002,CibleWazuh,,,/var/log/suricata/eve.json,,0,,,1
2026-07-14T15:25:12.327+0000,86601,3,"[""ids"", ""suricata""]",Suricata: Alert - SURICATA STREAM 3way handshake excessive different SYNs,002,CibleWazuh,,,/var/log/suricata/eve.json,,0,,,1
2026-07-14T15:18:15.033+0000,86601,3,"[""ids"", ""suricata""]",Suricata: Alert - ET SCAN NMAP OS fingerprint,002,CibleWazuh,,,/var/log/suricata/eve.json,,1,PARROT-HPING-01,malicious_dos_flood,1
2026-07-14T15:25:40.697+0000,86601,3,"[""ids"", ""suricata""]",Suricata: Alert - SURICATA STREAM 3way handshake excessive different SYNs,002,CibleWazuh,,,/var/log/suricata/eve.json,,0,,,1
2026-07-14T15:31:10.520+0000,86601,3,"[""ids"", ""suricata""]",Suricata: Alert - SURICATA STREAM 3way handshake excessive different SYNs,002,CibleWazuh,,,/var/log/suricata/eve.json,,0,,,1
2026-07-14T15:25:42.006+0000,86601,3,"[""ids"", ""suricata""]",Suricata: Alert - SURICATA STREAM 3way handshake excessive different SYNs,002,CibleWazuh,,,/var/log/suricata/eve.json,,0,,,1
2026-07-14T15:37:58.888+0000,86601,3,"[""ids"", ""suricata""]",Suricata: Alert - SURICATA STREAM 3way handshake excessive different SYNs,002,CibleWazuh,,,/var/log/suricata/eve.json,,0,,,1
2026-07-14T15:37:42.900+0000,86601,3,"[""ids"", ""suricata""]",Suricata: Alert - SURICATA STREAM 3way handshake excessive different SYNs,002,CibleWazuh,,,/var/log/suricata/eve.json,,0,,,1
2026-07-14T15:26:12.254+0000,86601,3,"[""ids"", ""suricata""]",Suricata: Alert - SURICATA STREAM 3way handshake excessive different SYNs,002,CibleWazuh,,,/var/log/suricata/eve.json,,0,,,1
2026-07-14T15:26:24.158+0000,86601,3,"[""ids"", ""suricata""]",Suricata: Alert - SURICATA STREAM 3way handshake excessive different SYNs,002,CibleWazuh,,,/var/log/suricata/eve.json,,0,,,1
2026-07-14T15:37:54.281+0000,86601,3,"[""ids"", ""suricata""]",Suricata: Alert - SURICATA STREAM 3way handshake excessive different SYNs,002,CibleWazuh,,,/var/log/suricata/eve.json,,0,,,1
2026-07-14T15:38:00.421+0000,86601,3,"[""ids"", ""suricata""]",Suricata: Alert - SURICATA STREAM 3way handshake excessive different SYNs,002,CibleWazuh,,,/var/log/suricata/eve.json,,0,,,1
2026-07-14T15:38:03.215+0000,86601,3,"[""ids"", ""suricata""]",Suricata: Alert - SURICATA STREAM 3way handshake excessive different SYNs,002,CibleWazuh,,,/var/log/suricata/eve.json,,0,,,1
2026-07-14T15:25:24.102+0000,86601,3,"[""ids"", ""suricata""]",Suricata: Alert - SURICATA STREAM 3way handshake excessive different SYNs,002,CibleWazuh,,,/var/log/suricata/eve.json,,0,,,1
2026-07-14T15:31:03.039+0000,86601,3,"[""ids"", ""suricata""]",Suricata: Alert - SURICATA STREAM 3way handshake excessive different SYNs,002,CibleWazuh,,,/var/log/suricata/eve.json,,0,,,1
2026-07-14T15:27:48.080+0000,86601,3,"[""ids"", ""suricata""]",Suricata: Alert - SURICATA STREAM 3way handshake excessive different SYNs,002,CibleWazuh,,,/var/log/suricata/eve.json,,0,,,1
2026-07-14T15:38:00.951+0000,86601,3,"[""ids"", ""suricata""]",Suricata: Alert - SURICATA STREAM 3way handshake excessive different SYNs,002,CibleWazuh,,,/var/log/suricata/eve.json,,0,,,1
2026-07-14T15:37:42.657+0000,86601,3,"[""ids"", ""suricata""]",Suricata: Alert - SURICATA STREAM 3way handshake excessive different SYNs,002,CibleWazuh,,,/var/log/suricata/eve.json,,0,,,1
2026-07-14T15:25:03.883+0000,86601,3,"[""ids"", ""suricata""]",Suricata: Alert - SURICATA STREAM 3way handshake excessive different SYNs,002,CibleWazuh,,,/var/log/suricata/eve.json,,0,,,1
2026-07-14T15:24:56.749+0000,86601,3,"[""ids"", ""suricata""]",Suricata: Alert - SURICATA STREAM 3way handshake excessive different SYNs,002,CibleWazuh,,,/var/log/suricata/eve.json,,0,,,1
2026-07-14T15:24:59.666+0000,86601,3,"[""ids"", ""suricata""]",Suricata: Alert - SURICATA STREAM 3way handshake excessive different SYNs,002,CibleWazuh,,,/var/log/suricata/eve.json,,0,,,1
2026-07-14T15:31:09.004+0000,86601,3,"[""ids"", ""suricata""]",Suricata: Alert - SURICATA STREAM 3way handshake excessive different SYNs,002,CibleWazuh,,,/var/log/suricata/eve.json,,0,,,1
2026-07-14T15:25:05.072+0000,86601,3,"[""ids"", ""suricata""]",Suricata: Alert - SURICATA STREAM 3way handshake excessive different SYNs,002,CibleWazuh,,,/var/log/suricata/eve.json,,0,,,1
2026-07-14T15:37:57.914+0000,86601,3,"[""ids"", ""suricata""]",Suricata: Alert - SURICATA STREAM 3way handshake excessive different SYNs,002,CibleWazuh,,,/var/log/suricata/eve.json,,0,,,1
2026-07-14T15:26:20.268+0000,86601,3,"[""ids"", ""suricata""]",Suricata: Alert - SURICATA STREAM 3way handshake excessive different SYNs,002,CibleWazuh,,,/var/log/suricata/eve.json,,0,,,1
2026-07-14T15:31:10.216+0000,86601,3,"[""ids"", ""suricata""]",Suricata: Alert - SURICATA STREAM 3way handshake excessive different SYNs,002,CibleWazuh,,,/var/log/suricata/eve.json,,0,,,1
2026-07-14T15:31:08.306+0000,86601,3,"[""ids"", ""suricata""]",Suricata: Alert - SURICATA STREAM 3way handshake excessive different SYNs,002,CibleWazuh,,,/var/log/suricata/eve.json,,0,,,1
2026-07-14T15:27:49.028+0000,86601,3,"[""ids"", ""suricata""]",Suricata: Alert - SURICATA STREAM 3way handshake excessive different SYNs,002,CibleWazuh,,,/var/log/suricata/eve.json,,0,,,1
2026-07-14T15:27:43.999+0000,86601,3,"[""ids"", ""suricata""]",Suricata: Alert - SURICATA STREAM 3way handshake excessive different SYNs,002,CibleWazuh,,,/var/log/suricata/eve.json,,0,,,1
2026-07-14T15:25:06.645+0000,86601,3,"[""ids"", ""suricata""]",Suricata: Alert - SURICATA STREAM 3way handshake excessive different SYNs,002,CibleWazuh,,,/var/log/suricata/eve.json,,0,,,1
2026-07-14T15:38:00.336+0000,86601,3,"[""ids"", ""suricata""]",Suricata: Alert - SURICATA STREAM 3way handshake excessive different SYNs,002,CibleWazuh,,,/var/log/suricata/eve.json,,0,,,1
2026-07-14T15:25:26.451+0000,86601,3,"[""ids"", ""suricata""]",Suricata: Alert - SURICATA STREAM 3way handshake excessive different SYNs,002,CibleWazuh,,,/var/log/suricata/eve.json,,0,,,1
2026-07-14T15:31:16.169+0000,86601,3,"[""ids"", ""suricata""]",Suricata: Alert - SURICATA STREAM 3way handshake excessive different SYNs,002,CibleWazuh,,,/var/log/suricata/eve.json,,0,,,1
2026-07-14T15:26:10.699+0000,86601,3,"[""ids"", ""suricata""]",Suricata: Alert - SURICATA STREAM 3way handshake excessive different SYNs,002,CibleWazuh,,,/var/log/suricata/eve.json,,0,,,1
2026-07-14T15:25:41.599+0000,86601,3,"[""ids"", ""suricata""]",Suricata: Alert - SURICATA STREAM 3way handshake excessive different SYNs,002,CibleWazuh,,,/var/log/suricata/eve.json,,0,,,1
2026-07-14T15:31:01.263+0000,86601,3,"[""ids"", ""suricata""]",Suricata: Alert - SURICATA STREAM 3way handshake excessive different SYNs,002,CibleWazuh,,,/var/log/suricata/eve.json,,0,,,1
2026-07-14T15:31:13.116+0000,86601,3,"[""ids"", ""suricata""]",Suricata: Alert - SURICATA STREAM 3way handshake excessive different SYNs,002,CibleWazuh,,,/var/log/suricata/eve.json,,0,,,1
2026-07-14T15:26:28.266+0000,86601,3,"[""ids"", ""suricata""]",Suricata: Alert - SURICATA STREAM 3way handshake excessive different SYNs,002,CibleWazuh,,,/var/log/suricata/eve.json,,0,,,1
2026-07-14T15:25:15.511+0000,86601,3,"[""ids"", ""suricata""]",Suricata: Alert - SURICATA STREAM 3way handshake excessive different SYNs,002,CibleWazuh,,,/var/log/suricata/eve.json,,0,,,1
2026-07-14T15:30:57.622+0000,86601,3,"[""ids"", ""suricata""]",Suricata: Alert - SURICATA STREAM 3way handshake excessive different SYNs,002,CibleWazuh,,,/var/log/suricata/eve.json,,0,,,1
2026-07-14T15:31:02.030+0000,86601,3,"[""ids"", ""suricata""]",Suricata: Alert - SURICATA STREAM 3way handshake excessive different SYNs,002,CibleWazuh,,,/var/log/suricata/eve.json,,0,,,1
2026-07-14T15:25:33.606+0000,86601,3,"[""ids"", ""suricata""]",Suricata: Alert - SURICATA STREAM 3way handshake excessive different SYNs,002,CibleWazuh,,,/var/log/suricata/eve.json,,0,,,1
2026-07-14T15:27:55.017+0000,86601,3,"[""ids"", ""suricata""]",Suricata: Alert - SURICATA STREAM 3way handshake excessive different SYNs,002,CibleWazuh,,,/var/log/suricata/eve.json,,0,,,1
2026-07-14T15:26:13.291+0000,86601,3,"[""ids"", ""suricata""]",Suricata: Alert - SURICATA STREAM 3way handshake excessive different SYNs,002,CibleWazuh,,,/var/log/suricata/eve.json,,0,,,1
2026-07-14T15:27:56.311+0000,86601,3,"[""ids"", ""suricata""]",Suricata: Alert - SURICATA STREAM 3way handshake excessive different SYNs,002,CibleWazuh,,,/var/log/suricata/eve.json,,0,,,1
2026-07-14T15:25:12.561+0000,86601,3,"[""ids"", ""suricata""]",Suricata: Alert - SURICATA STREAM 3way handshake excessive different SYNs,002,CibleWazuh,,,/var/log/suricata/eve.json,,0,,,1
2026-07-14T15:25:12.544+0000,86601,3,"[""ids"", ""suricata""]",Suricata: Alert - SURICATA STREAM 3way handshake excessive different SYNs,002,CibleWazuh,,,/var/log/suricata/eve.json,,0,,,1
2026-07-14T15:25:30.742+0000,86601,3,"[""ids"", ""suricata""]",Suricata: Alert - SURICATA STREAM 3way handshake excessive different SYNs,002,CibleWazuh,,,/var/log/suricata/eve.json,,0,,,1
2026-07-14T15:31:02.543+0000,86601,3,"[""ids"", ""suricata""]",Suricata: Alert - SURICATA STREAM 3way handshake excessive different SYNs,002,CibleWazuh,,,/var/log/suricata/eve.json,,0,,,1
2026-07-14T15:31:18.024+0000,86601,3,"[""ids"", ""suricata""]",Suricata: Alert - SURICATA STREAM 3way handshake excessive different SYNs,002,CibleWazuh,,,/var/log/suricata/eve.json,,0,,,1
2026-07-14T15:27:45.261+0000,86601,3,"[""ids"", ""suricata""]",Suricata: Alert - SURICATA STREAM 3way handshake excessive different SYNs,002,CibleWazuh,,,/var/log/suricata/eve.json,,0,,,1
2026-07-14T15:30:55.026+0000,86601,3,"[""ids"", ""suricata""]",Suricata: Alert - SURICATA STREAM 3way handshake excessive different SYNs,002,CibleWazuh,,,/var/log/suricata/eve.json,,0,,,1
2026-07-14T15:25:15.010+0000,86601,3,"[""ids"", ""suricata""]",Suricata: Alert - SURICATA STREAM 3way handshake excessive different SYNs,002,CibleWazuh,,,/var/log/suricata/eve.json,,0,,,1
2026-07-14T15:25:32.449+0000,86601,3,"[""ids"", ""suricata""]",Suricata: Alert - SURICATA STREAM 3way handshake excessive different SYNs,002,CibleWazuh,,,/var/log/suricata/eve.json,,0,,,1
2026-07-14T15:25:41.474+0000,86601,3,"[""ids"", ""suricata""]",Suricata: Alert - SURICATA STREAM 3way handshake excessive different SYNs,002,CibleWazuh,,,/var/log/suricata/eve.json,,0,,,1
2026-07-14T15:27:55.825+0000,86601,3,"[""ids"", ""suricata""]",Suricata: Alert - SURICATA STREAM 3way handshake excessive different SYNs,002,CibleWazuh,,,/var/log/suricata/eve.json,,0,,,1
2026-07-14T15:26:21.375+0000,86601,3,"[""ids"", ""suricata""]",Suricata: Alert - SURICATA STREAM 3way handshake excessive different SYNs,002,CibleWazuh,,,/var/log/suricata/eve.json,,0,,,1
2026-07-14T15:25:10.301+0000,86601,3,"[""ids"", ""suricata""]",Suricata: Alert - SURICATA STREAM 3way handshake excessive different SYNs,002,CibleWazuh,,,/var/log/suricata/eve.json,,0,,,1
2026-07-14T15:25:35.820+0000,86601,3,"[""ids"", ""suricata""]",Suricata: Alert - SURICATA STREAM 3way handshake excessive different SYNs,002,CibleWazuh,,,/var/log/suricata/eve.json,,0,,,1
2026-07-14T15:37:53.097+0000,86601,3,"[""ids"", ""suricata""]",Suricata: Alert - SURICATA STREAM 3way handshake excessive different SYNs,002,CibleWazuh,,,/var/log/suricata/eve.json,,0,,,1
2026-07-14T15:31:16.794+0000,86601,3,"[""ids"", ""suricata""]",Suricata: Alert - SURICATA STREAM 3way handshake excessive different SYNs,002,CibleWazuh,,,/var/log/suricata/eve.json,,0,,,1
2026-07-14T15:26:21.370+0000,86601,3,"[""ids"", ""suricata""]",Suricata: Alert - SURICATA STREAM 3way handshake excessive different SYNs,002,CibleWazuh,,,/var/log/suricata/eve.json,,0,,,1
2026-07-14T15:25:12.334+0000,86601,3,"[""ids"", ""suricata""]",Suricata: Alert - SURICATA STREAM 3way handshake excessive different SYNs,002,CibleWazuh,,,/var/log/suricata/eve.json,,0,,,1
2026-07-14T15:25:20.533+0000,86601,3,"[""ids"", ""suricata""]",Suricata: Alert - SURICATA STREAM 3way handshake excessive different SYNs,002,CibleWazuh,,,/var/log/suricata/eve.json,,0,,,1
2026-07-14T15:26:24.105+0000,86601,3,"[""ids"", ""suricata""]",Suricata: Alert - SURICATA STREAM 3way handshake excessive different SYNs,002,CibleWazuh,,,/var/log/suricata/eve.json,,0,,,1
2026-07-14T15:25:18.918+0000,86601,3,"[""ids"", ""suricata""]",Suricata: Alert - SURICATA STREAM 3way handshake excessive different SYNs,002,CibleWazuh,,,/var/log/suricata/eve.json,,0,,,1
2026-07-14T15:25:07.651+0000,86601,3,"[""ids"", ""suricata""]",Suricata: Alert - SURICATA STREAM 3way handshake excessive different SYNs,002,CibleWazuh,,,/var/log/suricata/eve.json,,0,,,1
2026-07-14T15:25:23.065+0000,86601,3,"[""ids"", ""suricata""]",Suricata: Alert - SURICATA STREAM 3way handshake excessive different SYNs,002,CibleWazuh,,,/var/log/suricata/eve.json,,0,,,1
2026-07-14T15:25:00.577+0000,86601,3,"[""ids"", ""suricata""]",Suricata: Alert - SURICATA STREAM 3way handshake excessive different SYNs,002,CibleWazuh,,,/var/log/suricata/eve.json,,0,,,1
2026-07-14T15:25:14.808+0000,86601,3,"[""ids"", ""suricata""]",Suricata: Alert - SURICATA STREAM 3way handshake excessive different SYNs,002,CibleWazuh,,,/var/log/suricata/eve.json,,0,,,1
2026-07-14T15:38:01.849+0000,86601,3,"[""ids"", ""suricata""]",Suricata: Alert - SURICATA STREAM 3way handshake excessive different SYNs,002,CibleWazuh,,,/var/log/suricata/eve.json,,0,,,1
2026-07-14T15:25:13.478+0000,86601,3,"[""ids"", ""suricata""]",Suricata: Alert - SURICATA STREAM 3way handshake excessive different SYNs,002,CibleWazuh,,,/var/log/suricata/eve.json,,0,,,1
2026-07-14T15:25:19.114+0000,86601,3,"[""ids"", ""suricata""]",Suricata: Alert - SURICATA STREAM 3way handshake excessive different SYNs,002,CibleWazuh,,,/var/log/suricata/eve.json,,0,,,1
2026-07-14T15:38:00.296+0000,86601,3,"[""ids"", ""suricata""]",Suricata: Alert - SURICATA STREAM 3way handshake excessive different SYNs,002,CibleWazuh,,,/var/log/suricata/eve.json,,0,,,1
2026-07-14T15:31:14.946+0000,86601,3,"[""ids"", ""suricata""]",Suricata: Alert - SURICATA STREAM 3way handshake excessive different SYNs,002,CibleWazuh,,,/var/log/suricata/eve.json,,0,,,1
2026-07-14T15:37:55.792+0000,86601,3,"[""ids"", ""suricata""]",Suricata: Alert - SURICATA STREAM 3way handshake excessive different SYNs,002,CibleWazuh,,,/var/log/suricata/eve.json,,0,,,1
2026-07-14T15:30:59.316+0000,86601,3,"[""ids"", ""suricata""]",Suricata: Alert - SURICATA STREAM 3way handshake excessive different SYNs,002,CibleWazuh,,,/var/log/suricata/eve.json,,0,,,1
2026-07-14T14:01:18.908+0000,2904,7,"[""syslog"", ""dpkg"", ""config_changed""]",Dpkg (Debian Package) half configured.,000,UbuntuWazuh,,,/var/log/dpkg.log,2026-07-14 14:01:18 status half-configured pipewire-bin:amd64 1.0.5-1ubuntu3.2,0,,,0
2026-07-14T15:25:29.297+0000,86601,3,"[""ids"", ""suricata""]",Suricata: Alert - SURICATA STREAM 3way handshake excessive different SYNs,002,CibleWazuh,,,/var/log/suricata/eve.json,,0,,,1
2026-07-14T15:30:52.309+0000,86601,3,"[""ids"", ""suricata""]",Suricata: Alert - SURICATA STREAM 3way handshake excessive different SYNs,002,CibleWazuh,,,/var/log/suricata/eve.json,,0,,,1
2026-07-14T15:27:55.563+0000,86601,3,"[""ids"", ""suricata""]",Suricata: Alert - SURICATA STREAM 3way handshake excessive different SYNs,002,CibleWazuh,,,/var/log/suricata/eve.json,,0,,,1
2026-07-14T15:37:53.602+0000,86601,3,"[""ids"", ""suricata""]",Suricata: Alert - SURICATA STREAM 3way handshake excessive different SYNs,002,CibleWazuh,,,/var/log/suricata/eve.json,,0,,,1
2026-07-14T15:18:29.228+0000,202,7,"[""wazuh"", ""agent_flooding""]",Agent event queue is 90% full.,002,CibleWazuh,,,wazuh-agent,wazuh: Agent buffer: '90%'.,1,PARROT-PING-01,malicious_icmp_flood,0
2026-07-14T15:25:29.733+0000,86601,3,"[""ids"", ""suricata""]",Suricata: Alert - SURICATA STREAM 3way handshake excessive different SYNs,002,CibleWazuh,,,/var/log/suricata/eve.json,,0,,,1
2026-07-14T15:25:40.309+0000,86601,3,"[""ids"", ""suricata""]",Suricata: Alert - SURICATA STREAM 3way handshake excessive different SYNs,002,CibleWazuh,,,/var/log/suricata/eve.json,,0,,,1
2026-07-14T15:25:16.227+0000,86601,3,"[""ids"", ""suricata""]",Suricata: Alert - SURICATA STREAM 3way handshake excessive different SYNs,002,CibleWazuh,,,/var/log/suricata/eve.json,,0,,,1
2026-07-14T15:25:28.157+0000,86601,3,"[""ids"", ""suricata""]",Suricata: Alert - SURICATA STREAM 3way handshake excessive different SYNs,002,CibleWazuh,,,/var/log/suricata/eve.json,,0,,,1
2026-07-14T15:27:52.121+0000,86601,3,"[""ids"", ""suricata""]",Suricata: Alert - SURICATA STREAM 3way handshake excessive different SYNs,002,CibleWazuh,,,/var/log/suricata/eve.json,,0,,,1
2026-07-14T15:24:54.809+0000,86601,3,"[""ids"", ""suricata""]",Suricata: Alert - SURICATA STREAM 3way handshake excessive different SYNs,002,CibleWazuh,,,/var/log/suricata/eve.json,,0,,,1
2026-07-14T15:18:15.027+0000,86601,3,"[""ids"", ""suricata""]",Suricata: Alert - ET SCAN NMAP OS fingerprint,002,CibleWazuh,,,/var/log/suricata/eve.json,,1,PARROT-HPING-01,malicious_dos_flood,1
2026-07-14T15:26:25.675+0000,86601,3,"[""ids"", ""suricata""]",Suricata: Alert - SURICATA STREAM 3way handshake excessive different SYNs,002,CibleWazuh,,,/var/log/suricata/eve.json,,0,,,1
2026-07-14T15:37:59.677+0000,86601,3,"[""ids"", ""suricata""]",Suricata: Alert - SURICATA STREAM 3way handshake excessive different SYNs,002,CibleWazuh,,,/var/log/suricata/eve.json,,0,,,1
2026-07-14T15:25:04.816+0000,86601,3,"[""ids"", ""suricata""]",Suricata: Alert - SURICATA STREAM 3way handshake excessive different SYNs,002,CibleWazuh,,,/var/log/suricata/eve.json,,0,,,1
2026-07-14T15:25:35.028+0000,86601,3,"[""ids"", ""suricata""]",Suricata: Alert - SURICATA STREAM 3way handshake excessive different SYNs,002,CibleWazuh,,,/var/log/suricata/eve.json,,0,,,1
2026-07-14T15:25:31.418+0000,86601,3,"[""ids"", ""suricata""]",Suricata: Alert - SURICATA STREAM 3way handshake excessive different SYNs,002,CibleWazuh,,,/var/log/suricata/eve.json,,0,,,1
2026-07-14T15:25:40.371+0000,86601,3,"[""ids"", ""suricata""]",Suricata: Alert - SURICATA STREAM 3way handshake excessive different SYNs,002,CibleWazuh,,,/var/log/suricata/eve.json,,0,,,1
2026-07-14T15:27:42.480+0000,86601,3,"[""ids"", ""suricata""]",Suricata: Alert - SURICATA STREAM 3way handshake excessive different SYNs,002,CibleWazuh,,,/var/log/suricata/eve.json,,0,,,1
2026-07-14T15:25:11.174+0000,86601,3,"[""ids"", ""suricata""]",Suricata: Alert - SURICATA STREAM 3way handshake excessive different SYNs,002,CibleWazuh,,,/var/log/suricata/eve.json,,0,,,1
2026-07-14T15:25:33.230+0000,86601,3,"[""ids"", ""suricata""]",Suricata: Alert - SURICATA STREAM 3way handshake excessive different SYNs,002,CibleWazuh,,,/var/log/suricata/eve.json,,0,,,1
2026-07-14T15:27:35.416+0000,86601,3,"[""ids"", ""suricata""]",Suricata: Alert - SURICATA STREAM 3way handshake excessive different SYNs,002,CibleWazuh,,,/var/log/suricata/eve.json,,0,,,1
2026-07-14T14:58:02.559+0000,5760,5,"[""syslog"", ""sshd"", ""authentication_failed""]",sshd: authentication failed.,002,CibleWazuh,192.168.30.10,vboxuser,journald,Jul 14 14:58:01 CibleWazuh sshd[12253]: Failed password for vboxuser from 192.168.30.10 port 42292 ssh2,1,TG-0030,malicious_bruteforce,0
2026-07-14T14:41:01.788+0000,5402,3,"[""syslog"", ""sudo""]",Successful sudo to ROOT executed.,000,UbuntuWazuh,,root,journald,Jul 14 14:41:01 UbuntuWazuh sudo[23561]:     root : TTY=pts/2 ; PWD=/home/vboxuser/wazuh-test/fix ; USER=root ; COMMAND=/usr/bin/systemctl daemon-reload,0,,,0
2026-07-14T15:25:12.759+0000,86601,3,"[""ids"", ""suricata""]",Suricata: Alert - SURICATA STREAM 3way handshake excessive different SYNs,002,CibleWazuh,,,/var/log/suricata/eve.json,,0,,,1
2026-07-14T15:25:06.538+0000,86601,3,"[""ids"", ""suricata""]",Suricata: Alert - SURICATA STREAM 3way handshake excessive different SYNs,002,CibleWazuh,,,/var/log/suricata/eve.json,,0,,,1
2026-07-14T15:31:05.686+0000,86601,3,"[""ids"", ""suricata""]",Suricata: Alert - SURICATA STREAM 3way handshake excessive different SYNs,002,CibleWazuh,,,/var/log/suricata/eve.json,,0,,,1
2026-07-14T15:26:27.188+0000,86601,3,"[""ids"", ""suricata""]",Suricata: Alert - SURICATA STREAM 3way handshake excessive different SYNs,002,CibleWazuh,,,/var/log/suricata/eve.json,,0,,,1
2026-07-14T15:27:40.000+0000,86601,3,"[""ids"", ""suricata""]",Suricata: Alert - SURICATA STREAM 3way handshake excessive different SYNs,002,CibleWazuh,,,/var/log/suricata/eve.json,,0,,,1
2026-07-14T15:18:13.040+0000,86601,3,"[""ids"", ""suricata""]",Suricata: Alert - ET SCAN NMAP OS fingerprint,002,CibleWazuh,,,/var/log/suricata/eve.json,,1,PARROT-NMAP-01,malicious_nmap,1
2026-07-14T15:27:40.731+0000,86601,3,"[""ids"", ""suricata""]",Suricata: Alert - SURICATA STREAM 3way handshake excessive different SYNs,002,CibleWazuh,,,/var/log/suricata/eve.json,,0,,,1
2026-07-14T14:01:32.930+0000,2902,7,"[""syslog"", ""dpkg"", ""config_changed""]",New dpkg (Debian Package) installed.,000,UbuntuWazuh,,,/var/log/dpkg.log,2026-07-14 14:01:32 status installed libatopology2t64:amd64 1.2.11-1ubuntu0.3,0,,,0
2026-07-14T15:24:57.857+0000,86601,3,"[""ids"", ""suricata""]",Suricata: Alert - SURICATA STREAM 3way handshake excessive different SYNs,002,CibleWazuh,,,/var/log/suricata/eve.json,,0,,,1
2026-07-14T15:27:40.270+0000,86601,3,"[""ids"", ""suricata""]",Suricata: Alert - SURICATA STREAM 3way handshake excessive different SYNs,002,CibleWazuh,,,/var/log/suricata/eve.json,,0,,,1
2026-07-14T15:24:57.549+0000,86601,3,"[""ids"", ""suricata""]",Suricata: Alert - SURICATA STREAM 3way handshake excessive different SYNs,002,CibleWazuh,,,/var/log/suricata/eve.json,,0,,,1
2026-07-14T15:37:58.584+0000,86601,3,"[""ids"", ""suricata""]",Suricata: Alert - SURICATA STREAM 3way handshake excessive different SYNs,002,CibleWazuh,,,/var/log/suricata/eve.json,,0,,,1
2026-07-14T15:25:17.875+0000,86601,3,"[""ids"", ""suricata""]",Suricata: Alert - SURICATA STREAM 3way handshake excessive different SYNs,002,CibleWazuh,,,/var/log/suricata/eve.json,,0,,,1
2026-07-14T15:27:50.586+0000,86601,3,"[""ids"", ""suricata""]",Suricata: Alert - SURICATA STREAM 3way handshake excessive different SYNs,002,CibleWazuh,,,/var/log/suricata/eve.json,,0,,,1
2026-07-14T15:30:58.440+0000,86601,3,"[""ids"", ""suricata""]",Suricata: Alert - SURICATA STREAM 3way handshake excessive different SYNs,002,CibleWazuh,,,/var/log/suricata/eve.json,,0,,,1
2026-07-14T15:26:16.315+0000,86601,3,"[""ids"", ""suricata""]",Suricata: Alert - SURICATA STREAM 3way handshake excessive different SYNs,002,CibleWazuh,,,/var/log/suricata/eve.json,,0,,,1
2026-07-14T15:26:24.218+0000,86601,3,"[""ids"", ""suricata""]",Suricata: Alert - SURICATA STREAM 3way handshake excessive different SYNs,002,CibleWazuh,,,/var/log/suricata/eve.json,,0,,,1
2026-07-14T15:31:00.930+0000,86601,3,"[""ids"", ""suricata""]",Suricata: Alert - SURICATA STREAM 3way handshake excessive different SYNs,002,CibleWazuh,,,/var/log/suricata/eve.json,,0,,,1
2026-07-14T15:25:15.496+0000,86601,3,"[""ids"", ""suricata""]",Suricata: Alert - SURICATA STREAM 3way handshake excessive different SYNs,002,CibleWazuh,,,/var/log/suricata/eve.json,,0,,,1
2026-07-14T15:31:00.779+0000,86601,3,"[""ids"", ""suricata""]",Suricata: Alert - SURICATA STREAM 3way handshake excessive different SYNs,002,CibleWazuh,,,/var/log/suricata/eve.json,,0,,,1
2026-07-14T15:27:42.202+0000,86601,3,"[""ids"", ""suricata""]",Suricata: Alert - SURICATA STREAM 3way handshake excessive different SYNs,002,CibleWazuh,,,/var/log/suricata/eve.json,,0,,,1
2026-07-14T15:26:25.154+0000,86601,3,"[""ids"", ""suricata""]",Suricata: Alert - SURICATA STREAM 3way handshake excessive different SYNs,002,CibleWazuh,,,/var/log/suricata/eve.json,,0,,,1
2026-07-14T15:25:18.430+0000,86601,3,"[""ids"", ""suricata""]",Suricata: Alert - SURICATA STREAM 3way handshake excessive different SYNs,002,CibleWazuh,,,/var/log/suricata/eve.json,,0,,,1
2026-07-14T15:37:38.676+0000,86601,3,"[""ids"", ""suricata""]",Suricata: Alert - SURICATA STREAM 3way handshake excessive different SYNs,002,CibleWazuh,,,/var/log/suricata/eve.json,,0,,,1
2026-07-14T15:31:10.761+0000,86601,3,"[""ids"", ""suricata""]",Suricata: Alert - SURICATA STREAM 3way handshake excessive different SYNs,002,CibleWazuh,,,/var/log/suricata/eve.json,,0,,,1
2026-07-14T15:31:16.500+0000,86601,3,"[""ids"", ""suricata""]",Suricata: Alert - SURICATA STREAM 3way handshake excessive different SYNs,002,CibleWazuh,,,/var/log/suricata/eve.json,,0,,,1
2026-07-14T15:25:43.006+0000,86601,3,"[""ids"", ""suricata""]",Suricata: Alert - SURICATA STREAM 3way handshake excessive different SYNs,002,CibleWazuh,,,/var/log/suricata/eve.json,,0,,,1
2026-07-14T15:26:21.074+0000,86601,3,"[""ids"", ""suricata""]",Suricata: Alert - SURICATA STREAM 3way handshake excessive different SYNs,002,CibleWazuh,,,/var/log/suricata/eve.json,,0,,,1
2026-07-14T15:30:56.425+0000,86601,3,"[""ids"", ""suricata""]",Suricata: Alert - SURICATA STREAM 3way handshake excessive different SYNs,002,CibleWazuh,,,/var/log/suricata/eve.json,,0,,,1
2026-07-14T15:25:32.100+0000,86601,3,"[""ids"", ""suricata""]",Suricata: Alert - SURICATA STREAM 3way handshake excessive different SYNs,002,CibleWazuh,,,/var/log/suricata/eve.json,,0,,,1
2026-07-14T15:37:54.253+0000,86601,3,"[""ids"", ""suricata""]",Suricata: Alert - SURICATA STREAM 3way handshake excessive different SYNs,002,CibleWazuh,,,/var/log/suricata/eve.json,,0,,,1
2026-07-14T15:18:13.023+0000,86601,3,"[""ids"", ""suricata""]",Suricata: Alert - ET SCAN NMAP OS fingerprint,002,CibleWazuh,,,/var/log/suricata/eve.json,,1,PARROT-NMAP-01,malicious_nmap,1
2026-07-14T15:26:11.090+0000,203,9,"[""wazuh"", ""agent_flooding""]",Agent event queue is full. Events may be lost.,002,CibleWazuh,,,wazuh-agent,wazuh: Agent buffer: 'full'.,0,,,0
2026-07-14T15:25:42.103+0000,86601,3,"[""ids"", ""suricata""]",Suricata: Alert - SURICATA STREAM 3way handshake excessive different SYNs,002,CibleWazuh,,,/var/log/suricata/eve.json,,0,,,1
2026-07-14T15:26:18.865+0000,86601,3,"[""ids"", ""suricata""]",Suricata: Alert - SURICATA STREAM 3way handshake excessive different SYNs,002,CibleWazuh,,,/var/log/suricata/eve.json,,0,,,1
2026-07-14T15:31:07.759+0000,86601,3,"[""ids"", ""suricata""]",Suricata: Alert - SURICATA STREAM 3way handshake excessive different SYNs,002,CibleWazuh,,,/var/log/suricata/eve.json,,0,,,1
2026-07-14T15:25:26.483+0000,86601,3,"[""ids"", ""suricata""]",Suricata: Alert - SURICATA STREAM 3way handshake excessive different SYNs,002,CibleWazuh,,,/var/log/suricata/eve.json,,0,,,1
2026-07-14T15:27:47.157+0000,86601,3,"[""ids"", ""suricata""]",Suricata: Alert - SURICATA STREAM 3way handshake excessive different SYNs,002,CibleWazuh,,,/var/log/suricata/eve.json,,0,,,1
2026-07-14T15:25:35.341+0000,86601,3,"[""ids"", ""suricata""]",Suricata: Alert - SURICATA STREAM 3way handshake excessive different SYNs,002,CibleWazuh,,,/var/log/suricata/eve.json,,0,,,1
2026-07-14T15:25:30.023+0000,86601,3,"[""ids"", ""suricata""]",Suricata: Alert - SURICATA STREAM 3way handshake excessive different SYNs,002,CibleWazuh,,,/var/log/suricata/eve.json,,0,,,1
2026-07-14T15:25:01.962+0000,86601,3,"[""ids"", ""suricata""]",Suricata: Alert - SURICATA STREAM 3way handshake excessive different SYNs,002,CibleWazuh,,,/var/log/suricata/eve.json,,0,,,1
2026-07-14T15:27:56.009+0000,86601,3,"[""ids"", ""suricata""]",Suricata: Alert - SURICATA STREAM 3way handshake excessive different SYNs,002,CibleWazuh,,,/var/log/suricata/eve.json,,0,,,1
2026-07-14T15:37:59.713+0000,86601,3,"[""ids"", ""suricata""]",Suricata: Alert - SURICATA STREAM 3way handshake excessive different SYNs,002,CibleWazuh,,,/var/log/suricata/eve.json,,0,,,1
2026-07-14T15:37:52.499+0000,86601,3,"[""ids"", ""suricata""]",Suricata: Alert - SURICATA STREAM 3way handshake excessive different SYNs,002,CibleWazuh,,,/var/log/suricata/eve.json,,0,,,1
2026-07-14T15:37:54.735+0000,86601,3,"[""ids"", ""suricata""]",Suricata: Alert - SURICATA STREAM 3way handshake excessive different SYNs,002,CibleWazuh,,,/var/log/suricata/eve.json,,0,,,1
2026-07-14T15:25:24.764+0000,86601,3,"[""ids"", ""suricata""]",Suricata: Alert - SURICATA STREAM 3way handshake excessive different SYNs,002,CibleWazuh,,,/var/log/suricata/eve.json,,0,,,1
2026-07-14T15:25:07.012+0000,86601,3,"[""ids"", ""suricata""]",Suricata: Alert - SURICATA STREAM 3way handshake excessive different SYNs,002,CibleWazuh,,,/var/log/suricata/eve.json,,0,,,1
2026-07-14T15:35:58.601+0000,86601,3,"[""ids"", ""suricata""]",Suricata: Alert - ET SCAN Port scan detected,002,CibleWazuh,,,/var/log/suricata/eve.json,,0,,,1
2026-07-14T15:31:10.553+0000,86601,3,"[""ids"", ""suricata""]",Suricata: Alert - SURICATA STREAM 3way handshake excessive different SYNs,002,CibleWazuh,,,/var/log/suricata/eve.json,,0,,,1
2026-07-14T15:27:51.945+0000,86601,3,"[""ids"", ""suricata""]",Suricata: Alert - SURICATA STREAM 3way handshake excessive different SYNs,002,CibleWazuh,,,/var/log/suricata/eve.json,,0,,,1
2026-07-14T15:25:15.105+0000,86601,3,"[""ids"", ""suricata""]",Suricata: Alert - SURICATA STREAM 3way handshake excessive different SYNs,002,CibleWazuh,,,/var/log/suricata/eve.json,,0,,,1
2026-07-14T15:27:48.867+0000,86601,3,"[""ids"", ""suricata""]",Suricata: Alert - SURICATA STREAM 3way handshake excessive different SYNs,002,CibleWazuh,,,/var/log/suricata/eve.json,,0,,,1
2026-07-14T15:27:54.461+0000,86601,3,"[""ids"", ""suricata""]",Suricata: Alert - SURICATA STREAM 3way handshake excessive different SYNs,002,CibleWazuh,,,/var/log/suricata/eve.json,,0,,,1
2026-07-14T15:31:09.050+0000,86601,3,"[""ids"", ""suricata""]",Suricata: Alert - SURICATA STREAM 3way handshake excessive different SYNs,002,CibleWazuh,,,/var/log/suricata/eve.json,,0,,,1
2026-07-14T15:25:39.997+0000,86601,3,"[""ids"", ""suricata""]",Suricata: Alert - SURICATA STREAM 3way handshake excessive different SYNs,002,CibleWazuh,,,/var/log/suricata/eve.json,,0,,,1
2026-07-14T15:26:14.317+0000,86601,3,"[""ids"", ""suricata""]",Suricata: Alert - SURICATA STREAM 3way handshake excessive different SYNs,002,CibleWazuh,,,/var/log/suricata/eve.json,,0,,,1
2026-07-14T14:58:24.634+0000,86601,3,"[""ids"", ""suricata""]",Suricata: Alert - ET SCAN NMAP -sV version,002,CibleWazuh,,,/var/log/suricata/eve.json,,1,TG-0031,malicious_bruteforce,1
2026-07-14T15:24:57.549+0000,86601,3,"[""ids"", ""suricata""]",Suricata: Alert - SURICATA STREAM 3way handshake excessive different SYNs,002,CibleWazuh,,,/var/log/suricata/eve.json,,0,,,1
2026-07-14T15:37:51.818+0000,86601,3,"[""ids"", ""suricata""]",Suricata: Alert - SURICATA STREAM 3way handshake excessive different SYNs,002,CibleWazuh,,,/var/log/suricata/eve.json,,0,,,1
2026-07-14T15:26:12.062+0000,86601,3,"[""ids"", ""suricata""]",Suricata: Alert - SURICATA STREAM 3way handshake excessive different SYNs,002,CibleWazuh,,,/var/log/suricata/eve.json,,0,,,1
2026-07-14T15:26:10.804+0000,86601,3,"[""ids"", ""suricata""]",Suricata: Alert - SURICATA STREAM 3way handshake excessive different SYNs,002,CibleWazuh,,,/var/log/suricata/eve.json,,0,,,1
2026-07-14T15:25:36.853+0000,86601,3,"[""ids"", ""suricata""]",Suricata: Alert - SURICATA STREAM 3way handshake excessive different SYNs,002,CibleWazuh,,,/var/log/suricata/eve.json,,0,,,1
2026-07-14T15:31:17.134+0000,86601,3,"[""ids"", ""suricata""]",Suricata: Alert - SURICATA STREAM 3way handshake excessive different SYNs,002,CibleWazuh,,,/var/log/suricata/eve.json,,0,,,1
2026-07-14T15:27:40.208+0000,86601,3,"[""ids"", ""suricata""]",Suricata: Alert - SURICATA STREAM 3way handshake excessive different SYNs,002,CibleWazuh,,,/var/log/suricata/eve.json,,0,,,1
2026-07-14T15:30:57.053+0000,86601,3,"[""ids"", ""suricata""]",Suricata: Alert - SURICATA STREAM 3way handshake excessive different SYNs,002,CibleWazuh,,,/var/log/suricata/eve.json,,0,,,1
2026-07-14T15:27:41.395+0000,86601,3,"[""ids"", ""suricata""]",Suricata: Alert - SURICATA STREAM 3way handshake excessive different SYNs,002,CibleWazuh,,,/var/log/suricata/eve.json,,0,,,1
2026-07-14T15:27:41.840+0000,86601,3,"[""ids"", ""suricata""]",Suricata: Alert - SURICATA STREAM 3way handshake excessive different SYNs,002,CibleWazuh,,,/var/log/suricata/eve.json,,0,,,1
2026-07-14T15:25:24.325+0000,86601,3,"[""ids"", ""suricata""]",Suricata: Alert - SURICATA STREAM 3way handshake excessive different SYNs,002,CibleWazuh,,,/var/log/suricata/eve.json,,0,,,1
2026-07-14T15:26:25.028+0000,86601,3,"[""ids"", ""suricata""]",Suricata: Alert - SURICATA STREAM 3way handshake excessive different SYNs,002,CibleWazuh,,,/var/log/suricata/eve.json,,0,,,1
2026-07-14T14:58:00.558+0000,5760,5,"[""syslog"", ""sshd"", ""authentication_failed""]",sshd: authentication failed.,002,CibleWazuh,192.168.30.10,vboxuser,journald,Jul 14 14:57:59 CibleWazuh sshd[12252]: Failed password for vboxuser from 192.168.30.10 port 42290 ssh2,1,TG-0030,malicious_bruteforce,0
2026-07-14T15:26:25.396+0000,86601,3,"[""ids"", ""suricata""]",Suricata: Alert - SURICATA STREAM 3way handshake excessive different SYNs,002,CibleWazuh,,,/var/log/suricata/eve.json,,0,,,1
2026-07-14T15:26:10.790+0000,86601,3,"[""ids"", ""suricata""]",Suricata: Alert - SURICATA STREAM 3way handshake excessive different SYNs,002,CibleWazuh,,,/var/log/suricata/eve.json,,0,,,1
2026-07-14T14:37:35.370+0000,5501,3,"[""pam"", ""syslog"", ""authentication_success""]",PAM: Login session opened.,000,UbuntuWazuh,,root,journald,Jul 14 14:37:34 UbuntuWazuh sudo[22589]: pam_unix(sudo:session): session opened for user root(uid=0) by vboxuser(uid=1000),0,,,0
2026-07-14T15:31:07.314+0000,86601,3,"[""ids"", ""suricata""]",Suricata: Alert - SURICATA STREAM 3way handshake excessive different SYNs,002,CibleWazuh,,,/var/log/suricata/eve.json,,0,,,1
2026-07-14T15:18:31.091+0000,203,9,"[""wazuh"", ""agent_flooding""]",Agent event queue is full. Events may be lost.,002,CibleWazuh,,,wazuh-agent,wazuh: Agent buffer: 'full'.,1,PARROT-PING-01,malicious_icmp_flood,0
2026-07-14T15:37:43.467+0000,86601,3,"[""ids"", ""suricata""]",Suricata: Alert - SURICATA STREAM 3way handshake excessive different SYNs,002,CibleWazuh,,,/var/log/suricata/eve.json,,0,,,1
2026-07-14T15:27:49.875+0000,86601,3,"[""ids"", ""suricata""]",Suricata: Alert - SURICATA STREAM 3way handshake excessive different SYNs,002,CibleWazuh,,,/var/log/suricata/eve.json,,0,,,1
2026-07-14T15:25:35.150+0000,86601,3,"[""ids"", ""suricata""]",Suricata: Alert - SURICATA STREAM 3way handshake excessive different SYNs,002,CibleWazuh,,,/var/log/suricata/eve.json,,0,,,1
2026-07-14T15:25:11.305+0000,86601,3,"[""ids"", ""suricata""]",Suricata: Alert - SURICATA STREAM 3way handshake excessive different SYNs,002,CibleWazuh,,,/var/log/suricata/eve.json,,0,,,1
2026-07-14T15:25:08.586+0000,86601,3,"[""ids"", ""suricata""]",Suricata: Alert - SURICATA STREAM 3way handshake excessive different SYNs,002,CibleWazuh,,,/var/log/suricata/eve.json,,0,,,1
2026-07-14T15:26:25.530+0000,86601,3,"[""ids"", ""suricata""]",Suricata: Alert - SURICATA STREAM 3way handshake excessive different SYNs,002,CibleWazuh,,,/var/log/suricata/eve.json,,0,,,1
2026-07-14T15:27:42.759+0000,86601,3,"[""ids"", ""suricata""]",Suricata: Alert - SURICATA STREAM 3way handshake excessive different SYNs,002,CibleWazuh,,,/var/log/suricata/eve.json,,0,,,1
2026-07-14T15:25:19.080+0000,86601,3,"[""ids"", ""suricata""]",Suricata: Alert - SURICATA STREAM 3way handshake excessive different SYNs,002,CibleWazuh,,,/var/log/suricata/eve.json,,0,,,1
2026-07-14T14:18:29.396+0000,5503,5,"[""pam"", ""syslog"", ""authentication_failed""]",PAM: User login failed.,002,CibleWazuh,192.168.30.10,vboxuser,journald,Jul 14 14:18:28 CibleWazuh sshd[8217]: pam_unix(sshd:auth): authentication failure; logname= uid=0 euid=0 tty=ssh ruser= rhost=192.168.30.10  user=vboxuser,1,TG-0002,malicious_bruteforce,0
2026-07-14T15:37:59.042+0000,86601,3,"[""ids"", ""suricata""]",Suricata: Alert - SURICATA STREAM 3way handshake excessive different SYNs,002,CibleWazuh,,,/var/log/suricata/eve.json,,0,,,1
2026-07-14T15:25:43.028+0000,86601,3,"[""ids"", ""suricata""]",Suricata: Alert - SURICATA STREAM 3way handshake excessive different SYNs,002,CibleWazuh,,,/var/log/suricata/eve.json,,0,,,1
2026-07-14T15:31:15.422+0000,86601,3,"[""ids"", ""suricata""]",Suricata: Alert - SURICATA STREAM 3way handshake excessive different SYNs,002,CibleWazuh,,,/var/log/suricata/eve.json,,0,,,1
2026-07-14T15:25:24.957+0000,86601,3,"[""ids"", ""suricata""]",Suricata: Alert - SURICATA STREAM 3way handshake excessive different SYNs,002,CibleWazuh,,,/var/log/suricata/eve.json,,0,,,1
2026-07-14T15:25:18.870+0000,86601,3,"[""ids"", ""suricata""]",Suricata: Alert - SURICATA STREAM 3way handshake excessive different SYNs,002,CibleWazuh,,,/var/log/suricata/eve.json,,0,,,1
2026-07-14T15:26:12.383+0000,86601,3,"[""ids"", ""suricata""]",Suricata: Alert - SURICATA STREAM 3way handshake excessive different SYNs,002,CibleWazuh,,,/var/log/suricata/eve.json,,0,,,1
2026-07-14T15:26:12.319+0000,86601,3,"[""ids"", ""suricata""]",Suricata: Alert - SURICATA STREAM 3way handshake excessive different SYNs,002,CibleWazuh,,,/var/log/suricata/eve.json,,0,,,1
2026-07-14T15:25:05.046+0000,86601,3,"[""ids"", ""suricata""]",Suricata: Alert - SURICATA STREAM 3way handshake excessive different SYNs,002,CibleWazuh,,,/var/log/suricata/eve.json,,0,,,1
2026-07-14T15:25:30.922+0000,86601,3,"[""ids"", ""suricata""]",Suricata: Alert - SURICATA STREAM 3way handshake excessive different SYNs,002,CibleWazuh,,,/var/log/suricata/eve.json,,0,,,1
2026-07-14T15:25:37.243+0000,86601,3,"[""ids"", ""suricata""]",Suricata: Alert - SURICATA STREAM 3way handshake excessive different SYNs,002,CibleWazuh,,,/var/log/suricata/eve.json,,0,,,1
2026-07-14T15:31:09.717+0000,86601,3,"[""ids"", ""suricata""]",Suricata: Alert - SURICATA STREAM 3way handshake excessive different SYNs,002,CibleWazuh,,,/var/log/suricata/eve.json,,0,,,1
2026-07-14T15:26:26.803+0000,86601,3,"[""ids"", ""suricata""]",Suricata: Alert - SURICATA STREAM 3way handshake excessive different SYNs,002,CibleWazuh,,,/var/log/suricata/eve.json,,0,,,1
2026-07-14T15:25:00.755+0000,86601,3,"[""ids"", ""suricata""]",Suricata: Alert - SURICATA STREAM 3way handshake excessive different SYNs,002,CibleWazuh,,,/var/log/suricata/eve.json,,0,,,1
2026-07-14T15:37:59.374+0000,86601,3,"[""ids"", ""suricata""]",Suricata: Alert - SURICATA STREAM 3way handshake excessive different SYNs,002,CibleWazuh,,,/var/log/suricata/eve.json,,0,,,1
2026-07-14T15:26:11.208+0000,86601,3,"[""ids"", ""suricata""]",Suricata: Alert - SURICATA STREAM 3way handshake excessive different SYNs,002,CibleWazuh,,,/var/log/suricata/eve.json,,0,,,1
2026-07-14T15:18:13.081+0000,5502,3,"[""pam"", ""syslog""]",PAM: Login session closed.,002,CibleWazuh,,vboxuser,journald,Jul 14 15:18:11 CibleWazuh sshd[14076]: pam_unix(sshd:session): session closed for user vboxuser,1,PARROT-NMAP-01,malicious_nmap,0
2026-07-14T15:38:01.451+0000,86601,3,"[""ids"", ""suricata""]",Suricata: Alert - SURICATA STREAM 3way handshake excessive different SYNs,002,CibleWazuh,,,/var/log/suricata/eve.json,,0,,,1
2026-07-14T15:26:16.260+0000,86601,3,"[""ids"", ""suricata""]",Suricata: Alert - SURICATA STREAM 3way handshake excessive different SYNs,002,CibleWazuh,,,/var/log/suricata/eve.json,,0,,,1
2026-07-14T15:25:32.145+0000,86601,3,"[""ids"", ""suricata""]",Suricata: Alert - SURICATA STREAM 3way handshake excessive different SYNs,002,CibleWazuh,,,/var/log/suricata/eve.json,,0,,,1
2026-07-14T15:38:01.274+0000,86601,3,"[""ids"", ""suricata""]",Suricata: Alert - SURICATA STREAM 3way handshake excessive different SYNs,002,CibleWazuh,,,/var/log/suricata/eve.json,,0,,,1
2026-07-14T15:24:57.549+0000,86601,3,"[""ids"", ""suricata""]",Suricata: Alert - SURICATA STREAM 3way handshake excessive different SYNs,002,CibleWazuh,,,/var/log/suricata/eve.json,,0,,,1
2026-07-14T15:25:39.534+0000,86601,3,"[""ids"", ""suricata""]",Suricata: Alert - SURICATA STREAM 3way handshake excessive different SYNs,002,CibleWazuh,,,/var/log/suricata/eve.json,,0,,,1
2026-07-14T15:18:13.071+0000,5501,3,"[""pam"", ""syslog"", ""authentication_success""]",PAM: Login session opened.,002,CibleWazuh,,root,journald,Jul 14 15:18:11 CibleWazuh sudo[14115]: pam_unix(sudo:session): session opened for user root(uid=0) by (uid=1000),1,PARROT-NMAP-01,malicious_nmap,0
2026-07-14T15:26:22.949+0000,86601,3,"[""ids"", ""suricata""]",Suricata: Alert - SURICATA STREAM 3way handshake excessive different SYNs,002,CibleWazuh,,,/var/log/suricata/eve.json,,0,,,1
2026-07-14T15:37:57.051+0000,86601,3,"[""ids"", ""suricata""]",Suricata: Alert - SURICATA STREAM 3way handshake excessive different SYNs,002,CibleWazuh,,,/var/log/suricata/eve.json,,0,,,1
2026-07-14T15:26:13.929+0000,86601,3,"[""ids"", ""suricata""]",Suricata: Alert - SURICATA STREAM 3way handshake excessive different SYNs,002,CibleWazuh,,,/var/log/suricata/eve.json,,0,,,1
2026-07-14T15:37:55.737+0000,86601,3,"[""ids"", ""suricata""]",Suricata: Alert - SURICATA STREAM 3way handshake excessive different SYNs,002,CibleWazuh,,,/var/log/suricata/eve.json,,0,,,1
2026-07-14T15:31:09.980+0000,86601,3,"[""ids"", ""suricata""]",Suricata: Alert - SURICATA STREAM 3way handshake excessive different SYNs,002,CibleWazuh,,,/var/log/suricata/eve.json,,0,,,1
2026-07-14T15:25:08.295+0000,86601,3,"[""ids"", ""suricata""]",Suricata: Alert - SURICATA STREAM 3way handshake excessive different SYNs,002,CibleWazuh,,,/var/log/suricata/eve.json,,0,,,1
2026-07-14T15:25:17.071+0000,86601,3,"[""ids"", ""suricata""]",Suricata: Alert - SURICATA STREAM 3way handshake excessive different SYNs,002,CibleWazuh,,,/var/log/suricata/eve.json,,0,,,1
2026-07-14T15:25:21.331+0000,86601,3,"[""ids"", ""suricata""]",Suricata: Alert - SURICATA STREAM 3way handshake excessive different SYNs,002,CibleWazuh,,,/var/log/suricata/eve.json,,0,,,1
2026-07-14T15:25:14.575+0000,86601,3,"[""ids"", ""suricata""]",Suricata: Alert - SURICATA STREAM 3way handshake excessive different SYNs,002,CibleWazuh,,,/var/log/suricata/eve.json,,0,,,1
2026-07-14T15:26:26.075+0000,86601,3,"[""ids"", ""suricata""]",Suricata: Alert - SURICATA STREAM 3way handshake excessive different SYNs,002,CibleWazuh,,,/var/log/suricata/eve.json,,0,,,1
2026-07-14T15:26:25.314+0000,86601,3,"[""ids"", ""suricata""]",Suricata: Alert - SURICATA STREAM 3way handshake excessive different SYNs,002,CibleWazuh,,,/var/log/suricata/eve.json,,0,,,1
2026-07-14T15:27:57.927+0000,86601,3,"[""ids"", ""suricata""]",Suricata: Alert - SURICATA STREAM 3way handshake excessive different SYNs,002,CibleWazuh,,,/var/log/suricata/eve.json,,0,,,1
2026-07-14T15:25:10.329+0000,86601,3,"[""ids"", ""suricata""]",Suricata: Alert - SURICATA STREAM 3way handshake excessive different SYNs,002,CibleWazuh,,,/var/log/suricata/eve.json,,0,,,1
2026-07-14T15:18:15.042+0000,86601,3,"[""ids"", ""suricata""]",Suricata: Alert - ET SCAN NMAP OS fingerprint,002,CibleWazuh,,,/var/log/suricata/eve.json,,1,PARROT-HPING-01,malicious_dos_flood,1
2026-07-14T15:25:01.940+0000,86601,3,"[""ids"", ""suricata""]",Suricata: Alert - SURICATA STREAM 3way handshake excessive different SYNs,002,CibleWazuh,,,/var/log/suricata/eve.json,,0,,,1
2026-07-14T14:02:20.978+0000,2904,7,"[""syslog"", ""dpkg"", ""config_changed""]",Dpkg (Debian Package) half configured.,000,UbuntuWazuh,,,/var/log/dpkg.log,2026-07-14 14:02:20 status half-configured linux-generic-hwe-24.04:amd64 6.17.0-40.40~24.04.1,0,,,0
2026-07-14T15:31:12.789+0000,86601,3,"[""ids"", ""suricata""]",Suricata: Alert - SURICATA STREAM 3way handshake excessive different SYNs,002,CibleWazuh,,,/var/log/suricata/eve.json,,0,,,1
2026-07-14T15:37:52.017+0000,86601,3,"[""ids"", ""suricata""]",Suricata: Alert - SURICATA STREAM 3way handshake excessive different SYNs,002,CibleWazuh,,,/var/log/suricata/eve.json,,0,,,1
2026-07-14T15:37:55.635+0000,86601,3,"[""ids"", ""suricata""]",Suricata: Alert - SURICATA STREAM 3way handshake excessive different SYNs,002,CibleWazuh,,,/var/log/suricata/eve.json,,0,,,1
2026-07-14T15:31:04.834+0000,86601,3,"[""ids"", ""suricata""]",Suricata: Alert - SURICATA STREAM 3way handshake excessive different SYNs,002,CibleWazuh,,,/var/log/suricata/eve.json,,0,,,1
2026-07-14T14:21:29.245+0000,40704,5,"[""local"", ""systemd""]",Systemd: Service exited due to a failure.,000,UbuntuWazuh,,,journald,"Jul 14 14:21:28 UbuntuWazuh systemd[1]: wazuh-inference.service: Main process exited, code=exited, status=1/FAILURE",0,,,0
2026-07-14T15:26:22.721+0000,86601,3,"[""ids"", ""suricata""]",Suricata: Alert - SURICATA STREAM 3way handshake excessive different SYNs,002,CibleWazuh,,,/var/log/suricata/eve.json,,0,,,1
2026-07-14T15:27:51.286+0000,86601,3,"[""ids"", ""suricata""]",Suricata: Alert - SURICATA STREAM 3way handshake excessive different SYNs,002,CibleWazuh,,,/var/log/suricata/eve.json,,0,,,1
2026-07-14T15:26:25.970+0000,86601,3,"[""ids"", ""suricata""]",Suricata: Alert - SURICATA STREAM 3way handshake excessive different SYNs,002,CibleWazuh,,,/var/log/suricata/eve.json,,0,,,1
2026-07-14T15:24:54.179+0000,86601,3,"[""ids"", ""suricata""]",Suricata: Alert - SURICATA STREAM 3way handshake excessive different SYNs,002,CibleWazuh,,,/var/log/suricata/eve.json,,0,,,1
2026-07-14T15:27:43.467+0000,86601,3,"[""ids"", ""suricata""]",Suricata: Alert - SURICATA STREAM 3way handshake excessive different SYNs,002,CibleWazuh,,,/var/log/suricata/eve.json,,0,,,1
2026-07-14T15:26:28.269+0000,86601,3,"[""ids"", ""suricata""]",Suricata: Alert - SURICATA STREAM 3way handshake excessive different SYNs,002,CibleWazuh,,,/var/log/suricata/eve.json,,0,,,1
2026-07-14T15:37:52.465+0000,86601,3,"[""ids"", ""suricata""]",Suricata: Alert - SURICATA STREAM 3way handshake excessive different SYNs,002,CibleWazuh,,,/var/log/suricata/eve.json,,0,,,1
2026-07-14T15:25:16.550+0000,86601,3,"[""ids"", ""suricata""]",Suricata: Alert - SURICATA STREAM 3way handshake excessive different SYNs,002,CibleWazuh,,,/var/log/suricata/eve.json,,0,,,1
2026-07-14T15:26:23.877+0000,86601,3,"[""ids"", ""suricata""]",Suricata: Alert - SURICATA STREAM 3way handshake excessive different SYNs,002,CibleWazuh,,,/var/log/suricata/eve.json,,0,,,1
2026-07-14T15:25:42.196+0000,86601,3,"[""ids"", ""suricata""]",Suricata: Alert - SURICATA STREAM 3way handshake excessive different SYNs,002,CibleWazuh,,,/var/log/suricata/eve.json,,0,,,1
2026-07-14T15:27:56.247+0000,86601,3,"[""ids"", ""suricata""]",Suricata: Alert - SURICATA STREAM 3way handshake excessive different SYNs,002,CibleWazuh,,,/var/log/suricata/eve.json,,0,,,1
2026-07-14T15:25:03.440+0000,86601,3,"[""ids"", ""suricata""]",Suricata: Alert - SURICATA STREAM 3way handshake excessive different SYNs,002,CibleWazuh,,,/var/log/suricata/eve.json,,0,,,1
2026-07-14T15:27:45.060+0000,86601,3,"[""ids"", ""suricata""]",Suricata: Alert - SURICATA STREAM 3way handshake excessive different SYNs,002,CibleWazuh,,,/var/log/suricata/eve.json,,0,,,1
2026-07-14T15:26:15.050+0000,86601,3,"[""ids"", ""suricata""]",Suricata: Alert - SURICATA STREAM 3way handshake excessive different SYNs,002,CibleWazuh,,,/var/log/suricata/eve.json,,0,,,1
2026-07-14T15:10:44.879+0000,5715,3,"[""syslog"", ""sshd"", ""authentication_success""]",sshd: authentication success.,002,CibleWazuh,192.168.30.10,vboxuser,journald,Jul 14 15:10:43 CibleWazuh sshd[13015]: Accepted password for vboxuser from 192.168.30.10 port 35880 ssh2,0,,,0
2026-07-14T15:26:26.460+0000,86601,3,"[""ids"", ""suricata""]",Suricata: Alert - SURICATA STREAM 3way handshake excessive different SYNs,002,CibleWazuh,,,/var/log/suricata/eve.json,,0,,,1
2026-07-14T15:27:47.078+0000,86601,3,"[""ids"", ""suricata""]",Suricata: Alert - SURICATA STREAM 3way handshake excessive different SYNs,002,CibleWazuh,,,/var/log/suricata/eve.json,,0,,,1
2026-07-14T15:31:13.763+0000,86601,3,"[""ids"", ""suricata""]",Suricata: Alert - SURICATA STREAM 3way handshake excessive different SYNs,002,CibleWazuh,,,/var/log/suricata/eve.json,,0,,,1
2026-07-14T15:27:50.883+0000,86601,3,"[""ids"", ""suricata""]",Suricata: Alert - SURICATA STREAM 3way handshake excessive different SYNs,002,CibleWazuh,,,/var/log/suricata/eve.json,,0,,,1
2026-07-14T15:27:55.686+0000,86601,3,"[""ids"", ""suricata""]",Suricata: Alert - SURICATA STREAM 3way handshake excessive different SYNs,002,CibleWazuh,,,/var/log/suricata/eve.json,,0,,,1
2026-07-14T15:25:30.007+0000,86601,3,"[""ids"", ""suricata""]",Suricata: Alert - SURICATA STREAM 3way handshake excessive different SYNs,002,CibleWazuh,,,/var/log/suricata/eve.json,,0,,,1
2026-07-14T15:27:41.927+0000,86601,3,"[""ids"", ""suricata""]",Suricata: Alert - SURICATA STREAM 3way handshake excessive different SYNs,002,CibleWazuh,,,/var/log/suricata/eve.json,,0,,,1
2026-07-14T15:25:19.618+0000,86601,3,"[""ids"", ""suricata""]",Suricata: Alert - SURICATA STREAM 3way handshake excessive different SYNs,002,CibleWazuh,,,/var/log/suricata/eve.json,,0,,,1
2026-07-14T15:25:07.145+0000,86601,3,"[""ids"", ""suricata""]",Suricata: Alert - SURICATA STREAM 3way handshake excessive different SYNs,002,CibleWazuh,,,/var/log/suricata/eve.json,,0,,,1
2026-07-14T15:37:55.994+0000,86601,3,"[""ids"", ""suricata""]",Suricata: Alert - SURICATA STREAM 3way handshake excessive different SYNs,002,CibleWazuh,,,/var/log/suricata/eve.json,,0,,,1
2026-07-14T15:31:06.073+0000,86601,3,"[""ids"", ""suricata""]",Suricata: Alert - SURICATA STREAM 3way handshake excessive different SYNs,002,CibleWazuh,,,/var/log/suricata/eve.json,,0,,,1
2026-07-14T15:25:00.079+0000,86601,3,"[""ids"", ""suricata""]",Suricata: Alert - SURICATA STREAM 3way handshake excessive different SYNs,002,CibleWazuh,,,/var/log/suricata/eve.json,,0,,,1
2026-07-14T15:25:42.892+0000,86601,3,"[""ids"", ""suricata""]",Suricata: Alert - SURICATA STREAM 3way handshake excessive different SYNs,002,CibleWazuh,,,/var/log/suricata/eve.json,,0,,,1
2026-07-14T15:25:00.704+0000,86601,3,"[""ids"", ""suricata""]",Suricata: Alert - SURICATA STREAM 3way handshake excessive different SYNs,002,CibleWazuh,,,/var/log/suricata/eve.json,,0,,,1
2026-07-14T15:30:56.115+0000,86601,3,"[""ids"", ""suricata""]",Suricata: Alert - SURICATA STREAM 3way handshake excessive different SYNs,002,CibleWazuh,,,/var/log/suricata/eve.json,,0,,,1
2026-07-14T15:19:45.465+0000,204,12,"[""wazuh"", ""agent_flooding""]",Agent event queue is flooded. Check the agent configuration.,002,CibleWazuh,,,wazuh-agent,wazuh: Agent buffer: 'flooded'.,1,PARROT-HYDRA-01,malicious_bruteforce,0
2026-07-14T15:37:53.382+0000,86601,3,"[""ids"", ""suricata""]",Suricata: Alert - SURICATA STREAM 3way handshake excessive different SYNs,002,CibleWazuh,,,/var/log/suricata/eve.json,,0,,,1
2026-07-14T15:37:57.916+0000,86601,3,"[""ids"", ""suricata""]",Suricata: Alert - SURICATA STREAM 3way handshake excessive different SYNs,002,CibleWazuh,,,/var/log/suricata/eve.json,,0,,,1
2026-07-14T15:27:54.482+0000,86601,3,"[""ids"", ""suricata""]",Suricata: Alert - SURICATA STREAM 3way handshake excessive different SYNs,002,CibleWazuh,,,/var/log/suricata/eve.json,,0,,,1
2026-07-14T15:27:51.154+0000,86601,3,"[""ids"", ""suricata""]",Suricata: Alert - SURICATA STREAM 3way handshake excessive different SYNs,002,CibleWazuh,,,/var/log/suricata/eve.json,,0,,,1
2026-07-14T15:30:57.281+0000,86601,3,"[""ids"", ""suricata""]",Suricata: Alert - SURICATA STREAM 3way handshake excessive different SYNs,002,CibleWazuh,,,/var/log/suricata/eve.json,,0,,,1
2026-07-14T15:31:12.035+0000,86601,3,"[""ids"", ""suricata""]",Suricata: Alert - SURICATA STREAM 3way handshake excessive different SYNs,002,CibleWazuh,,,/var/log/suricata/eve.json,,0,,,1
2026-07-14T15:18:13.053+0000,86601,3,"[""ids"", ""suricata""]",Suricata: Alert - ET SCAN NMAP OS fingerprint,002,CibleWazuh,,,/var/log/suricata/eve.json,,1,PARROT-NMAP-01,malicious_nmap,1
2026-07-14T15:27:50.200+0000,86601,3,"[""ids"", ""suricata""]",Suricata: Alert - SURICATA STREAM 3way handshake excessive different SYNs,002,CibleWazuh,,,/var/log/suricata/eve.json,,0,,,1
2026-07-14T15:38:03.324+0000,86601,3,"[""ids"", ""suricata""]",Suricata: Alert - SURICATA STREAM 3way handshake excessive different SYNs,002,CibleWazuh,,,/var/log/suricata/eve.json,,0,,,1
2026-07-14T15:27:50.885+0000,86601,3,"[""ids"", ""suricata""]",Suricata: Alert - SURICATA STREAM 3way handshake excessive different SYNs,002,CibleWazuh,,,/var/log/suricata/eve.json,,0,,,1
2026-07-14T15:25:28.474+0000,86601,3,"[""ids"", ""suricata""]",Suricata: Alert - SURICATA STREAM 3way handshake excessive different SYNs,002,CibleWazuh,,,/var/log/suricata/eve.json,,0,,,1
2026-07-14T15:27:39.553+0000,86601,3,"[""ids"", ""suricata""]",Suricata: Alert - SURICATA STREAM 3way handshake excessive different SYNs,002,CibleWazuh,,,/var/log/suricata/eve.json,,0,,,1
2026-07-14T15:18:13.074+0000,5502,3,"[""pam"", ""syslog""]",PAM: Login session closed.,002,CibleWazuh,,root,journald,Jul 14 15:18:11 CibleWazuh sudo[14115]: pam_unix(sudo:session): session closed for user root,1,PARROT-NMAP-01,malicious_nmap,0
2026-07-14T15:25:27.693+0000,86601,3,"[""ids"", ""suricata""]",Suricata: Alert - SURICATA STREAM 3way handshake excessive different SYNs,002,CibleWazuh,,,/var/log/suricata/eve.json,,0,,,1
2026-07-14T15:31:17.450+0000,86601,3,"[""ids"", ""suricata""]",Suricata: Alert - SURICATA STREAM 3way handshake excessive different SYNs,002,CibleWazuh,,,/var/log/suricata/eve.json,,0,,,1
2026-07-14T15:26:11.765+0000,86601,3,"[""ids"", ""suricata""]",Suricata: Alert - SURICATA STREAM 3way handshake excessive different SYNs,002,CibleWazuh,,,/var/log/suricata/eve.json,,0,,,1
2026-07-14T15:25:38.567+0000,86601,3,"[""ids"", ""suricata""]",Suricata: Alert - SURICATA STREAM 3way handshake excessive different SYNs,002,CibleWazuh,,,/var/log/suricata/eve.json,,0,,,1
2026-07-14T15:27:41.656+0000,86601,3,"[""ids"", ""suricata""]",Suricata: Alert - SURICATA STREAM 3way handshake excessive different SYNs,002,CibleWazuh,,,/var/log/suricata/eve.json,,0,,,1
2026-07-14T15:31:15.422+0000,86601,3,"[""ids"", ""suricata""]",Suricata: Alert - SURICATA STREAM 3way handshake excessive different SYNs,002,CibleWazuh,,,/var/log/suricata/eve.json,,0,,,1
2026-07-14T15:26:20.719+0000,86601,3,"[""ids"", ""suricata""]",Suricata: Alert - SURICATA STREAM 3way handshake excessive different SYNs,002,CibleWazuh,,,/var/log/suricata/eve.json,,0,,,1
2026-07-14T15:25:14.145+0000,86601,3,"[""ids"", ""suricata""]",Suricata: Alert - SURICATA STREAM 3way handshake excessive different SYNs,002,CibleWazuh,,,/var/log/suricata/eve.json,,0,,,1
2026-07-14T15:27:41.553+0000,86601,3,"[""ids"", ""suricata""]",Suricata: Alert - SURICATA STREAM 3way handshake excessive different SYNs,002,CibleWazuh,,,/var/log/suricata/eve.json,,0,,,1
2026-07-14T15:26:19.046+0000,86601,3,"[""ids"", ""suricata""]",Suricata: Alert - SURICATA STREAM 3way handshake excessive different SYNs,002,CibleWazuh,,,/var/log/suricata/eve.json,,0,,,1
2026-07-14T15:27:42.216+0000,86601,3,"[""ids"", ""suricata""]",Suricata: Alert - SURICATA STREAM 3way handshake excessive different SYNs,002,CibleWazuh,,,/var/log/suricata/eve.json,,0,,,1
2026-07-14T15:25:05.396+0000,86601,3,"[""ids"", ""suricata""]",Suricata: Alert - SURICATA STREAM 3way handshake excessive different SYNs,002,CibleWazuh,,,/var/log/suricata/eve.json,,0,,,1
2026-07-14T15:31:12.464+0000,86601,3,"[""ids"", ""suricata""]",Suricata: Alert - SURICATA STREAM 3way handshake excessive different SYNs,002,CibleWazuh,,,/var/log/suricata/eve.json,,0,,,1
2026-07-14T15:25:02.252+0000,86601,3,"[""ids"", ""suricata""]",Suricata: Alert - SURICATA STREAM 3way handshake excessive different SYNs,002,CibleWazuh,,,/var/log/suricata/eve.json,,0,,,1
2026-07-14T15:31:17.038+0000,86601,3,"[""ids"", ""suricata""]",Suricata: Alert - SURICATA STREAM 3way handshake excessive different SYNs,002,CibleWazuh,,,/var/log/suricata/eve.json,,0,,,1
2026-07-14T15:31:14.443+0000,86601,3,"[""ids"", ""suricata""]",Suricata: Alert - SURICATA STREAM 3way handshake excessive different SYNs,002,CibleWazuh,,,/var/log/suricata/eve.json,,0,,,1
2026-07-14T15:26:27.499+0000,86601,3,"[""ids"", ""suricata""]",Suricata: Alert - SURICATA STREAM 3way handshake excessive different SYNs,002,CibleWazuh,,,/var/log/suricata/eve.json,,0,,,1
2026-07-14T15:25:14.291+0000,86601,3,"[""ids"", ""suricata""]",Suricata: Alert - SURICATA STREAM 3way handshake excessive different SYNs,002,CibleWazuh,,,/var/log/suricata/eve.json,,0,,,1
2026-07-14T15:25:40.872+0000,86601,3,"[""ids"", ""suricata""]",Suricata: Alert - SURICATA STREAM 3way handshake excessive different SYNs,002,CibleWazuh,,,/var/log/suricata/eve.json,,0,,,1
2026-07-14T15:25:35.277+0000,86601,3,"[""ids"", ""suricata""]",Suricata: Alert - SURICATA STREAM 3way handshake excessive different SYNs,002,CibleWazuh,,,/var/log/suricata/eve.json,,0,,,1
2026-07-14T15:25:31.238+0000,86601,3,"[""ids"", ""suricata""]",Suricata: Alert - SURICATA STREAM 3way handshake excessive different SYNs,002,CibleWazuh,,,/var/log/suricata/eve.json,,0,,,1
2026-07-14T15:31:08.227+0000,86601,3,"[""ids"", ""suricata""]",Suricata: Alert - SURICATA STREAM 3way handshake excessive different SYNs,002,CibleWazuh,,,/var/log/suricata/eve.json,,0,,,1
2026-07-14T15:26:24.212+0000,86601,3,"[""ids"", ""suricata""]",Suricata: Alert - SURICATA STREAM 3way handshake excessive different SYNs,002,CibleWazuh,,,/var/log/suricata/eve.json,,0,,,1
2026-07-14T15:26:23.608+0000,86601,3,"[""ids"", ""suricata""]",Suricata: Alert - SURICATA STREAM 3way handshake excessive different SYNs,002,CibleWazuh,,,/var/log/suricata/eve.json,,0,,,1
2026-07-14T15:25:11.560+0000,86601,3,"[""ids"", ""suricata""]",Suricata: Alert - SURICATA STREAM 3way handshake excessive different SYNs,002,CibleWazuh,,,/var/log/suricata/eve.json,,0,,,1
2026-07-14T15:31:12.432+0000,86601,3,"[""ids"", ""suricata""]",Suricata: Alert - SURICATA STREAM 3way handshake excessive different SYNs,002,CibleWazuh,,,/var/log/suricata/eve.json,,0,,,1
2026-07-14T15:25:01.573+0000,86601,3,"[""ids"", ""suricata""]",Suricata: Alert - SURICATA STREAM 3way handshake excessive different SYNs,002,CibleWazuh,,,/var/log/suricata/eve.json,,0,,,1
2026-07-14T15:27:50.945+0000,86601,3,"[""ids"", ""suricata""]",Suricata: Alert - SURICATA STREAM 3way handshake excessive different SYNs,002,CibleWazuh,,,/var/log/suricata/eve.json,,0,,,1
2026-07-14T15:31:07.413+0000,86601,3,"[""ids"", ""suricata""]",Suricata: Alert - SURICATA STREAM 3way handshake excessive different SYNs,002,CibleWazuh,,,/var/log/suricata/eve.json,,0,,,1
2026-07-14T15:27:39.931+0000,86601,3,"[""ids"", ""suricata""]",Suricata: Alert - SURICATA STREAM 3way handshake excessive different SYNs,002,CibleWazuh,,,/var/log/suricata/eve.json,,0,,,1
2026-07-14T15:27:48.867+0000,86601,3,"[""ids"", ""suricata""]",Suricata: Alert - SURICATA STREAM 3way handshake excessive different SYNs,002,CibleWazuh,,,/var/log/suricata/eve.json,,0,,,1
2026-07-14T14:09:51.195+0000,86601,3,"[""ids"", ""suricata""]",Suricata: Alert - ET SCAN NMAP TCP connect -sT,002,CibleWazuh,,,/var/log/suricata/eve.json,,0,,,1
2026-07-14T15:25:11.118+0000,86601,3,"[""ids"", ""suricata""]",Suricata: Alert - SURICATA STREAM 3way handshake excessive different SYNs,002,CibleWazuh,,,/var/log/suricata/eve.json,,0,,,1
2026-07-14T15:27:52.420+0000,86601,3,"[""ids"", ""suricata""]",Suricata: Alert - SURICATA STREAM 3way handshake excessive different SYNs,002,CibleWazuh,,,/var/log/suricata/eve.json,,0,,,1
2026-07-14T15:31:09.300+0000,86601,3,"[""ids"", ""suricata""]",Suricata: Alert - SURICATA STREAM 3way handshake excessive different SYNs,002,CibleWazuh,,,/var/log/suricata/eve.json,,0,,,1
2026-07-14T15:31:05.758+0000,86601,3,"[""ids"", ""suricata""]",Suricata: Alert - SURICATA STREAM 3way handshake excessive different SYNs,002,CibleWazuh,,,/var/log/suricata/eve.json,,0,,,1
2026-07-14T14:37:23.366+0000,5502,3,"[""pam"", ""syslog""]",PAM: Login session closed.,000,UbuntuWazuh,,root,journald,Jul 14 14:37:22 UbuntuWazuh sudo[22373]: pam_unix(sudo:session): session closed for user root,0,,,0
2026-07-14T15:30:52.243+0000,86601,3,"[""ids"", ""suricata""]",Suricata: Alert - SURICATA STREAM 3way handshake excessive different SYNs,002,CibleWazuh,,,/var/log/suricata/eve.json,,0,,,1
2026-07-14T15:24:53.748+0000,86601,3,"[""ids"", ""suricata""]",Suricata: Alert - SURICATA STREAM 3way handshake excessive different SYNs,002,CibleWazuh,,,/var/log/suricata/eve.json,,0,,,1
2026-07-14T15:26:22.725+0000,86601,3,"[""ids"", ""suricata""]",Suricata: Alert - SURICATA STREAM 3way handshake excessive different SYNs,002,CibleWazuh,,,/var/log/suricata/eve.json,,0,,,1
2026-07-14T14:14:57.297+0000,86601,3,"[""ids"", ""suricata""]",Suricata: Alert - ET SCAN NMAP -sV version,002,CibleWazuh,,,/var/log/suricata/eve.json,,0,,,1
2026-07-14T15:27:57.927+0000,86601,3,"[""ids"", ""suricata""]",Suricata: Alert - SURICATA STREAM 3way handshake excessive different SYNs,002,CibleWazuh,,,/var/log/suricata/eve.json,,0,,,1
2026-07-14T15:25:16.534+0000,86601,3,"[""ids"", ""suricata""]",Suricata: Alert - SURICATA STREAM 3way handshake excessive different SYNs,002,CibleWazuh,,,/var/log/suricata/eve.json,,0,,,1
2026-07-14T15:27:46.374+0000,86601,3,"[""ids"", ""suricata""]",Suricata: Alert - SURICATA STREAM 3way handshake excessive different SYNs,002,CibleWazuh,,,/var/log/suricata/eve.json,,0,,,1
2026-07-14T15:38:00.826+0000,86601,3,"[""ids"", ""suricata""]",Suricata: Alert - SURICATA STREAM 3way handshake excessive different SYNs,002,CibleWazuh,,,/var/log/suricata/eve.json,,0,,,1
2026-07-14T15:25:04.542+0000,86601,3,"[""ids"", ""suricata""]",Suricata: Alert - SURICATA STREAM 3way handshake excessive different SYNs,002,CibleWazuh,,,/var/log/suricata/eve.json,,0,,,1
2026-07-14T15:27:45.784+0000,86601,3,"[""ids"", ""suricata""]",Suricata: Alert - SURICATA STREAM 3way handshake excessive different SYNs,002,CibleWazuh,,,/var/log/suricata/eve.json,,0,,,1
2026-07-14T15:27:43.163+0000,86601,3,"[""ids"", ""suricata""]",Suricata: Alert - SURICATA STREAM 3way handshake excessive different SYNs,002,CibleWazuh,,,/var/log/suricata/eve.json,,0,,,1
2026-07-14T15:25:29.205+0000,86601,3,"[""ids"", ""suricata""]",Suricata: Alert - SURICATA STREAM 3way handshake excessive different SYNs,002,CibleWazuh,,,/var/log/suricata/eve.json,,0,,,1
2026-07-14T15:38:02.613+0000,86601,3,"[""ids"", ""suricata""]",Suricata: Alert - SURICATA STREAM 3way handshake excessive different SYNs,002,CibleWazuh,,,/var/log/suricata/eve.json,,0,,,1
2026-07-14T15:30:55.377+0000,86601,3,"[""ids"", ""suricata""]",Suricata: Alert - SURICATA STREAM 3way handshake excessive different SYNs,002,CibleWazuh,,,/var/log/suricata/eve.json,,0,,,1
2026-07-14T15:24:57.635+0000,86601,3,"[""ids"", ""suricata""]",Suricata: Alert - SURICATA STREAM 3way handshake excessive different SYNs,002,CibleWazuh,,,/var/log/suricata/eve.json,,0,,,1
2026-07-14T15:30:58.474+0000,86601,3,"[""ids"", ""suricata""]",Suricata: Alert - SURICATA STREAM 3way handshake excessive different SYNs,002,CibleWazuh,,,/var/log/suricata/eve.json,,0,,,1
2026-07-14T15:26:13.632+0000,86601,3,"[""ids"", ""suricata""]",Suricata: Alert - SURICATA STREAM 3way handshake excessive different SYNs,002,CibleWazuh,,,/var/log/suricata/eve.json,,0,,,1
2026-07-14T15:25:41.183+0000,86601,3,"[""ids"", ""suricata""]",Suricata: Alert - SURICATA STREAM 3way handshake excessive different SYNs,002,CibleWazuh,,,/var/log/suricata/eve.json,,0,,,1
2026-07-14T15:27:51.024+0000,86601,3,"[""ids"", ""suricata""]",Suricata: Alert - SURICATA STREAM 3way handshake excessive different SYNs,002,CibleWazuh,,,/var/log/suricata/eve.json,,0,,,1
2026-07-14T15:26:17.092+0000,86601,3,"[""ids"", ""suricata""]",Suricata: Alert - SURICATA STREAM 3way handshake excessive different SYNs,002,CibleWazuh,,,/var/log/suricata/eve.json,,0,,,1
2026-07-14T15:25:24.227+0000,86601,3,"[""ids"", ""suricata""]",Suricata: Alert - SURICATA STREAM 3way handshake excessive different SYNs,002,CibleWazuh,,,/var/log/suricata/eve.json,,0,,,1
2026-07-14T15:25:15.899+0000,86601,3,"[""ids"", ""suricata""]",Suricata: Alert - SURICATA STREAM 3way handshake excessive different SYNs,002,CibleWazuh,,,/var/log/suricata/eve.json,,0,,,1
2026-07-14T15:27:54.544+0000,86601,3,"[""ids"", ""suricata""]",Suricata: Alert - SURICATA STREAM 3way handshake excessive different SYNs,002,CibleWazuh,,,/var/log/suricata/eve.json,,0,,,1
2026-07-14T14:10:25.175+0000,86601,3,"[""ids"", ""suricata""]",Suricata: Alert - ET SCAN NMAP TCP connect -sT,002,CibleWazuh,,,/var/log/suricata/eve.json,,0,,,1
2026-07-14T15:25:29.161+0000,86601,3,"[""ids"", ""suricata""]",Suricata: Alert - SURICATA STREAM 3way handshake excessive different SYNs,002,CibleWazuh,,,/var/log/suricata/eve.json,,0,,,1
2026-07-14T15:31:05.186+0000,86601,3,"[""ids"", ""suricata""]",Suricata: Alert - SURICATA STREAM 3way handshake excessive different SYNs,002,CibleWazuh,,,/var/log/suricata/eve.json,,0,,,1
2026-07-14T15:25:06.194+0000,86601,3,"[""ids"", ""suricata""]",Suricata: Alert - SURICATA STREAM 3way handshake excessive different SYNs,002,CibleWazuh,,,/var/log/suricata/eve.json,,0,,,1
2026-07-14T15:38:01.895+0000,86601,3,"[""ids"", ""suricata""]",Suricata: Alert - SURICATA STREAM 3way handshake excessive different SYNs,002,CibleWazuh,,,/var/log/suricata/eve.json,,0,,,1
2026-07-14T15:21:44.653+0000,5502,3,"[""pam"", ""syslog""]",PAM: Login session closed.,002,CibleWazuh,,root,journald,Jul 14 15:21:27 CibleWazuh sudo[14193]: pam_unix(sudo:session): session closed for user root,1,PARROT-HYDRA-01,malicious_bruteforce,0
2026-07-14T15:26:15.755+0000,86601,3,"[""ids"", ""suricata""]",Suricata: Alert - SURICATA STREAM 3way handshake excessive different SYNs,002,CibleWazuh,,,/var/log/suricata/eve.json,,0,,,1
2026-07-14T14:40:03.736+0000,5501,3,"[""pam"", ""syslog"", ""authentication_success""]",PAM: Login session opened.,000,UbuntuWazuh,,root,journald,Jul 14 14:40:01 UbuntuWazuh sudo[23216]: pam_unix(sudo:session): session opened for user root(uid=0) by vboxuser(uid=0),0,,,0
2026-07-14T15:37:44.094+0000,86601,3,"[""ids"", ""suricata""]",Suricata: Alert - SURICATA STREAM 3way handshake excessive different SYNs,002,CibleWazuh,,,/var/log/suricata/eve.json,,0,,,1
2026-07-14T15:25:22.076+0000,86601,3,"[""ids"", ""suricata""]",Suricata: Alert - SURICATA STREAM 3way handshake excessive different SYNs,002,CibleWazuh,,,/var/log/suricata/eve.json,,0,,,1
2026-07-14T15:30:54.683+0000,86601,3,"[""ids"", ""suricata""]",Suricata: Alert - SURICATA STREAM 3way handshake excessive different SYNs,002,CibleWazuh,,,/var/log/suricata/eve.json,,0,,,1
2026-07-14T15:26:19.906+0000,86601,3,"[""ids"", ""suricata""]",Suricata: Alert - SURICATA STREAM 3way handshake excessive different SYNs,002,CibleWazuh,,,/var/log/suricata/eve.json,,0,,,1
2026-07-14T15:26:21.863+0000,86601,3,"[""ids"", ""suricata""]",Suricata: Alert - SURICATA STREAM 3way handshake excessive different SYNs,002,CibleWazuh,,,/var/log/suricata/eve.json,,0,,,1
2026-07-14T15:26:12.499+0000,86601,3,"[""ids"", ""suricata""]",Suricata: Alert - SURICATA STREAM 3way handshake excessive different SYNs,002,CibleWazuh,,,/var/log/suricata/eve.json,,0,,,1
2026-07-14T15:25:18.116+0000,86601,3,"[""ids"", ""suricata""]",Suricata: Alert - SURICATA STREAM 3way handshake excessive different SYNs,002,CibleWazuh,,,/var/log/suricata/eve.json,,0,,,1
2026-07-14T15:37:52.014+0000,86601,3,"[""ids"", ""suricata""]",Suricata: Alert - SURICATA STREAM 3way handshake excessive different SYNs,002,CibleWazuh,,,/var/log/suricata/eve.json,,0,,,1
2026-07-14T15:37:54.634+0000,86601,3,"[""ids"", ""suricata""]",Suricata: Alert - SURICATA STREAM 3way handshake excessive different SYNs,002,CibleWazuh,,,/var/log/suricata/eve.json,,0,,,1
2026-07-14T15:24:56.217+0000,86601,3,"[""ids"", ""suricata""]",Suricata: Alert - SURICATA STREAM 3way handshake excessive different SYNs,002,CibleWazuh,,,/var/log/suricata/eve.json,,0,,,1
2026-07-14T15:27:51.754+0000,86601,3,"[""ids"", ""suricata""]",Suricata: Alert - SURICATA STREAM 3way handshake excessive different SYNs,002,CibleWazuh,,,/var/log/suricata/eve.json,,0,,,1
2026-07-14T15:24:49.646+0000,86601,3,"[""ids"", ""suricata""]",Suricata: Alert - SURICATA STREAM 3way handshake excessive different SYNs,002,CibleWazuh,,,/var/log/suricata/eve.json,,0,,,1
2026-07-14T15:37:36.693+0000,86601,3,"[""ids"", ""suricata""]",Suricata: Alert - SURICATA STREAM 3way handshake excessive different SYNs,002,CibleWazuh,,,/var/log/suricata/eve.json,,0,,,1
2026-07-14T15:25:20.968+0000,86601,3,"[""ids"", ""suricata""]",Suricata: Alert - SURICATA STREAM 3way handshake excessive different SYNs,002,CibleWazuh,,,/var/log/suricata/eve.json,,0,,,1
2026-07-14T15:18:11.083+0000,5402,3,"[""syslog"", ""sudo""]",Successful sudo to ROOT executed.,002,CibleWazuh,,root,journald,Jul 14 15:18:10 CibleWazuh sudo[14054]: vboxuser : PWD=/home/vboxuser ; USER=root ; COMMAND=/usr/sbin/ufw allow from 192.168.30.9 to any port 80 proto tcp comment 'TEMP: ParrotOS HTTP',1,PARROT-NMAP-01,malicious_nmap,0
2026-07-14T15:25:08.780+0000,86601,3,"[""ids"", ""suricata""]",Suricata: Alert - SURICATA STREAM 3way handshake excessive different SYNs,002,CibleWazuh,,,/var/log/suricata/eve.json,,0,,,1
2026-07-14T15:27:40.540+0000,86601,3,"[""ids"", ""suricata""]",Suricata: Alert - SURICATA STREAM 3way handshake excessive different SYNs,002,CibleWazuh,,,/var/log/suricata/eve.json,,0,,,1
2026-07-14T15:37:57.915+0000,86601,3,"[""ids"", ""suricata""]",Suricata: Alert - SURICATA STREAM 3way handshake excessive different SYNs,002,CibleWazuh,,,/var/log/suricata/eve.json,,0,,,1
2026-07-14T15:37:53.172+0000,86601,3,"[""ids"", ""suricata""]",Suricata: Alert - SURICATA STREAM 3way handshake excessive different SYNs,002,CibleWazuh,,,/var/log/suricata/eve.json,,0,,,1
2026-07-14T15:25:30.602+0000,86601,3,"[""ids"", ""suricata""]",Suricata: Alert - SURICATA STREAM 3way handshake excessive different SYNs,002,CibleWazuh,,,/var/log/suricata/eve.json,,0,,,1
2026-07-14T15:26:22.341+0000,86601,3,"[""ids"", ""suricata""]",Suricata: Alert - SURICATA STREAM 3way handshake excessive different SYNs,002,CibleWazuh,,,/var/log/suricata/eve.json,,0,,,1
2026-07-14T15:31:14.400+0000,86601,3,"[""ids"", ""suricata""]",Suricata: Alert - SURICATA STREAM 3way handshake excessive different SYNs,002,CibleWazuh,,,/var/log/suricata/eve.json,,0,,,1
2026-07-14T13:59:12.897+0000,2904,7,"[""syslog"", ""dpkg"", ""config_changed""]",Dpkg (Debian Package) half configured.,002,CibleWazuh,,,/var/log/dpkg.log,2026-07-14 15:59:12 status half-configured openssh-client:amd64 1:8.9p1-3ubuntu0.10,0,,,0
2026-07-14T15:31:12.434+0000,86601,3,"[""ids"", ""suricata""]",Suricata: Alert - SURICATA STREAM 3way handshake excessive different SYNs,002,CibleWazuh,,,/var/log/suricata/eve.json,,0,,,1
2026-07-14T15:37:34.664+0000,86601,3,"[""ids"", ""suricata""]",Suricata: Alert - SURICATA STREAM 3way handshake excessive different SYNs,002,CibleWazuh,,,/var/log/suricata/eve.json,,0,,,1
2026-07-14T15:25:31.005+0000,86601,3,"[""ids"", ""suricata""]",Suricata: Alert - SURICATA STREAM 3way handshake excessive different SYNs,002,CibleWazuh,,,/var/log/suricata/eve.json,,0,,,1
2026-07-14T15:31:06.186+0000,86601,3,"[""ids"", ""suricata""]",Suricata: Alert - SURICATA STREAM 3way handshake excessive different SYNs,002,CibleWazuh,,,/var/log/suricata/eve.json,,0,,,1
2026-07-14T15:27:57.927+0000,86601,3,"[""ids"", ""suricata""]",Suricata: Alert - SURICATA STREAM 3way handshake excessive different SYNs,002,CibleWazuh,,,/var/log/suricata/eve.json,,0,,,1
2026-07-14T15:27:57.965+0000,86601,3,"[""ids"", ""suricata""]",Suricata: Alert - SURICATA STREAM 3way handshake excessive different SYNs,002,CibleWazuh,,,/var/log/suricata/eve.json,,0,,,1
2026-07-14T15:26:23.342+0000,86601,3,"[""ids"", ""suricata""]",Suricata: Alert - SURICATA STREAM 3way handshake excessive different SYNs,002,CibleWazuh,,,/var/log/suricata/eve.json,,0,,,1
2026-07-14T15:26:24.924+0000,86601,3,"[""ids"", ""suricata""]",Suricata: Alert - SURICATA STREAM 3way handshake excessive different SYNs,002,CibleWazuh,,,/var/log/suricata/eve.json,,0,,,1
2026-07-14T15:30:58.916+0000,86601,3,"[""ids"", ""suricata""]",Suricata: Alert - SURICATA STREAM 3way handshake excessive different SYNs,002,CibleWazuh,,,/var/log/suricata/eve.json,,0,,,1
2026-07-14T15:31:17.681+0000,86601,3,"[""ids"", ""suricata""]",Suricata: Alert - SURICATA STREAM 3way handshake excessive different SYNs,002,CibleWazuh,,,/var/log/suricata/eve.json,,0,,,1
2026-07-14T15:27:45.460+0000,86601,3,"[""ids"", ""suricata""]",Suricata: Alert - SURICATA STREAM 3way handshake excessive different SYNs,002,CibleWazuh,,,/var/log/suricata/eve.json,,0,,,1
2026-07-14T15:26:22.584+0000,86601,3,"[""ids"", ""suricata""]",Suricata: Alert - SURICATA STREAM 3way handshake excessive different SYNs,002,CibleWazuh,,,/var/log/suricata/eve.json,,0,,,1
2026-07-14T15:27:43.378+0000,86601,3,"[""ids"", ""suricata""]",Suricata: Alert - SURICATA STREAM 3way handshake excessive different SYNs,002,CibleWazuh,,,/var/log/suricata/eve.json,,0,,,1
2026-07-14T15:38:02.564+0000,86601,3,"[""ids"", ""suricata""]",Suricata: Alert - SURICATA STREAM 3way handshake excessive different SYNs,002,CibleWazuh,,,/var/log/suricata/eve.json,,0,,,1
2026-07-14T15:37:40.844+0000,86601,3,"[""ids"", ""suricata""]",Suricata: Alert - SURICATA STREAM 3way handshake excessive different SYNs,002,CibleWazuh,,,/var/log/suricata/eve.json,,0,,,1
2026-07-14T15:31:08.916+0000,86601,3,"[""ids"", ""suricata""]",Suricata: Alert - SURICATA STREAM 3way handshake excessive different SYNs,002,CibleWazuh,,,/var/log/suricata/eve.json,,0,,,1
2026-07-14T15:31:00.699+0000,86601,3,"[""ids"", ""suricata""]",Suricata: Alert - SURICATA STREAM 3way handshake excessive different SYNs,002,CibleWazuh,,,/var/log/suricata/eve.json,,0,,,1
2026-07-14T15:31:17.373+0000,86601,3,"[""ids"", ""suricata""]",Suricata: Alert - SURICATA STREAM 3way handshake excessive different SYNs,002,CibleWazuh,,,/var/log/suricata/eve.json,,0,,,1
2026-07-14T13:56:16.421+0000,5502,3,"[""pam"", ""syslog""]",PAM: Login session closed.,002,CibleWazuh,,root,journald,Jul 14 13:56:14 CibleWazuh sudo[4807]: pam_unix(sudo:session): session closed for user root,0,,,0
2026-07-14T15:25:29.771+0000,86601,3,"[""ids"", ""suricata""]",Suricata: Alert - SURICATA STREAM 3way handshake excessive different SYNs,002,CibleWazuh,,,/var/log/suricata/eve.json,,0,,,1
2026-07-14T15:25:34.376+0000,86601,3,"[""ids"", ""suricata""]",Suricata: Alert - SURICATA STREAM 3way handshake excessive different SYNs,002,CibleWazuh,,,/var/log/suricata/eve.json,,0,,,1
2026-07-14T15:31:08.431+0000,86601,3,"[""ids"", ""suricata""]",Suricata: Alert - SURICATA STREAM 3way handshake excessive different SYNs,002,CibleWazuh,,,/var/log/suricata/eve.json,,0,,,1
2026-07-14T15:26:27.725+0000,86601,3,"[""ids"", ""suricata""]",Suricata: Alert - SURICATA STREAM 3way handshake excessive different SYNs,002,CibleWazuh,,,/var/log/suricata/eve.json,,0,,,1
2026-07-14T15:37:55.624+0000,86601,3,"[""ids"", ""suricata""]",Suricata: Alert - SURICATA STREAM 3way handshake excessive different SYNs,002,CibleWazuh,,,/var/log/suricata/eve.json,,0,,,1
2026-07-14T15:25:06.149+0000,86601,3,"[""ids"", ""suricata""]",Suricata: Alert - SURICATA STREAM 3way handshake excessive different SYNs,002,CibleWazuh,,,/var/log/suricata/eve.json,,0,,,1
2026-07-14T15:25:37.719+0000,86601,3,"[""ids"", ""suricata""]",Suricata: Alert - SURICATA STREAM 3way handshake excessive different SYNs,002,CibleWazuh,,,/var/log/suricata/eve.json,,0,,,1
2026-07-14T15:25:38.048+0000,86601,3,"[""ids"", ""suricata""]",Suricata: Alert - SURICATA STREAM 3way handshake excessive different SYNs,002,CibleWazuh,,,/var/log/suricata/eve.json,,0,,,1
2026-07-14T15:26:22.396+0000,86601,3,"[""ids"", ""suricata""]",Suricata: Alert - SURICATA STREAM 3way handshake excessive different SYNs,002,CibleWazuh,,,/var/log/suricata/eve.json,,0,,,1
2026-07-14T15:25:27.526+0000,86601,3,"[""ids"", ""suricata""]",Suricata: Alert - SURICATA STREAM 3way handshake excessive different SYNs,002,CibleWazuh,,,/var/log/suricata/eve.json,,0,,,1
2026-07-14T15:25:19.801+0000,86601,3,"[""ids"", ""suricata""]",Suricata: Alert - SURICATA STREAM 3way handshake excessive different SYNs,002,CibleWazuh,,,/var/log/suricata/eve.json,,0,,,1
2026-07-14T15:25:29.285+0000,86601,3,"[""ids"", ""suricata""]",Suricata: Alert - SURICATA STREAM 3way handshake excessive different SYNs,002,CibleWazuh,,,/var/log/suricata/eve.json,,0,,,1
2026-07-14T15:31:10.673+0000,86601,3,"[""ids"", ""suricata""]",Suricata: Alert - SURICATA STREAM 3way handshake excessive different SYNs,002,CibleWazuh,,,/var/log/suricata/eve.json,,0,,,1
2026-07-14T15:30:56.607+0000,86601,3,"[""ids"", ""suricata""]",Suricata: Alert - SURICATA STREAM 3way handshake excessive different SYNs,002,CibleWazuh,,,/var/log/suricata/eve.json,,0,,,1
2026-07-14T15:31:04.658+0000,86601,3,"[""ids"", ""suricata""]",Suricata: Alert - SURICATA STREAM 3way handshake excessive different SYNs,002,CibleWazuh,,,/var/log/suricata/eve.json,,0,,,1
2026-07-14T15:37:56.203+0000,86601,3,"[""ids"", ""suricata""]",Suricata: Alert - SURICATA STREAM 3way handshake excessive different SYNs,002,CibleWazuh,,,/var/log/suricata/eve.json,,0,,,1
2026-07-14T15:37:57.918+0000,86601,3,"[""ids"", ""suricata""]",Suricata: Alert - SURICATA STREAM 3way handshake excessive different SYNs,002,CibleWazuh,,,/var/log/suricata/eve.json,,0,,,1
2026-07-14T15:27:57.540+0000,86601,3,"[""ids"", ""suricata""]",Suricata: Alert - SURICATA STREAM 3way handshake excessive different SYNs,002,CibleWazuh,,,/var/log/suricata/eve.json,,0,,,1
2026-07-14T15:24:56.365+0000,86601,3,"[""ids"", ""suricata""]",Suricata: Alert - SURICATA STREAM 3way handshake excessive different SYNs,002,CibleWazuh,,,/var/log/suricata/eve.json,,0,,,1
2026-07-14T15:27:39.966+0000,86601,3,"[""ids"", ""suricata""]",Suricata: Alert - SURICATA STREAM 3way handshake excessive different SYNs,002,CibleWazuh,,,/var/log/suricata/eve.json,,0,,,1
2026-07-14T15:27:55.651+0000,86601,3,"[""ids"", ""suricata""]",Suricata: Alert - SURICATA STREAM 3way handshake excessive different SYNs,002,CibleWazuh,,,/var/log/suricata/eve.json,,0,,,1
2026-07-14T15:25:35.278+0000,86601,3,"[""ids"", ""suricata""]",Suricata: Alert - SURICATA STREAM 3way handshake excessive different SYNs,002,CibleWazuh,,,/var/log/suricata/eve.json,,0,,,1
2026-07-14T15:27:56.654+0000,86601,3,"[""ids"", ""suricata""]",Suricata: Alert - SURICATA STREAM 3way handshake excessive different SYNs,002,CibleWazuh,,,/var/log/suricata/eve.json,,0,,,1
2026-07-14T15:27:55.945+0000,86601,3,"[""ids"", ""suricata""]",Suricata: Alert - SURICATA STREAM 3way handshake excessive different SYNs,002,CibleWazuh,,,/var/log/suricata/eve.json,,0,,,1
2026-07-14T14:58:28.580+0000,5760,5,"[""syslog"", ""sshd"", ""authentication_failed""]",sshd: authentication failed.,002,CibleWazuh,192.168.30.10,vboxuser,journald,Jul 14 14:58:26 CibleWazuh sshd[12305]: Failed password for vboxuser from 192.168.30.10 port 48068 ssh2,0,,,0
2026-07-14T15:27:49.155+0000,86601,3,"[""ids"", ""suricata""]",Suricata: Alert - SURICATA STREAM 3way handshake excessive different SYNs,002,CibleWazuh,,,/var/log/suricata/eve.json,,0,,,1
2026-07-14T15:27:43.508+0000,86601,3,"[""ids"", ""suricata""]",Suricata: Alert - SURICATA STREAM 3way handshake excessive different SYNs,002,CibleWazuh,,,/var/log/suricata/eve.json,,0,,,1
2026-07-14T15:26:23.435+0000,86601,3,"[""ids"", ""suricata""]",Suricata: Alert - SURICATA STREAM 3way handshake excessive different SYNs,002,CibleWazuh,,,/var/log/suricata/eve.json,,0,,,1
2026-07-14T15:25:26.642+0000,86601,3,"[""ids"", ""suricata""]",Suricata: Alert - SURICATA STREAM 3way handshake excessive different SYNs,002,CibleWazuh,,,/var/log/suricata/eve.json,,0,,,1
2026-07-14T15:27:49.801+0000,86601,3,"[""ids"", ""suricata""]",Suricata: Alert - SURICATA STREAM 3way handshake excessive different SYNs,002,CibleWazuh,,,/var/log/suricata/eve.json,,0,,,1
2026-07-14T15:25:01.533+0000,86601,3,"[""ids"", ""suricata""]",Suricata: Alert - SURICATA STREAM 3way handshake excessive different SYNs,002,CibleWazuh,,,/var/log/suricata/eve.json,,0,,,1
2026-07-14T15:38:02.149+0000,86601,3,"[""ids"", ""suricata""]",Suricata: Alert - SURICATA STREAM 3way handshake excessive different SYNs,002,CibleWazuh,,,/var/log/suricata/eve.json,,0,,,1
2026-07-14T15:27:45.355+0000,86601,3,"[""ids"", ""suricata""]",Suricata: Alert - SURICATA STREAM 3way handshake excessive different SYNs,002,CibleWazuh,,,/var/log/suricata/eve.json,,0,,,1
2026-07-14T15:25:38.690+0000,86601,3,"[""ids"", ""suricata""]",Suricata: Alert - SURICATA STREAM 3way handshake excessive different SYNs,002,CibleWazuh,,,/var/log/suricata/eve.json,,0,,,1
2026-07-14T15:37:52.924+0000,86601,3,"[""ids"", ""suricata""]",Suricata: Alert - SURICATA STREAM 3way handshake excessive different SYNs,002,CibleWazuh,,,/var/log/suricata/eve.json,,0,,,1
2026-07-14T15:25:37.650+0000,86601,3,"[""ids"", ""suricata""]",Suricata: Alert - SURICATA STREAM 3way handshake excessive different SYNs,002,CibleWazuh,,,/var/log/suricata/eve.json,,0,,,1
2026-07-14T15:31:16.500+0000,86601,3,"[""ids"", ""suricata""]",Suricata: Alert - SURICATA STREAM 3way handshake excessive different SYNs,002,CibleWazuh,,,/var/log/suricata/eve.json,,0,,,1
2026-07-14T15:30:56.520+0000,86601,3,"[""ids"", ""suricata""]",Suricata: Alert - SURICATA STREAM 3way handshake excessive different SYNs,002,CibleWazuh,,,/var/log/suricata/eve.json,,0,,,1
2026-07-14T15:25:20.426+0000,86601,3,"[""ids"", ""suricata""]",Suricata: Alert - SURICATA STREAM 3way handshake excessive different SYNs,002,CibleWazuh,,,/var/log/suricata/eve.json,,0,,,1
2026-07-14T15:25:04.103+0000,86601,3,"[""ids"", ""suricata""]",Suricata: Alert - SURICATA STREAM 3way handshake excessive different SYNs,002,CibleWazuh,,,/var/log/suricata/eve.json,,0,,,1
2026-07-14T15:26:13.696+0000,86601,3,"[""ids"", ""suricata""]",Suricata: Alert - SURICATA STREAM 3way handshake excessive different SYNs,002,CibleWazuh,,,/var/log/suricata/eve.json,,0,,,1
2026-07-14T15:25:24.092+0000,86601,3,"[""ids"", ""suricata""]",Suricata: Alert - SURICATA STREAM 3way handshake excessive different SYNs,002,CibleWazuh,,,/var/log/suricata/eve.json,,0,,,1
2026-07-14T15:25:20.728+0000,86601,3,"[""ids"", ""suricata""]",Suricata: Alert - SURICATA STREAM 3way handshake excessive different SYNs,002,CibleWazuh,,,/var/log/suricata/eve.json,,0,,,1
2026-07-14T15:27:56.781+0000,86601,3,"[""ids"", ""suricata""]",Suricata: Alert - SURICATA STREAM 3way handshake excessive different SYNs,002,CibleWazuh,,,/var/log/suricata/eve.json,,0,,,1
2026-07-14T15:25:41.215+0000,86601,3,"[""ids"", ""suricata""]",Suricata: Alert - SURICATA STREAM 3way handshake excessive different SYNs,002,CibleWazuh,,,/var/log/suricata/eve.json,,0,,,1
2026-07-14T15:25:34.436+0000,86601,3,"[""ids"", ""suricata""]",Suricata: Alert - SURICATA STREAM 3way handshake excessive different SYNs,002,CibleWazuh,,,/var/log/suricata/eve.json,,0,,,1
2026-07-14T15:30:56.797+0000,86601,3,"[""ids"", ""suricata""]",Suricata: Alert - SURICATA STREAM 3way handshake excessive different SYNs,002,CibleWazuh,,,/var/log/suricata/eve.json,,0,,,1
2026-07-14T15:26:22.801+0000,86601,3,"[""ids"", ""suricata""]",Suricata: Alert - SURICATA STREAM 3way handshake excessive different SYNs,002,CibleWazuh,,,/var/log/suricata/eve.json,,0,,,1
2026-07-14T15:25:12.561+0000,86601,3,"[""ids"", ""suricata""]",Suricata: Alert - SURICATA STREAM 3way handshake excessive different SYNs,002,CibleWazuh,,,/var/log/suricata/eve.json,,0,,,1
2026-07-14T14:40:37.769+0000,40704,5,"[""local"", ""systemd""]",Systemd: Service exited due to a failure.,000,UbuntuWazuh,,,journald,"Jul 14 14:40:36 UbuntuWazuh systemd[1]: wazuh-inference.service: Main process exited, code=exited, status=1/FAILURE",0,,,0
2026-07-14T15:26:23.147+0000,86601,3,"[""ids"", ""suricata""]",Suricata: Alert - SURICATA STREAM 3way handshake excessive different SYNs,002,CibleWazuh,,,/var/log/suricata/eve.json,,0,,,1
2026-07-14T15:27:39.758+0000,86601,3,"[""ids"", ""suricata""]",Suricata: Alert - SURICATA STREAM 3way handshake excessive different SYNs,002,CibleWazuh,,,/var/log/suricata/eve.json,,0,,,1
2026-07-14T15:24:57.600+0000,86601,3,"[""ids"", ""suricata""]",Suricata: Alert - SURICATA STREAM 3way handshake excessive different SYNs,002,CibleWazuh,,,/var/log/suricata/eve.json,,0,,,1
2026-07-14T15:25:16.149+0000,86601,3,"[""ids"", ""suricata""]",Suricata: Alert - SURICATA STREAM 3way handshake excessive different SYNs,002,CibleWazuh,,,/var/log/suricata/eve.json,,0,,,1
2026-07-14T15:27:47.581+0000,86601,3,"[""ids"", ""suricata""]",Suricata: Alert - SURICATA STREAM 3way handshake excessive different SYNs,002,CibleWazuh,,,/var/log/suricata/eve.json,,0,,,1
2026-07-14T15:25:13.779+0000,86601,3,"[""ids"", ""suricata""]",Suricata: Alert - SURICATA STREAM 3way handshake excessive different SYNs,002,CibleWazuh,,,/var/log/suricata/eve.json,,0,,,1
2026-07-14T15:25:41.895+0000,86601,3,"[""ids"", ""suricata""]",Suricata: Alert - SURICATA STREAM 3way handshake excessive different SYNs,002,CibleWazuh,,,/var/log/suricata/eve.json,,0,,,1
2026-07-14T15:38:02.159+0000,86601,3,"[""ids"", ""suricata""]",Suricata: Alert - SURICATA STREAM 3way handshake excessive different SYNs,002,CibleWazuh,,,/var/log/suricata/eve.json,,0,,,1
2026-07-14T15:25:13.325+0000,86601,3,"[""ids"", ""suricata""]",Suricata: Alert - SURICATA STREAM 3way handshake excessive different SYNs,002,CibleWazuh,,,/var/log/suricata/eve.json,,0,,,1
2026-07-14T15:25:18.271+0000,86601,3,"[""ids"", ""suricata""]",Suricata: Alert - SURICATA STREAM 3way handshake excessive different SYNs,002,CibleWazuh,,,/var/log/suricata/eve.json,,0,,,1
2026-07-14T15:25:41.732+0000,86601,3,"[""ids"", ""suricata""]",Suricata: Alert - SURICATA STREAM 3way handshake excessive different SYNs,002,CibleWazuh,,,/var/log/suricata/eve.json,,0,,,1
2026-07-14T15:37:57.303+0000,86601,3,"[""ids"", ""suricata""]",Suricata: Alert - SURICATA STREAM 3way handshake excessive different SYNs,002,CibleWazuh,,,/var/log/suricata/eve.json,,0,,,1
2026-07-14T15:27:40.028+0000,86601,3,"[""ids"", ""suricata""]",Suricata: Alert - SURICATA STREAM 3way handshake excessive different SYNs,002,CibleWazuh,,,/var/log/suricata/eve.json,,0,,,1
2026-07-14T15:25:20.840+0000,86601,3,"[""ids"", ""suricata""]",Suricata: Alert - SURICATA STREAM 3way handshake excessive different SYNs,002,CibleWazuh,,,/var/log/suricata/eve.json,,0,,,1
2026-07-14T15:31:04.235+0000,86601,3,"[""ids"", ""suricata""]",Suricata: Alert - SURICATA STREAM 3way handshake excessive different SYNs,002,CibleWazuh,,,/var/log/suricata/eve.json,,0,,,1
2026-07-14T15:25:34.403+0000,86601,3,"[""ids"", ""suricata""]",Suricata: Alert - SURICATA STREAM 3way handshake excessive different SYNs,002,CibleWazuh,,,/var/log/suricata/eve.json,,0,,,1
2026-07-14T13:55:21.308+0000,86601,3,"[""ids"", ""suricata""]",Suricata: Alert - ET SCAN NMAP TCP connect -sT,002,CibleWazuh,,,/var/log/suricata/eve.json,,0,,,1
2026-07-14T15:31:17.827+0000,86601,3,"[""ids"", ""suricata""]",Suricata: Alert - SURICATA STREAM 3way handshake excessive different SYNs,002,CibleWazuh,,,/var/log/suricata/eve.json,,0,,,1
2026-07-14T15:25:19.377+0000,86601,3,"[""ids"", ""suricata""]",Suricata: Alert - SURICATA STREAM 3way handshake excessive different SYNs,002,CibleWazuh,,,/var/log/suricata/eve.json,,0,,,1
2026-07-14T15:26:27.425+0000,86601,3,"[""ids"", ""suricata""]",Suricata: Alert - SURICATA STREAM 3way handshake excessive different SYNs,002,CibleWazuh,,,/var/log/suricata/eve.json,,0,,,1
2026-07-14T15:27:40.354+0000,86601,3,"[""ids"", ""suricata""]",Suricata: Alert - SURICATA STREAM 3way handshake excessive different SYNs,002,CibleWazuh,,,/var/log/suricata/eve.json,,0,,,1
2026-07-14T14:41:27.814+0000,5502,3,"[""pam"", ""syslog""]",PAM: Login session closed.,000,UbuntuWazuh,,root,journald,Jul 14 14:41:25 UbuntuWazuh sudo[23797]: pam_unix(sudo:session): session closed for user root,0,,,0
2026-07-14T15:25:02.904+0000,86601,3,"[""ids"", ""suricata""]",Suricata: Alert - SURICATA STREAM 3way handshake excessive different SYNs,002,CibleWazuh,,,/var/log/suricata/eve.json,,0,,,1
2026-07-14T15:31:02.698+0000,86601,3,"[""ids"", ""suricata""]",Suricata: Alert - SURICATA STREAM 3way handshake excessive different SYNs,002,CibleWazuh,,,/var/log/suricata/eve.json,,0,,,1
2026-07-14T15:25:01.699+0000,86601,3,"[""ids"", ""suricata""]",Suricata: Alert - SURICATA STREAM 3way handshake excessive different SYNs,002,CibleWazuh,,,/var/log/suricata/eve.json,,0,,,1
2026-07-14T15:24:58.975+0000,86601,3,"[""ids"", ""suricata""]",Suricata: Alert - SURICATA STREAM 3way handshake excessive different SYNs,002,CibleWazuh,,,/var/log/suricata/eve.json,,0,,,1
2026-07-14T15:37:57.917+0000,86601,3,"[""ids"", ""suricata""]",Suricata: Alert - SURICATA STREAM 3way handshake excessive different SYNs,002,CibleWazuh,,,/var/log/suricata/eve.json,,0,,,1
2026-07-14T15:26:26.560+0000,86601,3,"[""ids"", ""suricata""]",Suricata: Alert - SURICATA STREAM 3way handshake excessive different SYNs,002,CibleWazuh,,,/var/log/suricata/eve.json,,0,,,1
2026-07-14T15:24:53.791+0000,86601,3,"[""ids"", ""suricata""]",Suricata: Alert - SURICATA STREAM 3way handshake excessive different SYNs,002,CibleWazuh,,,/var/log/suricata/eve.json,,0,,,1
2026-07-14T15:27:46.273+0000,86601,3,"[""ids"", ""suricata""]",Suricata: Alert - SURICATA STREAM 3way handshake excessive different SYNs,002,CibleWazuh,,,/var/log/suricata/eve.json,,0,,,1
2026-07-14T15:31:14.840+0000,86601,3,"[""ids"", ""suricata""]",Suricata: Alert - SURICATA STREAM 3way handshake excessive different SYNs,002,CibleWazuh,,,/var/log/suricata/eve.json,,0,,,1
2026-07-14T15:37:58.653+0000,86601,3,"[""ids"", ""suricata""]",Suricata: Alert - SURICATA STREAM 3way handshake excessive different SYNs,002,CibleWazuh,,,/var/log/suricata/eve.json,,0,,,1
2026-07-14T15:25:20.482+0000,86601,3,"[""ids"", ""suricata""]",Suricata: Alert - SURICATA STREAM 3way handshake excessive different SYNs,002,CibleWazuh,,,/var/log/suricata/eve.json,,0,,,1
2026-07-14T15:25:24.207+0000,86601,3,"[""ids"", ""suricata""]",Suricata: Alert - SURICATA STREAM 3way handshake excessive different SYNs,002,CibleWazuh,,,/var/log/suricata/eve.json,,0,,,1
2026-07-14T15:25:10.840+0000,86601,3,"[""ids"", ""suricata""]",Suricata: Alert - SURICATA STREAM 3way handshake excessive different SYNs,002,CibleWazuh,,,/var/log/suricata/eve.json,,0,,,1
2026-07-14T15:30:56.684+0000,86601,3,"[""ids"", ""suricata""]",Suricata: Alert - SURICATA STREAM 3way handshake excessive different SYNs,002,CibleWazuh,,,/var/log/suricata/eve.json,,0,,,1
2026-07-14T15:31:11.894+0000,86601,3,"[""ids"", ""suricata""]",Suricata: Alert - SURICATA STREAM 3way handshake excessive different SYNs,002,CibleWazuh,,,/var/log/suricata/eve.json,,0,,,1
2026-07-14T15:27:50.151+0000,86601,3,"[""ids"", ""suricata""]",Suricata: Alert - SURICATA STREAM 3way handshake excessive different SYNs,002,CibleWazuh,,,/var/log/suricata/eve.json,,0,,,1
2026-07-14T14:02:13.522+0000,2904,7,"[""syslog"", ""dpkg"", ""config_changed""]",Dpkg (Debian Package) half configured.,000,UbuntuWazuh,,,/var/log/dpkg.log,2026-07-14 14:02:13 status half-configured linux-headers-generic-hwe-24.04:amd64 6.17.0-35.35~24.04.1,0,,,0
2026-07-14T15:37:44.611+0000,86601,3,"[""ids"", ""suricata""]",Suricata: Alert - SURICATA STREAM 3way handshake excessive different SYNs,002,CibleWazuh,,,/var/log/suricata/eve.json,,0,,,1
2026-07-14T15:25:10.247+0000,86601,3,"[""ids"", ""suricata""]",Suricata: Alert - SURICATA STREAM 3way handshake excessive different SYNs,002,CibleWazuh,,,/var/log/suricata/eve.json,,0,,,1
2026-07-14T15:25:39.331+0000,86601,3,"[""ids"", ""suricata""]",Suricata: Alert - SURICATA STREAM 3way handshake excessive different SYNs,002,CibleWazuh,,,/var/log/suricata/eve.json,,0,,,1
2026-07-14T15:25:07.918+0000,86601,3,"[""ids"", ""suricata""]",Suricata: Alert - SURICATA STREAM 3way handshake excessive different SYNs,002,CibleWazuh,,,/var/log/suricata/eve.json,,0,,,1
2026-07-14T15:31:17.005+0000,86601,3,"[""ids"", ""suricata""]",Suricata: Alert - SURICATA STREAM 3way handshake excessive different SYNs,002,CibleWazuh,,,/var/log/suricata/eve.json,,0,,,1
2026-07-14T15:27:40.504+0000,86601,3,"[""ids"", ""suricata""]",Suricata: Alert - SURICATA STREAM 3way handshake excessive different SYNs,002,CibleWazuh,,,/var/log/suricata/eve.json,,0,,,1
2026-07-14T15:25:05.964+0000,86601,3,"[""ids"", ""suricata""]",Suricata: Alert - SURICATA STREAM 3way handshake excessive different SYNs,002,CibleWazuh,,,/var/log/suricata/eve.json,,0,,,1
2026-07-14T15:31:05.415+0000,86601,3,"[""ids"", ""suricata""]",Suricata: Alert - SURICATA STREAM 3way handshake excessive different SYNs,002,CibleWazuh,,,/var/log/suricata/eve.json,,0,,,1
2026-07-14T15:26:13.104+0000,86601,3,"[""ids"", ""suricata""]",Suricata: Alert - SURICATA STREAM 3way handshake excessive different SYNs,002,CibleWazuh,,,/var/log/suricata/eve.json,,0,,,1
2026-07-14T15:25:03.713+0000,86601,3,"[""ids"", ""suricata""]",Suricata: Alert - SURICATA STREAM 3way handshake excessive different SYNs,002,CibleWazuh,,,/var/log/suricata/eve.json,,0,,,1
2026-07-14T15:38:00.827+0000,86601,3,"[""ids"", ""suricata""]",Suricata: Alert - SURICATA STREAM 3way handshake excessive different SYNs,002,CibleWazuh,,,/var/log/suricata/eve.json,,0,,,1
2026-07-14T15:37:57.918+0000,86601,3,"[""ids"", ""suricata""]",Suricata: Alert - SURICATA STREAM 3way handshake excessive different SYNs,002,CibleWazuh,,,/var/log/suricata/eve.json,,0,,,1
2026-07-14T15:25:04.675+0000,86601,3,"[""ids"", ""suricata""]",Suricata: Alert - SURICATA STREAM 3way handshake excessive different SYNs,002,CibleWazuh,,,/var/log/suricata/eve.json,,0,,,1
2026-07-14T15:30:57.677+0000,86601,3,"[""ids"", ""suricata""]",Suricata: Alert - SURICATA STREAM 3way handshake excessive different SYNs,002,CibleWazuh,,,/var/log/suricata/eve.json,,0,,,1
2026-07-14T15:27:55.551+0000,86601,3,"[""ids"", ""suricata""]",Suricata: Alert - SURICATA STREAM 3way handshake excessive different SYNs,002,CibleWazuh,,,/var/log/suricata/eve.json,,0,,,1
2026-07-14T15:25:07.395+0000,86601,3,"[""ids"", ""suricata""]",Suricata: Alert - SURICATA STREAM 3way handshake excessive different SYNs,002,CibleWazuh,,,/var/log/suricata/eve.json,,0,,,1
2026-07-14T15:37:56.620+0000,86601,3,"[""ids"", ""suricata""]",Suricata: Alert - SURICATA STREAM 3way handshake excessive different SYNs,002,CibleWazuh,,,/var/log/suricata/eve.json,,0,,,1
2026-07-14T15:31:03.684+0000,86601,3,"[""ids"", ""suricata""]",Suricata: Alert - SURICATA STREAM 3way handshake excessive different SYNs,002,CibleWazuh,,,/var/log/suricata/eve.json,,0,,,1
2026-07-14T15:25:02.334+0000,86601,3,"[""ids"", ""suricata""]",Suricata: Alert - SURICATA STREAM 3way handshake excessive different SYNs,002,CibleWazuh,,,/var/log/suricata/eve.json,,0,,,1
2026-07-14T15:25:10.495+0000,86601,3,"[""ids"", ""suricata""]",Suricata: Alert - SURICATA STREAM 3way handshake excessive different SYNs,002,CibleWazuh,,,/var/log/suricata/eve.json,,0,,,1
2026-07-14T15:25:27.881+0000,86601,3,"[""ids"", ""suricata""]",Suricata: Alert - SURICATA STREAM 3way handshake excessive different SYNs,002,CibleWazuh,,,/var/log/suricata/eve.json,,0,,,1
2026-07-14T15:26:25.352+0000,86601,3,"[""ids"", ""suricata""]",Suricata: Alert - SURICATA STREAM 3way handshake excessive different SYNs,002,CibleWazuh,,,/var/log/suricata/eve.json,,0,,,1
2026-07-14T15:31:17.187+0000,86601,3,"[""ids"", ""suricata""]",Suricata: Alert - SURICATA STREAM 3way handshake excessive different SYNs,002,CibleWazuh,,,/var/log/suricata/eve.json,,0,,,1
2026-07-14T15:30:58.154+0000,86601,3,"[""ids"", ""suricata""]",Suricata: Alert - SURICATA STREAM 3way handshake excessive different SYNs,002,CibleWazuh,,,/var/log/suricata/eve.json,,0,,,1
2026-07-14T15:31:12.485+0000,86601,3,"[""ids"", ""suricata""]",Suricata: Alert - SURICATA STREAM 3way handshake excessive different SYNs,002,CibleWazuh,,,/var/log/suricata/eve.json,,0,,,1
2026-07-14T15:25:29.568+0000,86601,3,"[""ids"", ""suricata""]",Suricata: Alert - SURICATA STREAM 3way handshake excessive different SYNs,002,CibleWazuh,,,/var/log/suricata/eve.json,,0,,,1
2026-07-14T15:25:30.734+0000,86601,3,"[""ids"", ""suricata""]",Suricata: Alert - SURICATA STREAM 3way handshake excessive different SYNs,002,CibleWazuh,,,/var/log/suricata/eve.json,,0,,,1
2026-07-14T15:30:55.066+0000,86601,3,"[""ids"", ""suricata""]",Suricata: Alert - SURICATA STREAM 3way handshake excessive different SYNs,002,CibleWazuh,,,/var/log/suricata/eve.json,,0,,,1
2026-07-14T15:31:06.988+0000,86601,3,"[""ids"", ""suricata""]",Suricata: Alert - SURICATA STREAM 3way handshake excessive different SYNs,002,CibleWazuh,,,/var/log/suricata/eve.json,,0,,,1
2026-07-14T15:25:16.622+0000,86601,3,"[""ids"", ""suricata""]",Suricata: Alert - SURICATA STREAM 3way handshake excessive different SYNs,002,CibleWazuh,,,/var/log/suricata/eve.json,,0,,,1
2026-07-14T15:30:56.932+0000,86601,3,"[""ids"", ""suricata""]",Suricata: Alert - SURICATA STREAM 3way handshake excessive different SYNs,002,CibleWazuh,,,/var/log/suricata/eve.json,,0,,,1
2026-07-14T15:10:20.869+0000,5402,3,"[""syslog"", ""sudo""]",Successful sudo to ROOT executed.,002,CibleWazuh,,root,journald,Jul 14 15:10:19 CibleWazuh sudo[12954]: vboxuser : PWD=/home/vboxuser/wazuh-test/traffic-generator ; USER=root ; COMMAND=/usr/bin/python3 main.py --config config.yaml --duration 300,0,,,0
2026-07-14T15:25:18.925+0000,86601,3,"[""ids"", ""suricata""]",Suricata: Alert - SURICATA STREAM 3way handshake excessive different SYNs,002,CibleWazuh,,,/var/log/suricata/eve.json,,0,,,1
2026-07-14T15:37:55.513+0000,86601,3,"[""ids"", ""suricata""]",Suricata: Alert - SURICATA STREAM 3way handshake excessive different SYNs,002,CibleWazuh,,,/var/log/suricata/eve.json,,0,,,1
2026-07-14T15:26:14.649+0000,86601,3,"[""ids"", ""suricata""]",Suricata: Alert - SURICATA STREAM 3way handshake excessive different SYNs,002,CibleWazuh,,,/var/log/suricata/eve.json,,0,,,1
2026-07-14T15:25:23.114+0000,86601,3,"[""ids"", ""suricata""]",Suricata: Alert - SURICATA STREAM 3way handshake excessive different SYNs,002,CibleWazuh,,,/var/log/suricata/eve.json,,0,,,1
2026-07-14T15:37:44.914+0000,86601,3,"[""ids"", ""suricata""]",Suricata: Alert - SURICATA STREAM 3way handshake excessive different SYNs,002,CibleWazuh,,,/var/log/suricata/eve.json,,0,,,1
2026-07-14T15:25:24.532+0000,86601,3,"[""ids"", ""suricata""]",Suricata: Alert - SURICATA STREAM 3way handshake excessive different SYNs,002,CibleWazuh,,,/var/log/suricata/eve.json,,0,,,1
2026-07-14T15:38:03.310+0000,86601,3,"[""ids"", ""suricata""]",Suricata: Alert - SURICATA STREAM 3way handshake excessive different SYNs,002,CibleWazuh,,,/var/log/suricata/eve.json,,0,,,1
2026-07-14T15:37:57.303+0000,86601,3,"[""ids"", ""suricata""]",Suricata: Alert - SURICATA STREAM 3way handshake excessive different SYNs,002,CibleWazuh,,,/var/log/suricata/eve.json,,0,,,1
2026-07-14T15:37:44.254+0000,86601,3,"[""ids"", ""suricata""]",Suricata: Alert - SURICATA STREAM 3way handshake excessive different SYNs,002,CibleWazuh,,,/var/log/suricata/eve.json,,0,,,1
2026-07-14T15:26:26.951+0000,86601,3,"[""ids"", ""suricata""]",Suricata: Alert - SURICATA STREAM 3way handshake excessive different SYNs,002,CibleWazuh,,,/var/log/suricata/eve.json,,0,,,1
2026-07-14T15:25:01.478+0000,86601,3,"[""ids"", ""suricata""]",Suricata: Alert - SURICATA STREAM 3way handshake excessive different SYNs,002,CibleWazuh,,,/var/log/suricata/eve.json,,0,,,1
2026-07-14T15:27:54.939+0000,86601,3,"[""ids"", ""suricata""]",Suricata: Alert - SURICATA STREAM 3way handshake excessive different SYNs,002,CibleWazuh,,,/var/log/suricata/eve.json,,0,,,1
2026-07-14T15:25:04.675+0000,86601,3,"[""ids"", ""suricata""]",Suricata: Alert - SURICATA STREAM 3way handshake excessive different SYNs,002,CibleWazuh,,,/var/log/suricata/eve.json,,0,,,1
2026-07-14T15:31:03.014+0000,86601,3,"[""ids"", ""suricata""]",Suricata: Alert - SURICATA STREAM 3way handshake excessive different SYNs,002,CibleWazuh,,,/var/log/suricata/eve.json,,0,,,1
2026-07-14T15:27:39.807+0000,86601,3,"[""ids"", ""suricata""]",Suricata: Alert - SURICATA STREAM 3way handshake excessive different SYNs,002,CibleWazuh,,,/var/log/suricata/eve.json,,0,,,1
2026-07-14T15:37:43.938+0000,86601,3,"[""ids"", ""suricata""]",Suricata: Alert - SURICATA STREAM 3way handshake excessive different SYNs,002,CibleWazuh,,,/var/log/suricata/eve.json,,0,,,1
2026-07-14T15:26:20.835+0000,86601,3,"[""ids"", ""suricata""]",Suricata: Alert - SURICATA STREAM 3way handshake excessive different SYNs,002,CibleWazuh,,,/var/log/suricata/eve.json,,0,,,1
2026-07-14T15:26:27.519+0000,86601,3,"[""ids"", ""suricata""]",Suricata: Alert - SURICATA STREAM 3way handshake excessive different SYNs,002,CibleWazuh,,,/var/log/suricata/eve.json,,0,,,1
2026-07-14T14:18:29.373+0000,86601,3,"[""ids"", ""suricata""]",Suricata: Alert - ET SCAN NMAP -sV version,002,CibleWazuh,,,/var/log/suricata/eve.json,,1,TG-0002,malicious_bruteforce,1
2026-07-14T15:38:00.987+0000,86601,3,"[""ids"", ""suricata""]",Suricata: Alert - SURICATA STREAM 3way handshake excessive different SYNs,002,CibleWazuh,,,/var/log/suricata/eve.json,,0,,,1
2026-07-14T15:26:25.216+0000,86601,3,"[""ids"", ""suricata""]",Suricata: Alert - SURICATA STREAM 3way handshake excessive different SYNs,002,CibleWazuh,,,/var/log/suricata/eve.json,,0,,,1
2026-07-14T15:26:12.288+0000,86601,3,"[""ids"", ""suricata""]",Suricata: Alert - SURICATA STREAM 3way handshake excessive different SYNs,002,CibleWazuh,,,/var/log/suricata/eve.json,,0,,,1
2026-07-14T15:26:24.548+0000,86601,3,"[""ids"", ""suricata""]",Suricata: Alert - SURICATA STREAM 3way handshake excessive different SYNs,002,CibleWazuh,,,/var/log/suricata/eve.json,,0,,,1
2026-07-14T15:37:55.018+0000,86601,3,"[""ids"", ""suricata""]",Suricata: Alert - SURICATA STREAM 3way handshake excessive different SYNs,002,CibleWazuh,,,/var/log/suricata/eve.json,,0,,,1
2026-07-14T15:21:44.653+0000,5502,3,"[""pam"", ""syslog""]",PAM: Login session closed.,002,CibleWazuh,,vboxuser,journald,Jul 14 15:21:28 CibleWazuh sshd[14154]: pam_unix(sshd:session): session closed for user vboxuser,1,PARROT-HYDRA-01,malicious_bruteforce,0
2026-07-14T15:30:58.756+0000,86601,3,"[""ids"", ""suricata""]",Suricata: Alert - SURICATA STREAM 3way handshake excessive different SYNs,002,CibleWazuh,,,/var/log/suricata/eve.json,,0,,,1
2026-07-14T15:25:32.735+0000,86601,3,"[""ids"", ""suricata""]",Suricata: Alert - SURICATA STREAM 3way handshake excessive different SYNs,002,CibleWazuh,,,/var/log/suricata/eve.json,,0,,,1
2026-07-14T15:38:02.920+0000,86601,3,"[""ids"", ""suricata""]",Suricata: Alert - SURICATA STREAM 3way handshake excessive different SYNs,002,CibleWazuh,,,/var/log/suricata/eve.json,,0,,,1
2026-07-14T15:30:56.766+0000,86601,3,"[""ids"", ""suricata""]",Suricata: Alert - SURICATA STREAM 3way handshake excessive different SYNs,002,CibleWazuh,,,/var/log/suricata/eve.json,,0,,,1
2026-07-14T15:31:16.898+0000,86601,3,"[""ids"", ""suricata""]",Suricata: Alert - SURICATA STREAM 3way handshake excessive different SYNs,002,CibleWazuh,,,/var/log/suricata/eve.json,,0,,,1
2026-07-14T15:27:43.624+0000,86601,3,"[""ids"", ""suricata""]",Suricata: Alert - SURICATA STREAM 3way handshake excessive different SYNs,002,CibleWazuh,,,/var/log/suricata/eve.json,,0,,,1
2026-07-14T15:25:15.331+0000,86601,3,"[""ids"", ""suricata""]",Suricata: Alert - SURICATA STREAM 3way handshake excessive different SYNs,002,CibleWazuh,,,/var/log/suricata/eve.json,,0,,,1
2026-07-14T15:26:16.254+0000,86601,3,"[""ids"", ""suricata""]",Suricata: Alert - SURICATA STREAM 3way handshake excessive different SYNs,002,CibleWazuh,,,/var/log/suricata/eve.json,,0,,,1
2026-07-14T15:26:19.063+0000,86601,3,"[""ids"", ""suricata""]",Suricata: Alert - SURICATA STREAM 3way handshake excessive different SYNs,002,CibleWazuh,,,/var/log/suricata/eve.json,,0,,,1
2026-07-14T15:19:24.432+0000,205,3,"[""wazuh"", ""agent_flooding""]",Agent event queue is back to normal load.,002,CibleWazuh,,,wazuh-agent,wazuh: Agent buffer: 'normal'.,1,PARROT-HYDRA-01,malicious_bruteforce,0
2026-07-14T15:27:45.058+0000,86601,3,"[""ids"", ""suricata""]",Suricata: Alert - SURICATA STREAM 3way handshake excessive different SYNs,002,CibleWazuh,,,/var/log/suricata/eve.json,,0,,,1
2026-07-14T15:31:03.212+0000,86601,3,"[""ids"", ""suricata""]",Suricata: Alert - SURICATA STREAM 3way handshake excessive different SYNs,002,CibleWazuh,,,/var/log/suricata/eve.json,,0,,,1
2026-07-14T15:31:14.135+0000,86601,3,"[""ids"", ""suricata""]",Suricata: Alert - SURICATA STREAM 3way handshake excessive different SYNs,002,CibleWazuh,,,/var/log/suricata/eve.json,,0,,,1
2026-07-14T15:27:42.412+0000,86601,3,"[""ids"", ""suricata""]",Suricata: Alert - SURICATA STREAM 3way handshake excessive different SYNs,002,CibleWazuh,,,/var/log/suricata/eve.json,,0,,,1
2026-07-14T15:37:52.013+0000,86601,3,"[""ids"", ""suricata""]",Suricata: Alert - SURICATA STREAM 3way handshake excessive different SYNs,002,CibleWazuh,,,/var/log/suricata/eve.json,,0,,,1
2026-07-14T15:27:44.034+0000,86601,3,"[""ids"", ""suricata""]",Suricata: Alert - SURICATA STREAM 3way handshake excessive different SYNs,002,CibleWazuh,,,/var/log/suricata/eve.json,,0,,,1
2026-07-14T15:26:16.887+0000,86601,3,"[""ids"", ""suricata""]",Suricata: Alert - SURICATA STREAM 3way handshake excessive different SYNs,002,CibleWazuh,,,/var/log/suricata/eve.json,,0,,,1
2026-07-14T15:37:58.063+0000,86601,3,"[""ids"", ""suricata""]",Suricata: Alert - SURICATA STREAM 3way handshake excessive different SYNs,002,CibleWazuh,,,/var/log/suricata/eve.json,,0,,,1
2026-07-14T15:27:50.200+0000,86601,3,"[""ids"", ""suricata""]",Suricata: Alert - SURICATA STREAM 3way handshake excessive different SYNs,002,CibleWazuh,,,/var/log/suricata/eve.json,,0,,,1
2026-07-14T15:37:44.553+0000,86601,3,"[""ids"", ""suricata""]",Suricata: Alert - SURICATA STREAM 3way handshake excessive different SYNs,002,CibleWazuh,,,/var/log/suricata/eve.json,,0,,,1
2026-07-14T15:25:43.291+0000,86601,3,"[""ids"", ""suricata""]",Suricata: Alert - SURICATA STREAM 3way handshake excessive different SYNs,002,CibleWazuh,,,/var/log/suricata/eve.json,,0,,,1
2026-07-14T15:24:55.596+0000,86601,3,"[""ids"", ""suricata""]",Suricata: Alert - SURICATA STREAM 3way handshake excessive different SYNs,002,CibleWazuh,,,/var/log/suricata/eve.json,,0,,,1
2026-07-14T15:25:00.409+0000,86601,3,"[""ids"", ""suricata""]",Suricata: Alert - SURICATA STREAM 3way handshake excessive different SYNs,002,CibleWazuh,,,/var/log/suricata/eve.json,,0,,,1
2026-07-14T15:25:41.599+0000,86601,3,"[""ids"", ""suricata""]",Suricata: Alert - SURICATA STREAM 3way handshake excessive different SYNs,002,CibleWazuh,,,/var/log/suricata/eve.json,,0,,,1
2026-07-14T15:25:34.764+0000,86601,3,"[""ids"", ""suricata""]",Suricata: Alert - SURICATA STREAM 3way handshake excessive different SYNs,002,CibleWazuh,,,/var/log/suricata/eve.json,,0,,,1
2026-07-14T15:37:56.635+0000,86601,3,"[""ids"", ""suricata""]",Suricata: Alert - SURICATA STREAM 3way handshake excessive different SYNs,002,CibleWazuh,,,/var/log/suricata/eve.json,,0,,,1
2026-07-14T15:26:16.081+0000,86601,3,"[""ids"", ""suricata""]",Suricata: Alert - SURICATA STREAM 3way handshake excessive different SYNs,002,CibleWazuh,,,/var/log/suricata/eve.json,,0,,,1
2026-07-14T15:25:06.084+0000,86601,3,"[""ids"", ""suricata""]",Suricata: Alert - SURICATA STREAM 3way handshake excessive different SYNs,002,CibleWazuh,,,/var/log/suricata/eve.json,,0,,,1
2026-07-14T15:31:11.007+0000,86601,3,"[""ids"", ""suricata""]",Suricata: Alert - SURICATA STREAM 3way handshake excessive different SYNs,002,CibleWazuh,,,/var/log/suricata/eve.json,,0,,,1
2026-07-14T15:25:02.937+0000,86601,3,"[""ids"", ""suricata""]",Suricata: Alert - SURICATA STREAM 3way handshake excessive different SYNs,002,CibleWazuh,,,/var/log/suricata/eve.json,,0,,,1
2026-07-14T15:38:02.573+0000,86601,3,"[""ids"", ""suricata""]",Suricata: Alert - SURICATA STREAM 3way handshake excessive different SYNs,002,CibleWazuh,,,/var/log/suricata/eve.json,,0,,,1
2026-07-14T15:25:20.752+0000,86601,3,"[""ids"", ""suricata""]",Suricata: Alert - SURICATA STREAM 3way handshake excessive different SYNs,002,CibleWazuh,,,/var/log/suricata/eve.json,,0,,,1
2026-07-14T15:26:18.788+0000,86601,3,"[""ids"", ""suricata""]",Suricata: Alert - SURICATA STREAM 3way handshake excessive different SYNs,002,CibleWazuh,,,/var/log/suricata/eve.json,,0,,,1
2026-07-14T15:37:54.469+0000,86601,3,"[""ids"", ""suricata""]",Suricata: Alert - SURICATA STREAM 3way handshake excessive different SYNs,002,CibleWazuh,,,/var/log/suricata/eve.json,,0,,,1
2026-07-14T15:26:18.496+0000,86601,3,"[""ids"", ""suricata""]",Suricata: Alert - SURICATA STREAM 3way handshake excessive different SYNs,002,CibleWazuh,,,/var/log/suricata/eve.json,,0,,,1
2026-07-14T15:25:35.400+0000,86601,3,"[""ids"", ""suricata""]",Suricata: Alert - SURICATA STREAM 3way handshake excessive different SYNs,002,CibleWazuh,,,/var/log/suricata/eve.json,,0,,,1
2026-07-14T15:25:29.938+0000,86601,3,"[""ids"", ""suricata""]",Suricata: Alert - SURICATA STREAM 3way handshake excessive different SYNs,002,CibleWazuh,,,/var/log/suricata/eve.json,,0,,,1
2026-07-14T15:26:26.014+0000,86601,3,"[""ids"", ""suricata""]",Suricata: Alert - SURICATA STREAM 3way handshake excessive different SYNs,002,CibleWazuh,,,/var/log/suricata/eve.json,,0,,,1
2026-07-14T15:26:13.177+0000,86601,3,"[""ids"", ""suricata""]",Suricata: Alert - SURICATA STREAM 3way handshake excessive different SYNs,002,CibleWazuh,,,/var/log/suricata/eve.json,,0,,,1
2026-07-14T15:26:14.348+0000,86601,3,"[""ids"", ""suricata""]",Suricata: Alert - SURICATA STREAM 3way handshake excessive different SYNs,002,CibleWazuh,,,/var/log/suricata/eve.json,,0,,,1
2026-07-14T15:27:53.765+0000,86601,3,"[""ids"", ""suricata""]",Suricata: Alert - SURICATA STREAM 3way handshake excessive different SYNs,002,CibleWazuh,,,/var/log/suricata/eve.json,,0,,,1
2026-07-14T14:18:31.375+0000,5760,5,"[""syslog"", ""sshd"", ""authentication_failed""]",sshd: authentication failed.,002,CibleWazuh,192.168.30.10,vboxuser,journald,Jul 14 14:18:30 CibleWazuh sshd[8215]: Failed password for vboxuser from 192.168.30.10 port 54428 ssh2,1,TG-0002,malicious_bruteforce,0
2026-07-14T15:18:11.088+0000,5502,3,"[""pam"", ""syslog""]",PAM: Login session closed.,002,CibleWazuh,,root,journald,Jul 14 15:18:10 CibleWazuh sudo[14054]: pam_unix(sudo:session): session closed for user root,1,PARROT-NMAP-01,malicious_nmap,0
2026-07-14T15:27:40.994+0000,86601,3,"[""ids"", ""suricata""]",Suricata: Alert - SURICATA STREAM 3way handshake excessive different SYNs,002,CibleWazuh,,,/var/log/suricata/eve.json,,0,,,1
2026-07-14T15:37:45.208+0000,86601,3,"[""ids"", ""suricata""]",Suricata: Alert - SURICATA STREAM 3way handshake excessive different SYNs,002,CibleWazuh,,,/var/log/suricata/eve.json,,0,,,1
2026-07-14T15:25:04.751+0000,86601,3,"[""ids"", ""suricata""]",Suricata: Alert - SURICATA STREAM 3way handshake excessive different SYNs,002,CibleWazuh,,,/var/log/suricata/eve.json,,0,,,1
2026-07-14T15:24:56.989+0000,86601,3,"[""ids"", ""suricata""]",Suricata: Alert - SURICATA STREAM 3way handshake excessive different SYNs,002,CibleWazuh,,,/var/log/suricata/eve.json,,0,,,1
2026-07-14T15:37:55.759+0000,86601,3,"[""ids"", ""suricata""]",Suricata: Alert - SURICATA STREAM 3way handshake excessive different SYNs,002,CibleWazuh,,,/var/log/suricata/eve.json,,0,,,1
2026-07-14T15:25:04.675+0000,86601,3,"[""ids"", ""suricata""]",Suricata: Alert - SURICATA STREAM 3way handshake excessive different SYNs,002,CibleWazuh,,,/var/log/suricata/eve.json,,0,,,1
2026-07-14T15:32:58.551+0000,86601,3,"[""ids"", ""suricata""]",Suricata: Alert - ET SCAN Port scan detected,002,CibleWazuh,,,/var/log/suricata/eve.json,,0,,,1
2026-07-14T15:25:35.341+0000,86601,3,"[""ids"", ""suricata""]",Suricata: Alert - SURICATA STREAM 3way handshake excessive different SYNs,002,CibleWazuh,,,/var/log/suricata/eve.json,,0,,,1
2026-07-14T15:26:22.145+0000,86601,3,"[""ids"", ""suricata""]",Suricata: Alert - SURICATA STREAM 3way handshake excessive different SYNs,002,CibleWazuh,,,/var/log/suricata/eve.json,,0,,,1
2026-07-14T15:24:56.094+0000,86601,3,"[""ids"", ""suricata""]",Suricata: Alert - SURICATA STREAM 3way handshake excessive different SYNs,002,CibleWazuh,,,/var/log/suricata/eve.json,,0,,,1
2026-07-14T15:27:40.273+0000,86601,3,"[""ids"", ""suricata""]",Suricata: Alert - SURICATA STREAM 3way handshake excessive different SYNs,002,CibleWazuh,,,/var/log/suricata/eve.json,,0,,,1
2026-07-14T15:25:07.077+0000,86601,3,"[""ids"", ""suricata""]",Suricata: Alert - SURICATA STREAM 3way handshake excessive different SYNs,002,CibleWazuh,,,/var/log/suricata/eve.json,,0,,,1
2026-07-14T15:25:12.561+0000,86601,3,"[""ids"", ""suricata""]",Suricata: Alert - SURICATA STREAM 3way handshake excessive different SYNs,002,CibleWazuh,,,/var/log/suricata/eve.json,,0,,,1
2026-07-14T15:27:53.446+0000,86601,3,"[""ids"", ""suricata""]",Suricata: Alert - SURICATA STREAM 3way handshake excessive different SYNs,002,CibleWazuh,,,/var/log/suricata/eve.json,,0,,,1
2026-07-14T15:27:42.466+0000,86601,3,"[""ids"", ""suricata""]",Suricata: Alert - SURICATA STREAM 3way handshake excessive different SYNs,002,CibleWazuh,,,/var/log/suricata/eve.json,,0,,,1
2026-07-14T15:27:46.824+0000,86601,3,"[""ids"", ""suricata""]",Suricata: Alert - SURICATA STREAM 3way handshake excessive different SYNs,002,CibleWazuh,,,/var/log/suricata/eve.json,,0,,,1
2026-07-14T15:21:14.505+0000,86601,3,"[""ids"", ""suricata""]",Suricata: Alert - ET SCAN Port scan detected,002,CibleWazuh,,,/var/log/suricata/eve.json,,1,PARROT-HYDRA-01,malicious_bruteforce,1
2026-07-14T15:38:03.212+0000,86601,3,"[""ids"", ""suricata""]",Suricata: Alert - SURICATA STREAM 3way handshake excessive different SYNs,002,CibleWazuh,,,/var/log/suricata/eve.json,,0,,,1
2026-07-14T15:25:02.642+0000,86601,3,"[""ids"", ""suricata""]",Suricata: Alert - SURICATA STREAM 3way handshake excessive different SYNs,002,CibleWazuh,,,/var/log/suricata/eve.json,,0,,,1
2026-07-14T15:25:35.976+0000,86601,3,"[""ids"", ""suricata""]",Suricata: Alert - SURICATA STREAM 3way handshake excessive different SYNs,002,CibleWazuh,,,/var/log/suricata/eve.json,,0,,,1
2026-07-14T15:25:36.297+0000,86601,3,"[""ids"", ""suricata""]",Suricata: Alert - SURICATA STREAM 3way handshake excessive different SYNs,002,CibleWazuh,,,/var/log/suricata/eve.json,,0,,,1
2026-07-14T15:26:19.944+0000,86601,3,"[""ids"", ""suricata""]",Suricata: Alert - SURICATA STREAM 3way handshake excessive different SYNs,002,CibleWazuh,,,/var/log/suricata/eve.json,,0,,,1
2026-07-14T15:27:57.577+0000,86601,3,"[""ids"", ""suricata""]",Suricata: Alert - SURICATA STREAM 3way handshake excessive different SYNs,002,CibleWazuh,,,/var/log/suricata/eve.json,,0,,,1
2026-07-14T15:24:59.821+0000,86601,3,"[""ids"", ""suricata""]",Suricata: Alert - SURICATA STREAM 3way handshake excessive different SYNs,002,CibleWazuh,,,/var/log/suricata/eve.json,,0,,,1
2026-07-14T15:24:56.983+0000,86601,3,"[""ids"", ""suricata""]",Suricata: Alert - SURICATA STREAM 3way handshake excessive different SYNs,002,CibleWazuh,,,/var/log/suricata/eve.json,,0,,,1
2026-07-14T15:26:25.333+0000,86601,3,"[""ids"", ""suricata""]",Suricata: Alert - SURICATA STREAM 3way handshake excessive different SYNs,002,CibleWazuh,,,/var/log/suricata/eve.json,,0,,,1
2026-07-14T15:38:00.465+0000,86601,3,"[""ids"", ""suricata""]",Suricata: Alert - SURICATA STREAM 3way handshake excessive different SYNs,002,CibleWazuh,,,/var/log/suricata/eve.json,,0,,,1
2026-07-14T15:31:02.639+0000,86601,3,"[""ids"", ""suricata""]",Suricata: Alert - SURICATA STREAM 3way handshake excessive different SYNs,002,CibleWazuh,,,/var/log/suricata/eve.json,,0,,,1
2026-07-14T15:37:57.048+0000,86601,3,"[""ids"", ""suricata""]",Suricata: Alert - SURICATA STREAM 3way handshake excessive different SYNs,002,CibleWazuh,,,/var/log/suricata/eve.json,,0,,,1
2026-07-14T15:38:02.285+0000,86601,3,"[""ids"", ""suricata""]",Suricata: Alert - SURICATA STREAM 3way handshake excessive different SYNs,002,CibleWazuh,,,/var/log/suricata/eve.json,,0,,,1
2026-07-14T15:24:56.647+0000,86601,3,"[""ids"", ""suricata""]",Suricata: Alert - SURICATA STREAM 3way handshake excessive different SYNs,002,CibleWazuh,,,/var/log/suricata/eve.json,,0,,,1
2026-07-14T15:27:39.560+0000,86601,3,"[""ids"", ""suricata""]",Suricata: Alert - SURICATA STREAM 3way handshake excessive different SYNs,002,CibleWazuh,,,/var/log/suricata/eve.json,,0,,,1
2026-07-14T15:26:12.444+0000,86601,3,"[""ids"", ""suricata""]",Suricata: Alert - SURICATA STREAM 3way handshake excessive different SYNs,002,CibleWazuh,,,/var/log/suricata/eve.json,,0,,,1
2026-07-14T15:25:28.912+0000,86601,3,"[""ids"", ""suricata""]",Suricata: Alert - SURICATA STREAM 3way handshake excessive different SYNs,002,CibleWazuh,,,/var/log/suricata/eve.json,,0,,,1
2026-07-14T15:25:10.699+0000,86601,3,"[""ids"", ""suricata""]",Suricata: Alert - SURICATA STREAM 3way handshake excessive different SYNs,002,CibleWazuh,,,/var/log/suricata/eve.json,,0,,,1
2026-07-14T15:26:22.324+0000,86601,3,"[""ids"", ""suricata""]",Suricata: Alert - SURICATA STREAM 3way handshake excessive different SYNs,002,CibleWazuh,,,/var/log/suricata/eve.json,,0,,,1
2026-07-14T15:25:07.148+0000,86601,3,"[""ids"", ""suricata""]",Suricata: Alert - SURICATA STREAM 3way handshake excessive different SYNs,002,CibleWazuh,,,/var/log/suricata/eve.json,,0,,,1
2026-07-14T15:27:33.448+0000,86601,3,"[""ids"", ""suricata""]",Suricata: Alert - SURICATA STREAM 3way handshake excessive different SYNs,002,CibleWazuh,,,/var/log/suricata/eve.json,,0,,,1
2026-07-14T15:27:48.794+0000,86601,3,"[""ids"", ""suricata""]",Suricata: Alert - SURICATA STREAM 3way handshake excessive different SYNs,002,CibleWazuh,,,/var/log/suricata/eve.json,,0,,,1
2026-07-14T15:31:09.830+0000,86601,3,"[""ids"", ""suricata""]",Suricata: Alert - SURICATA STREAM 3way handshake excessive different SYNs,002,CibleWazuh,,,/var/log/suricata/eve.json,,0,,,1
2026-07-14T15:18:11.036+0000,5501,3,"[""pam"", ""syslog"", ""authentication_success""]",PAM: Login session opened.,002,CibleWazuh,,vboxuser,journald,Jul 14 15:18:10 CibleWazuh sshd[13954]: pam_unix(sshd:session): session opened for user vboxuser(uid=1000) by (uid=0),1,PARROT-NMAP-01,malicious_nmap,0
2026-07-14T15:25:33.344+0000,86601,3,"[""ids"", ""suricata""]",Suricata: Alert - SURICATA STREAM 3way handshake excessive different SYNs,002,CibleWazuh,,,/var/log/suricata/eve.json,,0,,,1
2026-07-14T15:31:10.495+0000,86601,3,"[""ids"", ""suricata""]",Suricata: Alert - SURICATA STREAM 3way handshake excessive different SYNs,002,CibleWazuh,,,/var/log/suricata/eve.json,,0,,,1
2026-07-14T15:25:02.471+0000,86601,3,"[""ids"", ""suricata""]",Suricata: Alert - SURICATA STREAM 3way handshake excessive different SYNs,002,CibleWazuh,,,/var/log/suricata/eve.json,,0,,,1
2026-07-14T15:26:23.441+0000,86601,3,"[""ids"", ""suricata""]",Suricata: Alert - SURICATA STREAM 3way handshake excessive different SYNs,002,CibleWazuh,,,/var/log/suricata/eve.json,,0,,,1
2026-07-14T15:25:03.124+0000,86601,3,"[""ids"", ""suricata""]",Suricata: Alert - SURICATA STREAM 3way handshake excessive different SYNs,002,CibleWazuh,,,/var/log/suricata/eve.json,,0,,,1
2026-07-14T15:26:17.989+0000,86601,3,"[""ids"", ""suricata""]",Suricata: Alert - SURICATA STREAM 3way handshake excessive different SYNs,002,CibleWazuh,,,/var/log/suricata/eve.json,,0,,,1
2026-07-14T15:31:03.213+0000,86601,3,"[""ids"", ""suricata""]",Suricata: Alert - SURICATA STREAM 3way handshake excessive different SYNs,002,CibleWazuh,,,/var/log/suricata/eve.json,,0,,,1
2026-07-14T15:26:14.940+0000,86601,3,"[""ids"", ""suricata""]",Suricata: Alert - SURICATA STREAM 3way handshake excessive different SYNs,002,CibleWazuh,,,/var/log/suricata/eve.json,,0,,,1
2026-07-14T15:31:06.389+0000,86601,3,"[""ids"", ""suricata""]",Suricata: Alert - SURICATA STREAM 3way handshake excessive different SYNs,002,CibleWazuh,,,/var/log/suricata/eve.json,,0,,,1
2026-07-14T15:27:44.068+0000,86601,3,"[""ids"", ""suricata""]",Suricata: Alert - SURICATA STREAM 3way handshake excessive different SYNs,002,CibleWazuh,,,/var/log/suricata/eve.json,,0,,,1
2026-07-14T15:27:50.397+0000,86601,3,"[""ids"", ""suricata""]",Suricata: Alert - SURICATA STREAM 3way handshake excessive different SYNs,002,CibleWazuh,,,/var/log/suricata/eve.json,,0,,,1
2026-07-14T15:31:14.147+0000,86601,3,"[""ids"", ""suricata""]",Suricata: Alert - SURICATA STREAM 3way handshake excessive different SYNs,002,CibleWazuh,,,/var/log/suricata/eve.json,,0,,,1
2026-07-14T15:25:28.760+0000,86601,3,"[""ids"", ""suricata""]",Suricata: Alert - SURICATA STREAM 3way handshake excessive different SYNs,002,CibleWazuh,,,/var/log/suricata/eve.json,,0,,,1
2026-07-14T15:25:09.410+0000,86601,3,"[""ids"", ""suricata""]",Suricata: Alert - SURICATA STREAM 3way handshake excessive different SYNs,002,CibleWazuh,,,/var/log/suricata/eve.json,,0,,,1
2026-07-14T14:58:00.552+0000,5760,5,"[""syslog"", ""sshd"", ""authentication_failed""]",sshd: authentication failed.,002,CibleWazuh,192.168.30.10,vboxuser,journald,Jul 14 14:57:59 CibleWazuh sshd[12255]: Failed password for vboxuser from 192.168.30.10 port 42316 ssh2,1,TG-0030,malicious_bruteforce,0
2026-07-14T15:26:12.862+0000,86601,3,"[""ids"", ""suricata""]",Suricata: Alert - SURICATA STREAM 3way handshake excessive different SYNs,002,CibleWazuh,,,/var/log/suricata/eve.json,,0,,,1
2026-07-14T14:18:13.552+0000,2902,7,"[""syslog"", ""dpkg"", ""config_changed""]",New dpkg (Debian Package) installed.,002,CibleWazuh,,,/var/log/dpkg.log,2026-07-14 16:18:12 status installed libbson-1.0-0:amd64 1.21.0-1build1,0,,,0
2026-07-14T15:37:58.177+0000,86601,3,"[""ids"", ""suricata""]",Suricata: Alert - SURICATA STREAM 3way handshake excessive different SYNs,002,CibleWazuh,,,/var/log/suricata/eve.json,,0,,,1
2026-07-14T15:31:04.603+0000,86601,3,"[""ids"", ""suricata""]",Suricata: Alert - SURICATA STREAM 3way handshake excessive different SYNs,002,CibleWazuh,,,/var/log/suricata/eve.json,,0,,,1
2026-07-14T14:59:50.160+0000,5502,3,"[""pam"", ""syslog""]",PAM: Login session closed.,000,UbuntuWazuh,,root,journald,Jul 14 14:59:48 UbuntuWazuh sudo[24869]: pam_unix(sudo:session): session closed for user root,0,,,0
2026-07-14T15:25:28.764+0000,86601,3,"[""ids"", ""suricata""]",Suricata: Alert - SURICATA STREAM 3way handshake excessive different SYNs,002,CibleWazuh,,,/var/log/suricata/eve.json,,0,,,1
2026-07-14T15:26:12.630+0000,86601,3,"[""ids"", ""suricata""]",Suricata: Alert - SURICATA STREAM 3way handshake excessive different SYNs,002,CibleWazuh,,,/var/log/suricata/eve.json,,0,,,1
2026-07-14T15:37:52.011+0000,86601,3,"[""ids"", ""suricata""]",Suricata: Alert - SURICATA STREAM 3way handshake excessive different SYNs,002,CibleWazuh,,,/var/log/suricata/eve.json,,0,,,1
2026-07-14T15:25:42.374+0000,86601,3,"[""ids"", ""suricata""]",Suricata: Alert - SURICATA STREAM 3way handshake excessive different SYNs,002,CibleWazuh,,,/var/log/suricata/eve.json,,0,,,1
2026-07-14T15:37:43.891+0000,86601,3,"[""ids"", ""suricata""]",Suricata: Alert - SURICATA STREAM 3way handshake excessive different SYNs,002,CibleWazuh,,,/var/log/suricata/eve.json,,0,,,1
2026-07-14T15:25:30.377+0000,86601,3,"[""ids"", ""suricata""]",Suricata: Alert - SURICATA STREAM 3way handshake excessive different SYNs,002,CibleWazuh,,,/var/log/suricata/eve.json,,0,,,1
2026-07-14T15:26:23.862+0000,86601,3,"[""ids"", ""suricata""]",Suricata: Alert - SURICATA STREAM 3way handshake excessive different SYNs,002,CibleWazuh,,,/var/log/suricata/eve.json,,0,,,1
2026-07-14T15:31:03.427+0000,86601,3,"[""ids"", ""suricata""]",Suricata: Alert - SURICATA STREAM 3way handshake excessive different SYNs,002,CibleWazuh,,,/var/log/suricata/eve.json,,0,,,1
2026-07-14T15:27:43.608+0000,86601,3,"[""ids"", ""suricata""]",Suricata: Alert - SURICATA STREAM 3way handshake excessive different SYNs,002,CibleWazuh,,,/var/log/suricata/eve.json,,0,,,1
2026-07-14T15:21:49.054+0000,204,12,"[""wazuh"", ""agent_flooding""]",Agent event queue is flooded. Check the agent configuration.,002,CibleWazuh,,,wazuh-agent,wazuh: Agent buffer: 'flooded'.,1,PARROT-HYDRA-01,malicious_bruteforce,0
2026-07-14T15:27:49.969+0000,86601,3,"[""ids"", ""suricata""]",Suricata: Alert - SURICATA STREAM 3way handshake excessive different SYNs,002,CibleWazuh,,,/var/log/suricata/eve.json,,0,,,1
2026-07-14T15:27:56.312+0000,86601,3,"[""ids"", ""suricata""]",Suricata: Alert - SURICATA STREAM 3way handshake excessive different SYNs,002,CibleWazuh,,,/var/log/suricata/eve.json,,0,,,1
2026-07-14T15:25:31.992+0000,86601,3,"[""ids"", ""suricata""]",Suricata: Alert - SURICATA STREAM 3way handshake excessive different SYNs,002,CibleWazuh,,,/var/log/suricata/eve.json,,0,,,1
2026-07-14T15:27:51.363+0000,86601,3,"[""ids"", ""suricata""]",Suricata: Alert - SURICATA STREAM 3way handshake excessive different SYNs,002,CibleWazuh,,,/var/log/suricata/eve.json,,0,,,1
2026-07-14T15:25:42.818+0000,86601,3,"[""ids"", ""suricata""]",Suricata: Alert - SURICATA STREAM 3way handshake excessive different SYNs,002,CibleWazuh,,,/var/log/suricata/eve.json,,0,,,1
2026-07-14T15:25:42.565+0000,86601,3,"[""ids"", ""suricata""]",Suricata: Alert - SURICATA STREAM 3way handshake excessive different SYNs,002,CibleWazuh,,,/var/log/suricata/eve.json,,0,,,1
2026-07-14T15:27:50.852+0000,86601,3,"[""ids"", ""suricata""]",Suricata: Alert - SURICATA STREAM 3way handshake excessive different SYNs,002,CibleWazuh,,,/var/log/suricata/eve.json,,0,,,1
2026-07-14T15:31:17.613+0000,86601,3,"[""ids"", ""suricata""]",Suricata: Alert - SURICATA STREAM 3way handshake excessive different SYNs,002,CibleWazuh,,,/var/log/suricata/eve.json,,0,,,1
2026-07-14T15:31:17.494+0000,86601,3,"[""ids"", ""suricata""]",Suricata: Alert - SURICATA STREAM 3way handshake excessive different SYNs,002,CibleWazuh,,,/var/log/suricata/eve.json,,0,,,1
2026-07-14T15:25:36.604+0000,86601,3,"[""ids"", ""suricata""]",Suricata: Alert - SURICATA STREAM 3way handshake excessive different SYNs,002,CibleWazuh,,,/var/log/suricata/eve.json,,0,,,1
2026-07-14T15:31:00.585+0000,86601,3,"[""ids"", ""suricata""]",Suricata: Alert - SURICATA STREAM 3way handshake excessive different SYNs,002,CibleWazuh,,,/var/log/suricata/eve.json,,0,,,1
2026-07-14T15:25:12.549+0000,86601,3,"[""ids"", ""suricata""]",Suricata: Alert - SURICATA STREAM 3way handshake excessive different SYNs,002,CibleWazuh,,,/var/log/suricata/eve.json,,0,,,1
2026-07-14T15:31:14.199+0000,86601,3,"[""ids"", ""suricata""]",Suricata: Alert - SURICATA STREAM 3way handshake excessive different SYNs,002,CibleWazuh,,,/var/log/suricata/eve.json,,0,,,1
2026-07-14T15:27:57.620+0000,86601,3,"[""ids"", ""suricata""]",Suricata: Alert - SURICATA STREAM 3way handshake excessive different SYNs,002,CibleWazuh,,,/var/log/suricata/eve.json,,0,,,1
2026-07-14T14:59:42.721+0000,5502,3,"[""pam"", ""syslog""]",PAM: Login session closed.,002,CibleWazuh,,root,journald,Jul 14 14:59:42 CibleWazuh sudo[12655]: pam_unix(sudo:session): session closed for user root,0,,,0
2026-07-14T15:25:02.154+0000,86601,3,"[""ids"", ""suricata""]",Suricata: Alert - SURICATA STREAM 3way handshake excessive different SYNs,002,CibleWazuh,,,/var/log/suricata/eve.json,,0,,,1
2026-07-14T15:37:56.891+0000,86601,3,"[""ids"", ""suricata""]",Suricata: Alert - SURICATA STREAM 3way handshake excessive different SYNs,002,CibleWazuh,,,/var/log/suricata/eve.json,,0,,,1
2026-07-14T14:37:15.360+0000,5502,3,"[""pam"", ""syslog""]",PAM: Login session closed.,000,UbuntuWazuh,,root,journald,Jul 14 14:37:15 UbuntuWazuh sudo[22336]: pam_unix(sudo:session): session closed for user root,0,,,0
2026-07-14T15:25:29.525+0000,86601,3,"[""ids"", ""suricata""]",Suricata: Alert - SURICATA STREAM 3way handshake excessive different SYNs,002,CibleWazuh,,,/var/log/suricata/eve.json,,0,,,1
2026-07-14T15:38:01.067+0000,86601,3,"[""ids"", ""suricata""]",Suricata: Alert - SURICATA STREAM 3way handshake excessive different SYNs,002,CibleWazuh,,,/var/log/suricata/eve.json,,0,,,1
2026-07-14T15:24:52.788+0000,86601,3,"[""ids"", ""suricata""]",Suricata: Alert - SURICATA STREAM 3way handshake excessive different SYNs,002,CibleWazuh,,,/var/log/suricata/eve.json,,0,,,1
2026-07-14T15:25:11.726+0000,86601,3,"[""ids"", ""suricata""]",Suricata: Alert - SURICATA STREAM 3way handshake excessive different SYNs,002,CibleWazuh,,,/var/log/suricata/eve.json,,0,,,1
2026-07-14T15:27:40.329+0000,86601,3,"[""ids"", ""suricata""]",Suricata: Alert - SURICATA STREAM 3way handshake excessive different SYNs,002,CibleWazuh,,,/var/log/suricata/eve.json,,0,,,1
2026-07-14T15:25:04.591+0000,86601,3,"[""ids"", ""suricata""]",Suricata: Alert - SURICATA STREAM 3way handshake excessive different SYNs,002,CibleWazuh,,,/var/log/suricata/eve.json,,0,,,1
2026-07-14T15:27:41.237+0000,86601,3,"[""ids"", ""suricata""]",Suricata: Alert - SURICATA STREAM 3way handshake excessive different SYNs,002,CibleWazuh,,,/var/log/suricata/eve.json,,0,,,1
2026-07-14T15:37:43.167+0000,86601,3,"[""ids"", ""suricata""]",Suricata: Alert - SURICATA STREAM 3way handshake excessive different SYNs,002,CibleWazuh,,,/var/log/suricata/eve.json,,0,,,1
2026-07-14T15:27:53.548+0000,86601,3,"[""ids"", ""suricata""]",Suricata: Alert - SURICATA STREAM 3way handshake excessive different SYNs,002,CibleWazuh,,,/var/log/suricata/eve.json,,0,,,1
2026-07-14T15:27:42.852+0000,86601,3,"[""ids"", ""suricata""]",Suricata: Alert - SURICATA STREAM 3way handshake excessive different SYNs,002,CibleWazuh,,,/var/log/suricata/eve.json,,0,,,1
2026-07-14T15:25:23.144+0000,86601,3,"[""ids"", ""suricata""]",Suricata: Alert - SURICATA STREAM 3way handshake excessive different SYNs,002,CibleWazuh,,,/var/log/suricata/eve.json,,0,,,1
2026-07-14T15:24:53.766+0000,86601,3,"[""ids"", ""suricata""]",Suricata: Alert - SURICATA STREAM 3way handshake excessive different SYNs,002,CibleWazuh,,,/var/log/suricata/eve.json,,0,,,1
2026-07-14T15:27:47.483+0000,86601,3,"[""ids"", ""suricata""]",Suricata: Alert - SURICATA STREAM 3way handshake excessive different SYNs,002,CibleWazuh,,,/var/log/suricata/eve.json,,0,,,1
2026-07-14T15:25:43.461+0000,86601,3,"[""ids"", ""suricata""]",Suricata: Alert - SURICATA STREAM 3way handshake excessive different SYNs,002,CibleWazuh,,,/var/log/suricata/eve.json,,0,,,1
2026-07-14T15:25:09.728+0000,86601,3,"[""ids"", ""suricata""]",Suricata: Alert - SURICATA STREAM 3way handshake excessive different SYNs,002,CibleWazuh,,,/var/log/suricata/eve.json,,0,,,1
2026-07-14T14:43:37.848+0000,5501,3,"[""pam"", ""syslog"", ""authentication_success""]",PAM: Login session opened.,002,CibleWazuh,,vboxuser,journald,Jul 14 14:43:36 CibleWazuh sshd[10236]: pam_unix(sshd:session): session opened for user vboxuser(uid=1000) by (uid=0),0,,,0
2026-07-14T15:31:08.885+0000,86601,3,"[""ids"", ""suricata""]",Suricata: Alert - SURICATA STREAM 3way handshake excessive different SYNs,002,CibleWazuh,,,/var/log/suricata/eve.json,,0,,,1
2026-07-14T15:27:53.107+0000,86601,3,"[""ids"", ""suricata""]",Suricata: Alert - SURICATA STREAM 3way handshake excessive different SYNs,002,CibleWazuh,,,/var/log/suricata/eve.json,,0,,,1
2026-07-14T15:25:39.253+0000,86601,3,"[""ids"", ""suricata""]",Suricata: Alert - SURICATA STREAM 3way handshake excessive different SYNs,002,CibleWazuh,,,/var/log/suricata/eve.json,,0,,,1
2026-07-14T15:26:17.518+0000,86601,3,"[""ids"", ""suricata""]",Suricata: Alert - SURICATA STREAM 3way handshake excessive different SYNs,002,CibleWazuh,,,/var/log/suricata/eve.json,,0,,,1
2026-07-14T15:26:14.658+0000,86601,3,"[""ids"", ""suricata""]",Suricata: Alert - SURICATA STREAM 3way handshake excessive different SYNs,002,CibleWazuh,,,/var/log/suricata/eve.json,,0,,,1
2026-07-14T15:31:01.827+0000,86601,3,"[""ids"", ""suricata""]",Suricata: Alert - SURICATA STREAM 3way handshake excessive different SYNs,002,CibleWazuh,,,/var/log/suricata/eve.json,,0,,,1
2026-07-14T15:26:20.112+0000,86601,3,"[""ids"", ""suricata""]",Suricata: Alert - SURICATA STREAM 3way handshake excessive different SYNs,002,CibleWazuh,,,/var/log/suricata/eve.json,,0,,,1
2026-07-14T15:25:36.642+0000,86601,3,"[""ids"", ""suricata""]",Suricata: Alert - SURICATA STREAM 3way handshake excessive different SYNs,002,CibleWazuh,,,/var/log/suricata/eve.json,,0,,,1
2026-07-14T15:27:46.678+0000,86601,3,"[""ids"", ""suricata""]",Suricata: Alert - SURICATA STREAM 3way handshake excessive different SYNs,002,CibleWazuh,,,/var/log/suricata/eve.json,,0,,,1
2026-07-14T15:30:59.900+0000,86601,3,"[""ids"", ""suricata""]",Suricata: Alert - SURICATA STREAM 3way handshake excessive different SYNs,002,CibleWazuh,,,/var/log/suricata/eve.json,,0,,,1
2026-07-14T15:26:24.374+0000,86601,3,"[""ids"", ""suricata""]",Suricata: Alert - SURICATA STREAM 3way handshake excessive different SYNs,002,CibleWazuh,,,/var/log/suricata/eve.json,,0,,,1
2026-07-14T15:31:07.285+0000,86601,3,"[""ids"", ""suricata""]",Suricata: Alert - SURICATA STREAM 3way handshake excessive different SYNs,002,CibleWazuh,,,/var/log/suricata/eve.json,,0,,,1
2026-07-14T15:21:44.653+0000,5402,3,"[""syslog"", ""sudo""]",Successful sudo to ROOT executed.,002,CibleWazuh,,root,journald,Jul 14 15:21:27 CibleWazuh sudo[14193]: vboxuser : PWD=/home/vboxuser ; USER=root ; COMMAND=/usr/bin/tail -10 /var/log/suricata/fast.log,1,PARROT-HYDRA-01,malicious_bruteforce,0
2026-07-14T15:25:43.477+0000,86601,3,"[""ids"", ""suricata""]",Suricata: Alert - SURICATA STREAM 3way handshake excessive different SYNs,002,CibleWazuh,,,/var/log/suricata/eve.json,,0,,,1
2026-07-14T15:26:21.972+0000,86601,3,"[""ids"", ""suricata""]",Suricata: Alert - SURICATA STREAM 3way handshake excessive different SYNs,002,CibleWazuh,,,/var/log/suricata/eve.json,,0,,,1
2026-07-14T15:25:23.547+0000,86601,3,"[""ids"", ""suricata""]",Suricata: Alert - SURICATA STREAM 3way handshake excessive different SYNs,002,CibleWazuh,,,/var/log/suricata/eve.json,,0,,,1
2026-07-14T15:25:04.112+0000,86601,3,"[""ids"", ""suricata""]",Suricata: Alert - SURICATA STREAM 3way handshake excessive different SYNs,002,CibleWazuh,,,/var/log/suricata/eve.json,,0,,,1
2026-07-14T15:37:53.452+0000,86601,3,"[""ids"", ""suricata""]",Suricata: Alert - SURICATA STREAM 3way handshake excessive different SYNs,002,CibleWazuh,,,/var/log/suricata/eve.json,,0,,,1
2026-07-14T15:30:54.911+0000,86601,3,"[""ids"", ""suricata""]",Suricata: Alert - SURICATA STREAM 3way handshake excessive different SYNs,002,CibleWazuh,,,/var/log/suricata/eve.json,,0,,,1
2026-07-14T15:26:20.441+0000,86601,3,"[""ids"", ""suricata""]",Suricata: Alert - SURICATA STREAM 3way handshake excessive different SYNs,002,CibleWazuh,,,/var/log/suricata/eve.json,,0,,,1
2026-07-14T15:31:15.239+0000,86601,3,"[""ids"", ""suricata""]",Suricata: Alert - SURICATA STREAM 3way handshake excessive different SYNs,002,CibleWazuh,,,/var/log/suricata/eve.json,,0,,,1
2026-07-14T15:27:57.745+0000,86601,3,"[""ids"", ""suricata""]",Suricata: Alert - SURICATA STREAM 3way handshake excessive different SYNs,002,CibleWazuh,,,/var/log/suricata/eve.json,,0,,,1
2026-07-14T15:27:40.672+0000,86601,3,"[""ids"", ""suricata""]",Suricata: Alert - SURICATA STREAM 3way handshake excessive different SYNs,002,CibleWazuh,,,/var/log/suricata/eve.json,,0,,,1
2026-07-14T15:31:02.999+0000,86601,3,"[""ids"", ""suricata""]",Suricata: Alert - SURICATA STREAM 3way handshake excessive different SYNs,002,CibleWazuh,,,/var/log/suricata/eve.json,,0,,,1
2026-07-14T15:26:12.662+0000,86601,3,"[""ids"", ""suricata""]",Suricata: Alert - SURICATA STREAM 3way handshake excessive different SYNs,002,CibleWazuh,,,/var/log/suricata/eve.json,,0,,,1
2026-07-14T15:26:22.961+0000,86601,3,"[""ids"", ""suricata""]",Suricata: Alert - SURICATA STREAM 3way handshake excessive different SYNs,002,CibleWazuh,,,/var/log/suricata/eve.json,,0,,,1
2026-07-14T15:31:15.793+0000,86601,3,"[""ids"", ""suricata""]",Suricata: Alert - SURICATA STREAM 3way handshake excessive different SYNs,002,CibleWazuh,,,/var/log/suricata/eve.json,,0,,,1
2026-07-14T15:25:07.264+0000,86601,3,"[""ids"", ""suricata""]",Suricata: Alert - SURICATA STREAM 3way handshake excessive different SYNs,002,CibleWazuh,,,/var/log/suricata/eve.json,,0,,,1
2026-07-14T14:18:29.388+0000,5501,3,"[""pam"", ""syslog"", ""authentication_success""]",PAM: Login session opened.,002,CibleWazuh,,root,journald,Jul 14 14:18:28 CibleWazuh sudo[8206]: pam_unix(sudo:session): session opened for user root(uid=0) by (uid=1000),1,TG-0002,malicious_bruteforce,0
2026-07-14T15:26:20.684+0000,86601,3,"[""ids"", ""suricata""]",Suricata: Alert - SURICATA STREAM 3way handshake excessive different SYNs,002,CibleWazuh,,,/var/log/suricata/eve.json,,0,,,1
2026-07-14T15:25:06.289+0000,86601,3,"[""ids"", ""suricata""]",Suricata: Alert - SURICATA STREAM 3way handshake excessive different SYNs,002,CibleWazuh,,,/var/log/suricata/eve.json,,0,,,1
2026-07-14T15:30:55.010+0000,86601,3,"[""ids"", ""suricata""]",Suricata: Alert - SURICATA STREAM 3way handshake excessive different SYNs,002,CibleWazuh,,,/var/log/suricata/eve.json,,0,,,1
2026-07-14T15:25:33.675+0000,86601,3,"[""ids"", ""suricata""]",Suricata: Alert - SURICATA STREAM 3way handshake excessive different SYNs,002,CibleWazuh,,,/var/log/suricata/eve.json,,0,,,1
2026-07-14T15:24:59.205+0000,86601,3,"[""ids"", ""suricata""]",Suricata: Alert - SURICATA STREAM 3way handshake excessive different SYNs,002,CibleWazuh,,,/var/log/suricata/eve.json,,0,,,1
2026-07-14T15:18:15.031+0000,86601,3,"[""ids"", ""suricata""]",Suricata: Alert - ET SCAN NMAP OS fingerprint,002,CibleWazuh,,,/var/log/suricata/eve.json,,1,PARROT-HPING-01,malicious_dos_flood,1
2026-07-14T15:25:12.543+0000,86601,3,"[""ids"", ""suricata""]",Suricata: Alert - SURICATA STREAM 3way handshake excessive different SYNs,002,CibleWazuh,,,/var/log/suricata/eve.json,,0,,,1
2026-07-14T15:27:40.488+0000,86601,3,"[""ids"", ""suricata""]",Suricata: Alert - SURICATA STREAM 3way handshake excessive different SYNs,002,CibleWazuh,,,/var/log/suricata/eve.json,,0,,,1
2026-07-14T15:26:15.032+0000,86601,3,"[""ids"", ""suricata""]",Suricata: Alert - SURICATA STREAM 3way handshake excessive different SYNs,002,CibleWazuh,,,/var/log/suricata/eve.json,,0,,,1
2026-07-14T15:25:34.549+0000,86601,3,"[""ids"", ""suricata""]",Suricata: Alert - SURICATA STREAM 3way handshake excessive different SYNs,002,CibleWazuh,,,/var/log/suricata/eve.json,,0,,,1
2026-07-14T15:25:15.496+0000,86601,3,"[""ids"", ""suricata""]",Suricata: Alert - SURICATA STREAM 3way handshake excessive different SYNs,002,CibleWazuh,,,/var/log/suricata/eve.json,,0,,,1
2026-07-14T15:25:41.965+0000,86601,3,"[""ids"", ""suricata""]",Suricata: Alert - SURICATA STREAM 3way handshake excessive different SYNs,002,CibleWazuh,,,/var/log/suricata/eve.json,,0,,,1
2026-07-14T15:27:56.402+0000,86601,3,"[""ids"", ""suricata""]",Suricata: Alert - SURICATA STREAM 3way handshake excessive different SYNs,002,CibleWazuh,,,/var/log/suricata/eve.json,,0,,,1
2026-07-14T15:31:09.050+0000,86601,3,"[""ids"", ""suricata""]",Suricata: Alert - SURICATA STREAM 3way handshake excessive different SYNs,002,CibleWazuh,,,/var/log/suricata/eve.json,,0,,,1
2026-07-14T15:24:58.150+0000,86601,3,"[""ids"", ""suricata""]",Suricata: Alert - SURICATA STREAM 3way handshake excessive different SYNs,002,CibleWazuh,,,/var/log/suricata/eve.json,,0,,,1
2026-07-14T15:27:43.164+0000,86601,3,"[""ids"", ""suricata""]",Suricata: Alert - SURICATA STREAM 3way handshake excessive different SYNs,002,CibleWazuh,,,/var/log/suricata/eve.json,,0,,,1
2026-07-14T15:31:15.032+0000,86601,3,"[""ids"", ""suricata""]",Suricata: Alert - SURICATA STREAM 3way handshake excessive different SYNs,002,CibleWazuh,,,/var/log/suricata/eve.json,,0,,,1
2026-07-14T15:25:23.928+0000,86601,3,"[""ids"", ""suricata""]",Suricata: Alert - SURICATA STREAM 3way handshake excessive different SYNs,002,CibleWazuh,,,/var/log/suricata/eve.json,,0,,,1
2026-07-14T14:36:11.274+0000,5502,3,"[""pam"", ""syslog""]",PAM: Login session closed.,000,UbuntuWazuh,,root,journald,Jul 14 14:36:10 UbuntuWazuh sudo[21784]: pam_unix(sudo:session): session closed for user root,0,,,0
2026-07-14T15:25:23.700+0000,86601,3,"[""ids"", ""suricata""]",Suricata: Alert - SURICATA STREAM 3way handshake excessive different SYNs,002,CibleWazuh,,,/var/log/suricata/eve.json,,0,,,1
2026-07-14T15:25:42.577+0000,86601,3,"[""ids"", ""suricata""]",Suricata: Alert - SURICATA STREAM 3way handshake excessive different SYNs,002,CibleWazuh,,,/var/log/suricata/eve.json,,0,,,1
2026-07-14T15:31:11.380+0000,86601,3,"[""ids"", ""suricata""]",Suricata: Alert - SURICATA STREAM 3way handshake excessive different SYNs,002,CibleWazuh,,,/var/log/suricata/eve.json,,0,,,1
2026-07-14T15:25:26.730+0000,86601,3,"[""ids"", ""suricata""]",Suricata: Alert - SURICATA STREAM 3way handshake excessive different SYNs,002,CibleWazuh,,,/var/log/suricata/eve.json,,0,,,1
2026-07-14T15:25:10.987+0000,86601,3,"[""ids"", ""suricata""]",Suricata: Alert - SURICATA STREAM 3way handshake excessive different SYNs,002,CibleWazuh,,,/var/log/suricata/eve.json,,0,,,1
2026-07-14T15:25:33.222+0000,86601,3,"[""ids"", ""suricata""]",Suricata: Alert - SURICATA STREAM 3way handshake excessive different SYNs,002,CibleWazuh,,,/var/log/suricata/eve.json,,0,,,1
2026-07-14T15:26:19.046+0000,86601,3,"[""ids"", ""suricata""]",Suricata: Alert - SURICATA STREAM 3way handshake excessive different SYNs,002,CibleWazuh,,,/var/log/suricata/eve.json,,0,,,1
2026-07-14T15:30:58.998+0000,86601,3,"[""ids"", ""suricata""]",Suricata: Alert - SURICATA STREAM 3way handshake excessive different SYNs,002,CibleWazuh,,,/var/log/suricata/eve.json,,0,,,1
2026-07-14T15:31:13.359+0000,86601,3,"[""ids"", ""suricata""]",Suricata: Alert - SURICATA STREAM 3way handshake excessive different SYNs,002,CibleWazuh,,,/var/log/suricata/eve.json,,0,,,1
2026-07-14T15:37:53.672+0000,86601,3,"[""ids"", ""suricata""]",Suricata: Alert - SURICATA STREAM 3way handshake excessive different SYNs,002,CibleWazuh,,,/var/log/suricata/eve.json,,0,,,1
2026-07-14T15:27:56.761+0000,86601,3,"[""ids"", ""suricata""]",Suricata: Alert - SURICATA STREAM 3way handshake excessive different SYNs,002,CibleWazuh,,,/var/log/suricata/eve.json,,0,,,1
2026-07-14T15:25:39.239+0000,86601,3,"[""ids"", ""suricata""]",Suricata: Alert - SURICATA STREAM 3way handshake excessive different SYNs,002,CibleWazuh,,,/var/log/suricata/eve.json,,0,,,1
2026-07-14T13:38:56.062+0000,2904,7,"[""syslog"", ""dpkg"", ""config_changed""]",Dpkg (Debian Package) half configured.,000,UbuntuWazuh,,,/var/log/dpkg.log,2026-07-14 13:38:54 status half-configured cmake:amd64 3.28.3-1build7,0,,,0
2026-07-14T15:27:51.244+0000,86601,3,"[""ids"", ""suricata""]",Suricata: Alert - SURICATA STREAM 3way handshake excessive different SYNs,002,CibleWazuh,,,/var/log/suricata/eve.json,,0,,,1
2026-07-14T15:27:42.770+0000,86601,3,"[""ids"", ""suricata""]",Suricata: Alert - SURICATA STREAM 3way handshake excessive different SYNs,002,CibleWazuh,,,/var/log/suricata/eve.json,,0,,,1
2026-07-14T15:25:18.984+0000,86601,3,"[""ids"", ""suricata""]",Suricata: Alert - SURICATA STREAM 3way handshake excessive different SYNs,002,CibleWazuh,,,/var/log/suricata/eve.json,,0,,,1
2026-07-14T15:31:13.335+0000,86601,3,"[""ids"", ""suricata""]",Suricata: Alert - SURICATA STREAM 3way handshake excessive different SYNs,002,CibleWazuh,,,/var/log/suricata/eve.json,,0,,,1
2026-07-14T15:31:11.361+0000,86601,3,"[""ids"", ""suricata""]",Suricata: Alert - SURICATA STREAM 3way handshake excessive different SYNs,002,CibleWazuh,,,/var/log/suricata/eve.json,,0,,,1
2026-07-14T15:37:42.993+0000,86601,3,"[""ids"", ""suricata""]",Suricata: Alert - SURICATA STREAM 3way handshake excessive different SYNs,002,CibleWazuh,,,/var/log/suricata/eve.json,,0,,,1
2026-07-14T15:24:58.578+0000,86601,3,"[""ids"", ""suricata""]",Suricata: Alert - SURICATA STREAM 3way handshake excessive different SYNs,002,CibleWazuh,,,/var/log/suricata/eve.json,,0,,,1
2026-07-14T15:25:40.021+0000,86601,3,"[""ids"", ""suricata""]",Suricata: Alert - SURICATA STREAM 3way handshake excessive different SYNs,002,CibleWazuh,,,/var/log/suricata/eve.json,,0,,,1
2026-07-14T15:26:22.478+0000,86601,3,"[""ids"", ""suricata""]",Suricata: Alert - SURICATA STREAM 3way handshake excessive different SYNs,002,CibleWazuh,,,/var/log/suricata/eve.json,,0,,,1
2026-07-14T15:27:48.760+0000,86601,3,"[""ids"", ""suricata""]",Suricata: Alert - SURICATA STREAM 3way handshake excessive different SYNs,002,CibleWazuh,,,/var/log/suricata/eve.json,,0,,,1
2026-07-14T15:25:13.145+0000,86601,3,"[""ids"", ""suricata""]",Suricata: Alert - SURICATA STREAM 3way handshake excessive different SYNs,002,CibleWazuh,,,/var/log/suricata/eve.json,,0,,,1
2026-07-14T15:21:33.967+0000,203,9,"[""wazuh"", ""agent_flooding""]",Agent event queue is full. Events may be lost.,002,CibleWazuh,,,wazuh-agent,wazuh: Agent buffer: 'full'.,1,PARROT-HYDRA-01,malicious_bruteforce,0
2026-07-14T15:27:49.735+0000,86601,3,"[""ids"", ""suricata""]",Suricata: Alert - SURICATA STREAM 3way handshake excessive different SYNs,002,CibleWazuh,,,/var/log/suricata/eve.json,,0,,,1
2026-07-14T15:31:05.101+0000,86601,3,"[""ids"", ""suricata""]",Suricata: Alert - SURICATA STREAM 3way handshake excessive different SYNs,002,CibleWazuh,,,/var/log/suricata/eve.json,,0,,,1
2026-07-14T15:26:23.877+0000,86601,3,"[""ids"", ""suricata""]",Suricata: Alert - SURICATA STREAM 3way handshake excessive different SYNs,002,CibleWazuh,,,/var/log/suricata/eve.json,,0,,,1
2026-07-14T15:25:34.992+0000,86601,3,"[""ids"", ""suricata""]",Suricata: Alert - SURICATA STREAM 3way handshake excessive different SYNs,002,CibleWazuh,,,/var/log/suricata/eve.json,,0,,,1
2026-07-14T15:27:45.386+0000,86601,3,"[""ids"", ""suricata""]",Suricata: Alert - SURICATA STREAM 3way handshake excessive different SYNs,002,CibleWazuh,,,/var/log/suricata/eve.json,,0,,,1
2026-07-14T15:38:00.140+0000,86601,3,"[""ids"", ""suricata""]",Suricata: Alert - SURICATA STREAM 3way handshake excessive different SYNs,002,CibleWazuh,,,/var/log/suricata/eve.json,,0,,,1
2026-07-14T15:25:12.607+0000,86601,3,"[""ids"", ""suricata""]",Suricata: Alert - SURICATA STREAM 3way handshake excessive different SYNs,002,CibleWazuh,,,/var/log/suricata/eve.json,,0,,,1
2026-07-14T15:25:30.729+0000,86601,3,"[""ids"", ""suricata""]",Suricata: Alert - SURICATA STREAM 3way handshake excessive different SYNs,002,CibleWazuh,,,/var/log/suricata/eve.json,,0,,,1
2026-07-14T15:37:52.694+0000,86601,3,"[""ids"", ""suricata""]",Suricata: Alert - SURICATA STREAM 3way handshake excessive different SYNs,002,CibleWazuh,,,/var/log/suricata/eve.json,,0,,,1
2026-07-14T15:38:01.447+0000,86601,3,"[""ids"", ""suricata""]",Suricata: Alert - SURICATA STREAM 3way handshake excessive different SYNs,002,CibleWazuh,,,/var/log/suricata/eve.json,,0,,,1
2026-07-14T15:24:59.896+0000,86601,3,"[""ids"", ""suricata""]",Suricata: Alert - SURICATA STREAM 3way handshake excessive different SYNs,002,CibleWazuh,,,/var/log/suricata/eve.json,,0,,,1
2026-07-14T15:25:38.166+0000,86601,3,"[""ids"", ""suricata""]",Suricata: Alert - SURICATA STREAM 3way handshake excessive different SYNs,002,CibleWazuh,,,/var/log/suricata/eve.json,,0,,,1
2026-07-14T15:31:18.329+0000,86601,3,"[""ids"", ""suricata""]",Suricata: Alert - SURICATA STREAM 3way handshake excessive different SYNs,002,CibleWazuh,,,/var/log/suricata/eve.json,,0,,,1
2026-07-14T15:27:50.340+0000,86601,3,"[""ids"", ""suricata""]",Suricata: Alert - SURICATA STREAM 3way handshake excessive different SYNs,002,CibleWazuh,,,/var/log/suricata/eve.json,,0,,,1
2026-07-14T15:25:08.439+0000,86601,3,"[""ids"", ""suricata""]",Suricata: Alert - SURICATA STREAM 3way handshake excessive different SYNs,002,CibleWazuh,,,/var/log/suricata/eve.json,,0,,,1
2026-07-14T15:25:31.130+0000,86601,3,"[""ids"", ""suricata""]",Suricata: Alert - SURICATA STREAM 3way handshake excessive different SYNs,002,CibleWazuh,,,/var/log/suricata/eve.json,,0,,,1
2026-07-14T15:25:10.176+0000,86601,3,"[""ids"", ""suricata""]",Suricata: Alert - SURICATA STREAM 3way handshake excessive different SYNs,002,CibleWazuh,,,/var/log/suricata/eve.json,,0,,,1
2026-07-14T15:27:51.782+0000,86601,3,"[""ids"", ""suricata""]",Suricata: Alert - SURICATA STREAM 3way handshake excessive different SYNs,002,CibleWazuh,,,/var/log/suricata/eve.json,,0,,,1
2026-07-14T15:26:13.885+0000,86601,3,"[""ids"", ""suricata""]",Suricata: Alert - SURICATA STREAM 3way handshake excessive different SYNs,002,CibleWazuh,,,/var/log/suricata/eve.json,,0,,,1
2026-07-14T15:25:26.905+0000,86601,3,"[""ids"", ""suricata""]",Suricata: Alert - SURICATA STREAM 3way handshake excessive different SYNs,002,CibleWazuh,,,/var/log/suricata/eve.json,,0,,,1
2026-07-14T15:25:31.257+0000,86601,3,"[""ids"", ""suricata""]",Suricata: Alert - SURICATA STREAM 3way handshake excessive different SYNs,002,CibleWazuh,,,/var/log/suricata/eve.json,,0,,,1
2026-07-14T15:26:22.889+0000,86601,3,"[""ids"", ""suricata""]",Suricata: Alert - SURICATA STREAM 3way handshake excessive different SYNs,002,CibleWazuh,,,/var/log/suricata/eve.json,,0,,,1
2026-07-14T15:27:51.118+0000,86601,3,"[""ids"", ""suricata""]",Suricata: Alert - SURICATA STREAM 3way handshake excessive different SYNs,002,CibleWazuh,,,/var/log/suricata/eve.json,,0,,,1
2026-07-14T15:24:57.702+0000,86601,3,"[""ids"", ""suricata""]",Suricata: Alert - SURICATA STREAM 3way handshake excessive different SYNs,002,CibleWazuh,,,/var/log/suricata/eve.json,,0,,,1
2026-07-14T15:30:50.145+0000,86601,3,"[""ids"", ""suricata""]",Suricata: Alert - SURICATA STREAM 3way handshake excessive different SYNs,002,CibleWazuh,,,/var/log/suricata/eve.json,,0,,,1
2026-07-14T15:37:54.068+0000,86601,3,"[""ids"", ""suricata""]",Suricata: Alert - SURICATA STREAM 3way handshake excessive different SYNs,002,CibleWazuh,,,/var/log/suricata/eve.json,,0,,,1
2026-07-14T15:30:58.224+0000,86601,3,"[""ids"", ""suricata""]",Suricata: Alert - SURICATA STREAM 3way handshake excessive different SYNs,002,CibleWazuh,,,/var/log/suricata/eve.json,,0,,,1
2026-07-14T15:25:06.535+0000,86601,3,"[""ids"", ""suricata""]",Suricata: Alert - SURICATA STREAM 3way handshake excessive different SYNs,002,CibleWazuh,,,/var/log/suricata/eve.json,,0,,,1
2026-07-14T15:25:29.811+0000,86601,3,"[""ids"", ""suricata""]",Suricata: Alert - SURICATA STREAM 3way handshake excessive different SYNs,002,CibleWazuh,,,/var/log/suricata/eve.json,,0,,,1
2026-07-14T15:26:26.494+0000,86601,3,"[""ids"", ""suricata""]",Suricata: Alert - SURICATA STREAM 3way handshake excessive different SYNs,002,CibleWazuh,,,/var/log/suricata/eve.json,,0,,,1
2026-07-14T15:26:10.984+0000,86601,3,"[""ids"", ""suricata""]",Suricata: Alert - SURICATA STREAM 3way handshake excessive different SYNs,002,CibleWazuh,,,/var/log/suricata/eve.json,,0,,,1
2026-07-14T15:37:52.014+0000,86601,3,"[""ids"", ""suricata""]",Suricata: Alert - SURICATA STREAM 3way handshake excessive different SYNs,002,CibleWazuh,,,/var/log/suricata/eve.json,,0,,,1
2026-07-14T15:38:03.174+0000,86601,3,"[""ids"", ""suricata""]",Suricata: Alert - SURICATA STREAM 3way handshake excessive different SYNs,002,CibleWazuh,,,/var/log/suricata/eve.json,,0,,,1
2026-07-14T15:26:17.279+0000,86601,3,"[""ids"", ""suricata""]",Suricata: Alert - SURICATA STREAM 3way handshake excessive different SYNs,002,CibleWazuh,,,/var/log/suricata/eve.json,,0,,,1
2026-07-14T15:27:43.556+0000,86601,3,"[""ids"", ""suricata""]",Suricata: Alert - SURICATA STREAM 3way handshake excessive different SYNs,002,CibleWazuh,,,/var/log/suricata/eve.json,,0,,,1
2026-07-14T15:38:00.337+0000,86601,3,"[""ids"", ""suricata""]",Suricata: Alert - SURICATA STREAM 3way handshake excessive different SYNs,002,CibleWazuh,,,/var/log/suricata/eve.json,,0,,,1
2026-07-14T15:25:07.367+0000,86601,3,"[""ids"", ""suricata""]",Suricata: Alert - SURICATA STREAM 3way handshake excessive different SYNs,002,CibleWazuh,,,/var/log/suricata/eve.json,,0,,,1
2026-07-14T15:27:52.483+0000,86601,3,"[""ids"", ""suricata""]",Suricata: Alert - SURICATA STREAM 3way handshake excessive different SYNs,002,CibleWazuh,,,/var/log/suricata/eve.json,,0,,,1
2026-07-14T15:25:04.459+0000,86601,3,"[""ids"", ""suricata""]",Suricata: Alert - SURICATA STREAM 3way handshake excessive different SYNs,002,CibleWazuh,,,/var/log/suricata/eve.json,,0,,,1
2026-07-14T15:37:43.403+0000,86601,3,"[""ids"", ""suricata""]",Suricata: Alert - SURICATA STREAM 3way handshake excessive different SYNs,002,CibleWazuh,,,/var/log/suricata/eve.json,,0,,,1
2026-07-14T14:18:29.400+0000,5503,5,"[""pam"", ""syslog"", ""authentication_failed""]",PAM: User login failed.,002,CibleWazuh,192.168.30.10,vboxuser,journald,Jul 14 14:18:28 CibleWazuh sshd[8216]: pam_unix(sshd:auth): authentication failure; logname= uid=0 euid=0 tty=ssh ruser= rhost=192.168.30.10  user=vboxuser,1,TG-0002,malicious_bruteforce,0
2026-07-14T14:58:02.562+0000,5763,10,"[""syslog"", ""sshd"", ""authentication_failures""]",sshd: brute force trying to get access to the system. Authentication failed.,002,CibleWazuh,192.168.30.10,vboxuser,journald,Jul 14 14:58:01 CibleWazuh sshd[12252]: Failed password for vboxuser from 192.168.30.10 port 42290 ssh2,1,TG-0030,malicious_bruteforce,0
2026-07-14T15:27:52.178+0000,86601,3,"[""ids"", ""suricata""]",Suricata: Alert - SURICATA STREAM 3way handshake excessive different SYNs,002,CibleWazuh,,,/var/log/suricata/eve.json,,0,,,1
2026-07-14T15:25:26.198+0000,86601,3,"[""ids"", ""suricata""]",Suricata: Alert - SURICATA STREAM 3way handshake excessive different SYNs,002,CibleWazuh,,,/var/log/suricata/eve.json,,0,,,1
2026-07-14T15:25:35.422+0000,86601,3,"[""ids"", ""suricata""]",Suricata: Alert - SURICATA STREAM 3way handshake excessive different SYNs,002,CibleWazuh,,,/var/log/suricata/eve.json,,0,,,1
2026-07-14T14:57:58.566+0000,5503,5,"[""pam"", ""syslog"", ""authentication_failed""]",PAM: User login failed.,002,CibleWazuh,192.168.30.10,vboxuser,journald,Jul 14 14:57:57 CibleWazuh sshd[12253]: pam_unix(sshd:auth): authentication failure; logname= uid=0 euid=0 tty=ssh ruser= rhost=192.168.30.10  user=vboxuser,1,TG-0030,malicious_bruteforce,0
2026-07-14T15:37:53.927+0000,86601,3,"[""ids"", ""suricata""]",Suricata: Alert - SURICATA STREAM 3way handshake excessive different SYNs,002,CibleWazuh,,,/var/log/suricata/eve.json,,0,,,1
2026-07-14T15:31:04.885+0000,86601,3,"[""ids"", ""suricata""]",Suricata: Alert - SURICATA STREAM 3way handshake excessive different SYNs,002,CibleWazuh,,,/var/log/suricata/eve.json,,0,,,1
2026-07-14T15:30:58.093+0000,86601,3,"[""ids"", ""suricata""]",Suricata: Alert - SURICATA STREAM 3way handshake excessive different SYNs,002,CibleWazuh,,,/var/log/suricata/eve.json,,0,,,1
2026-07-14T15:25:28.733+0000,86601,3,"[""ids"", ""suricata""]",Suricata: Alert - SURICATA STREAM 3way handshake excessive different SYNs,002,CibleWazuh,,,/var/log/suricata/eve.json,,0,,,1
2026-07-14T15:25:34.481+0000,86601,3,"[""ids"", ""suricata""]",Suricata: Alert - SURICATA STREAM 3way handshake excessive different SYNs,002,CibleWazuh,,,/var/log/suricata/eve.json,,0,,,1
2026-07-14T15:31:16.868+0000,86601,3,"[""ids"", ""suricata""]",Suricata: Alert - SURICATA STREAM 3way handshake excessive different SYNs,002,CibleWazuh,,,/var/log/suricata/eve.json,,0,,,1
2026-07-14T15:26:17.310+0000,86601,3,"[""ids"", ""suricata""]",Suricata: Alert - SURICATA STREAM 3way handshake excessive different SYNs,002,CibleWazuh,,,/var/log/suricata/eve.json,,0,,,1
2026-07-14T15:27:45.979+0000,86601,3,"[""ids"", ""suricata""]",Suricata: Alert - SURICATA STREAM 3way handshake excessive different SYNs,002,CibleWazuh,,,/var/log/suricata/eve.json,,0,,,1
2026-07-14T15:25:43.510+0000,86601,3,"[""ids"", ""suricata""]",Suricata: Alert - SURICATA STREAM 3way handshake excessive different SYNs,002,CibleWazuh,,,/var/log/suricata/eve.json,,0,,,1
2026-07-14T15:25:19.221+0000,86601,3,"[""ids"", ""suricata""]",Suricata: Alert - SURICATA STREAM 3way handshake excessive different SYNs,002,CibleWazuh,,,/var/log/suricata/eve.json,,0,,,1
2026-07-14T15:31:15.596+0000,86601,3,"[""ids"", ""suricata""]",Suricata: Alert - SURICATA STREAM 3way handshake excessive different SYNs,002,CibleWazuh,,,/var/log/suricata/eve.json,,0,,,1
2026-07-14T15:31:14.347+0000,86601,3,"[""ids"", ""suricata""]",Suricata: Alert - SURICATA STREAM 3way handshake excessive different SYNs,002,CibleWazuh,,,/var/log/suricata/eve.json,,0,,,1
2026-07-14T15:31:01.819+0000,86601,3,"[""ids"", ""suricata""]",Suricata: Alert - SURICATA STREAM 3way handshake excessive different SYNs,002,CibleWazuh,,,/var/log/suricata/eve.json,,0,,,1
2026-07-14T15:38:00.840+0000,86601,3,"[""ids"", ""suricata""]",Suricata: Alert - SURICATA STREAM 3way handshake excessive different SYNs,002,CibleWazuh,,,/var/log/suricata/eve.json,,0,,,1
2026-07-14T15:25:29.575+0000,86601,3,"[""ids"", ""suricata""]",Suricata: Alert - SURICATA STREAM 3way handshake excessive different SYNs,002,CibleWazuh,,,/var/log/suricata/eve.json,,0,,,1
2026-07-14T15:25:00.334+0000,86601,3,"[""ids"", ""suricata""]",Suricata: Alert - SURICATA STREAM 3way handshake excessive different SYNs,002,CibleWazuh,,,/var/log/suricata/eve.json,,0,,,1
2026-07-14T15:26:17.092+0000,86601,3,"[""ids"", ""suricata""]",Suricata: Alert - SURICATA STREAM 3way handshake excessive different SYNs,002,CibleWazuh,,,/var/log/suricata/eve.json,,0,,,1
2026-07-14T15:25:23.630+0000,86601,3,"[""ids"", ""suricata""]",Suricata: Alert - SURICATA STREAM 3way handshake excessive different SYNs,002,CibleWazuh,,,/var/log/suricata/eve.json,,0,,,1
2026-07-14T15:31:16.432+0000,86601,3,"[""ids"", ""suricata""]",Suricata: Alert - SURICATA STREAM 3way handshake excessive different SYNs,002,CibleWazuh,,,/var/log/suricata/eve.json,,0,,,1
2026-07-14T14:18:29.403+0000,5503,5,"[""pam"", ""syslog"", ""authentication_failed""]",PAM: User login failed.,002,CibleWazuh,192.168.30.10,vboxuser,journald,Jul 14 14:18:28 CibleWazuh sshd[8218]: pam_unix(sshd:auth): authentication failure; logname= uid=0 euid=0 tty=ssh ruser= rhost=192.168.30.10  user=vboxuser,1,TG-0002,malicious_bruteforce,0
2026-07-14T15:26:12.499+0000,86601,3,"[""ids"", ""suricata""]",Suricata: Alert - SURICATA STREAM 3way handshake excessive different SYNs,002,CibleWazuh,,,/var/log/suricata/eve.json,,0,,,1
2026-07-14T15:24:55.300+0000,86601,3,"[""ids"", ""suricata""]",Suricata: Alert - SURICATA STREAM 3way handshake excessive different SYNs,002,CibleWazuh,,,/var/log/suricata/eve.json,,0,,,1
2026-07-14T15:26:12.153+0000,86601,3,"[""ids"", ""suricata""]",Suricata: Alert - SURICATA STREAM 3way handshake excessive different SYNs,002,CibleWazuh,,,/var/log/suricata/eve.json,,0,,,1
2026-07-14T15:27:41.058+0000,86601,3,"[""ids"", ""suricata""]",Suricata: Alert - SURICATA STREAM 3way handshake excessive different SYNs,002,CibleWazuh,,,/var/log/suricata/eve.json,,0,,,1
2026-07-14T15:25:09.576+0000,86601,3,"[""ids"", ""suricata""]",Suricata: Alert - SURICATA STREAM 3way handshake excessive different SYNs,002,CibleWazuh,,,/var/log/suricata/eve.json,,0,,,1
2026-07-14T15:37:51.953+0000,86601,3,"[""ids"", ""suricata""]",Suricata: Alert - SURICATA STREAM 3way handshake excessive different SYNs,002,CibleWazuh,,,/var/log/suricata/eve.json,,0,,,1
2026-07-14T14:03:25.816+0000,40704,5,"[""local"", ""systemd""]",Systemd: Service exited due to a failure.,000,UbuntuWazuh,,,journald,"Jul 14 14:03:24 UbuntuWazuh systemd[1]: wazuh-inference.service: Main process exited, code=exited, status=1/FAILURE",0,,,0
2026-07-14T15:31:16.330+0000,86601,3,"[""ids"", ""suricata""]",Suricata: Alert - SURICATA STREAM 3way handshake excessive different SYNs,002,CibleWazuh,,,/var/log/suricata/eve.json,,0,,,1
2026-07-14T15:37:44.359+0000,86601,3,"[""ids"", ""suricata""]",Suricata: Alert - SURICATA STREAM 3way handshake excessive different SYNs,002,CibleWazuh,,,/var/log/suricata/eve.json,,0,,,1
2026-07-14T15:37:52.054+0000,86601,3,"[""ids"", ""suricata""]",Suricata: Alert - SURICATA STREAM 3way handshake excessive different SYNs,002,CibleWazuh,,,/var/log/suricata/eve.json,,0,,,1
2026-07-14T15:27:48.406+0000,86601,3,"[""ids"", ""suricata""]",Suricata: Alert - SURICATA STREAM 3way handshake excessive different SYNs,002,CibleWazuh,,,/var/log/suricata/eve.json,,0,,,1
2026-07-14T15:43:18.899+0000,86601,3,"[""ids"", ""suricata""]",Suricata: Alert - ET SCAN Port scan detected,002,CibleWazuh,,,/var/log/suricata/eve.json,,0,,,1
2026-07-14T15:24:59.192+0000,86601,3,"[""ids"", ""suricata""]",Suricata: Alert - SURICATA STREAM 3way handshake excessive different SYNs,002,CibleWazuh,,,/var/log/suricata/eve.json,,0,,,1
2026-07-14T15:27:43.212+0000,86601,3,"[""ids"", ""suricata""]",Suricata: Alert - SURICATA STREAM 3way handshake excessive different SYNs,002,CibleWazuh,,,/var/log/suricata/eve.json,,0,,,1
2026-07-14T15:27:46.482+0000,86601,3,"[""ids"", ""suricata""]",Suricata: Alert - SURICATA STREAM 3way handshake excessive different SYNs,002,CibleWazuh,,,/var/log/suricata/eve.json,,0,,,1
2026-07-14T15:37:52.513+0000,86601,3,"[""ids"", ""suricata""]",Suricata: Alert - SURICATA STREAM 3way handshake excessive different SYNs,002,CibleWazuh,,,/var/log/suricata/eve.json,,0,,,1
2026-07-14T15:24:54.122+0000,86601,3,"[""ids"", ""suricata""]",Suricata: Alert - SURICATA STREAM 3way handshake excessive different SYNs,002,CibleWazuh,,,/var/log/suricata/eve.json,,0,,,1
2026-07-14T15:09:30.885+0000,86601,3,"[""ids"", ""suricata""]",Suricata: Alert - ET SCAN NMAP TCP connect -sT,002,CibleWazuh,,,/var/log/suricata/eve.json,,0,,,1
2026-07-14T14:45:01.953+0000,86601,3,"[""ids"", ""suricata""]",Suricata: Alert - ET SCAN NMAP -sV version,002,CibleWazuh,,,/var/log/suricata/eve.json,,0,,,1
2026-07-14T15:25:22.706+0000,86601,3,"[""ids"", ""suricata""]",Suricata: Alert - SURICATA STREAM 3way handshake excessive different SYNs,002,CibleWazuh,,,/var/log/suricata/eve.json,,0,,,1
2026-07-14T15:25:07.384+0000,86601,3,"[""ids"", ""suricata""]",Suricata: Alert - SURICATA STREAM 3way handshake excessive different SYNs,002,CibleWazuh,,,/var/log/suricata/eve.json,,0,,,1
2026-07-14T15:31:08.499+0000,86601,3,"[""ids"", ""suricata""]",Suricata: Alert - SURICATA STREAM 3way handshake excessive different SYNs,002,CibleWazuh,,,/var/log/suricata/eve.json,,0,,,1
2026-07-14T15:37:52.010+0000,86601,3,"[""ids"", ""suricata""]",Suricata: Alert - SURICATA STREAM 3way handshake excessive different SYNs,002,CibleWazuh,,,/var/log/suricata/eve.json,,0,,,1
2026-07-14T15:25:05.427+0000,86601,3,"[""ids"", ""suricata""]",Suricata: Alert - SURICATA STREAM 3way handshake excessive different SYNs,002,CibleWazuh,,,/var/log/suricata/eve.json,,0,,,1
2026-07-14T15:26:17.331+0000,86601,3,"[""ids"", ""suricata""]",Suricata: Alert - SURICATA STREAM 3way handshake excessive different SYNs,002,CibleWazuh,,,/var/log/suricata/eve.json,,0,,,1
2026-07-14T15:38:02.461+0000,86601,3,"[""ids"", ""suricata""]",Suricata: Alert - SURICATA STREAM 3way handshake excessive different SYNs,002,CibleWazuh,,,/var/log/suricata/eve.json,,0,,,1
2026-07-14T15:37:57.917+0000,86601,3,"[""ids"", ""suricata""]",Suricata: Alert - SURICATA STREAM 3way handshake excessive different SYNs,002,CibleWazuh,,,/var/log/suricata/eve.json,,0,,,1
2026-07-14T15:03:06.704+0000,86601,3,"[""ids"", ""suricata""]",Suricata: Alert - ET SCAN NMAP -sV version,002,CibleWazuh,,,/var/log/suricata/eve.json,,0,,,1
2026-07-14T15:27:47.113+0000,86601,3,"[""ids"", ""suricata""]",Suricata: Alert - SURICATA STREAM 3way handshake excessive different SYNs,002,CibleWazuh,,,/var/log/suricata/eve.json,,0,,,1
2026-07-14T15:27:44.080+0000,86601,3,"[""ids"", ""suricata""]",Suricata: Alert - SURICATA STREAM 3way handshake excessive different SYNs,002,CibleWazuh,,,/var/log/suricata/eve.json,,0,,,1
2026-07-14T15:25:12.730+0000,86601,3,"[""ids"", ""suricata""]",Suricata: Alert - SURICATA STREAM 3way handshake excessive different SYNs,002,CibleWazuh,,,/var/log/suricata/eve.json,,0,,,1
2026-07-14T15:25:22.283+0000,86601,3,"[""ids"", ""suricata""]",Suricata: Alert - SURICATA STREAM 3way handshake excessive different SYNs,002,CibleWazuh,,,/var/log/suricata/eve.json,,0,,,1
2026-07-14T15:26:16.678+0000,86601,3,"[""ids"", ""suricata""]",Suricata: Alert - SURICATA STREAM 3way handshake excessive different SYNs,002,CibleWazuh,,,/var/log/suricata/eve.json,,0,,,1
2026-07-14T15:31:03.143+0000,86601,3,"[""ids"", ""suricata""]",Suricata: Alert - SURICATA STREAM 3way handshake excessive different SYNs,002,CibleWazuh,,,/var/log/suricata/eve.json,,0,,,1
2026-07-14T15:25:30.094+0000,86601,3,"[""ids"", ""suricata""]",Suricata: Alert - SURICATA STREAM 3way handshake excessive different SYNs,002,CibleWazuh,,,/var/log/suricata/eve.json,,0,,,1
2026-07-14T15:31:04.813+0000,86601,3,"[""ids"", ""suricata""]",Suricata: Alert - SURICATA STREAM 3way handshake excessive different SYNs,002,CibleWazuh,,,/var/log/suricata/eve.json,,0,,,1
2026-07-14T15:31:05.414+0000,86601,3,"[""ids"", ""suricata""]",Suricata: Alert - SURICATA STREAM 3way handshake excessive different SYNs,002,CibleWazuh,,,/var/log/suricata/eve.json,,0,,,1
2026-07-14T15:26:25.207+0000,86601,3,"[""ids"", ""suricata""]",Suricata: Alert - SURICATA STREAM 3way handshake excessive different SYNs,002,CibleWazuh,,,/var/log/suricata/eve.json,,0,,,1
2026-07-14T15:37:51.954+0000,86601,3,"[""ids"", ""suricata""]",Suricata: Alert - SURICATA STREAM 3way handshake excessive different SYNs,002,CibleWazuh,,,/var/log/suricata/eve.json,,0,,,1
2026-07-14T15:31:07.848+0000,86601,3,"[""ids"", ""suricata""]",Suricata: Alert - SURICATA STREAM 3way handshake excessive different SYNs,002,CibleWazuh,,,/var/log/suricata/eve.json,,0,,,1
2026-07-14T15:25:08.291+0000,86601,3,"[""ids"", ""suricata""]",Suricata: Alert - SURICATA STREAM 3way handshake excessive different SYNs,002,CibleWazuh,,,/var/log/suricata/eve.json,,0,,,1
2026-07-14T15:31:05.758+0000,86601,3,"[""ids"", ""suricata""]",Suricata: Alert - SURICATA STREAM 3way handshake excessive different SYNs,002,CibleWazuh,,,/var/log/suricata/eve.json,,0,,,1
2026-07-14T15:31:03.487+0000,86601,3,"[""ids"", ""suricata""]",Suricata: Alert - SURICATA STREAM 3way handshake excessive different SYNs,002,CibleWazuh,,,/var/log/suricata/eve.json,,0,,,1
2026-07-14T15:37:59.499+0000,86601,3,"[""ids"", ""suricata""]",Suricata: Alert - SURICATA STREAM 3way handshake excessive different SYNs,002,CibleWazuh,,,/var/log/suricata/eve.json,,0,,,1
2026-07-14T15:27:44.244+0000,86601,3,"[""ids"", ""suricata""]",Suricata: Alert - SURICATA STREAM 3way handshake excessive different SYNs,002,CibleWazuh,,,/var/log/suricata/eve.json,,0,,,1
2026-07-14T15:27:58.084+0000,86601,3,"[""ids"", ""suricata""]",Suricata: Alert - SURICATA STREAM 3way handshake excessive different SYNs,002,CibleWazuh,,,/var/log/suricata/eve.json,,0,,,1
2026-07-14T15:27:52.740+0000,86601,3,"[""ids"", ""suricata""]",Suricata: Alert - SURICATA STREAM 3way handshake excessive different SYNs,002,CibleWazuh,,,/var/log/suricata/eve.json,,0,,,1
2026-07-14T15:31:06.106+0000,86601,3,"[""ids"", ""suricata""]",Suricata: Alert - SURICATA STREAM 3way handshake excessive different SYNs,002,CibleWazuh,,,/var/log/suricata/eve.json,,0,,,1
2026-07-14T15:25:07.261+0000,86601,3,"[""ids"", ""suricata""]",Suricata: Alert - SURICATA STREAM 3way handshake excessive different SYNs,002,CibleWazuh,,,/var/log/suricata/eve.json,,0,,,1
2026-07-14T15:37:44.295+0000,86601,3,"[""ids"", ""suricata""]",Suricata: Alert - SURICATA STREAM 3way handshake excessive different SYNs,002,CibleWazuh,,,/var/log/suricata/eve.json,,0,,,1
2026-07-14T15:25:40.309+0000,86601,3,"[""ids"", ""suricata""]",Suricata: Alert - SURICATA STREAM 3way handshake excessive different SYNs,002,CibleWazuh,,,/var/log/suricata/eve.json,,0,,,1
2026-07-14T15:25:01.198+0000,86601,3,"[""ids"", ""suricata""]",Suricata: Alert - SURICATA STREAM 3way handshake excessive different SYNs,002,CibleWazuh,,,/var/log/suricata/eve.json,,0,,,1
2026-07-14T15:24:58.201+0000,86601,3,"[""ids"", ""suricata""]",Suricata: Alert - SURICATA STREAM 3way handshake excessive different SYNs,002,CibleWazuh,,,/var/log/suricata/eve.json,,0,,,1
2026-07-14T15:37:43.787+0000,86601,3,"[""ids"", ""suricata""]",Suricata: Alert - SURICATA STREAM 3way handshake excessive different SYNs,002,CibleWazuh,,,/var/log/suricata/eve.json,,0,,,1
2026-07-14T15:25:14.025+0000,86601,3,"[""ids"", ""suricata""]",Suricata: Alert - SURICATA STREAM 3way handshake excessive different SYNs,002,CibleWazuh,,,/var/log/suricata/eve.json,,0,,,1
2026-07-14T15:25:42.574+0000,86601,3,"[""ids"", ""suricata""]",Suricata: Alert - SURICATA STREAM 3way handshake excessive different SYNs,002,CibleWazuh,,,/var/log/suricata/eve.json,,0,,,1
2026-07-14T15:31:07.998+0000,86601,3,"[""ids"", ""suricata""]",Suricata: Alert - SURICATA STREAM 3way handshake excessive different SYNs,002,CibleWazuh,,,/var/log/suricata/eve.json,,0,,,1
2026-07-14T15:37:58.081+0000,86601,3,"[""ids"", ""suricata""]",Suricata: Alert - SURICATA STREAM 3way handshake excessive different SYNs,002,CibleWazuh,,,/var/log/suricata/eve.json,,0,,,1
2026-07-14T15:25:33.680+0000,86601,3,"[""ids"", ""suricata""]",Suricata: Alert - SURICATA STREAM 3way handshake excessive different SYNs,002,CibleWazuh,,,/var/log/suricata/eve.json,,0,,,1
2026-07-14T15:25:28.624+0000,86601,3,"[""ids"", ""suricata""]",Suricata: Alert - SURICATA STREAM 3way handshake excessive different SYNs,002,CibleWazuh,,,/var/log/suricata/eve.json,,0,,,1
2026-07-14T15:26:16.615+0000,86601,3,"[""ids"", ""suricata""]",Suricata: Alert - SURICATA STREAM 3way handshake excessive different SYNs,002,CibleWazuh,,,/var/log/suricata/eve.json,,0,,,1
2026-07-14T15:30:56.322+0000,86601,3,"[""ids"", ""suricata""]",Suricata: Alert - SURICATA STREAM 3way handshake excessive different SYNs,002,CibleWazuh,,,/var/log/suricata/eve.json,,0,,,1
2026-07-14T15:26:11.261+0000,86601,3,"[""ids"", ""suricata""]",Suricata: Alert - SURICATA STREAM 3way handshake excessive different SYNs,002,CibleWazuh,,,/var/log/suricata/eve.json,,0,,,1
2026-07-14T15:26:27.366+0000,86601,3,"[""ids"", ""suricata""]",Suricata: Alert - SURICATA STREAM 3way handshake excessive different SYNs,002,CibleWazuh,,,/var/log/suricata/eve.json,,0,,,1
2026-07-14T15:18:13.067+0000,5402,3,"[""syslog"", ""sudo""]",Successful sudo to ROOT executed.,002,CibleWazuh,,root,journald,Jul 14 15:18:11 CibleWazuh sudo[14115]: vboxuser : PWD=/home/vboxuser ; USER=root ; COMMAND=/usr/sbin/ufw allow from 192.168.30.9 proto icmp comment 'TEMP: ParrotOS ICMP',1,PARROT-NMAP-01,malicious_nmap,0
2026-07-14T15:25:31.885+0000,86601,3,"[""ids"", ""suricata""]",Suricata: Alert - SURICATA STREAM 3way handshake excessive different SYNs,002,CibleWazuh,,,/var/log/suricata/eve.json,,0,,,1
2026-07-14T15:26:26.456+0000,86601,3,"[""ids"", ""suricata""]",Suricata: Alert - SURICATA STREAM 3way handshake excessive different SYNs,002,CibleWazuh,,,/var/log/suricata/eve.json,,0,,,1
2026-07-14T15:25:02.863+0000,86601,3,"[""ids"", ""suricata""]",Suricata: Alert - SURICATA STREAM 3way handshake excessive different SYNs,002,CibleWazuh,,,/var/log/suricata/eve.json,,0,,,1
2026-07-14T15:26:14.215+0000,86601,3,"[""ids"", ""suricata""]",Suricata: Alert - SURICATA STREAM 3way handshake excessive different SYNs,002,CibleWazuh,,,/var/log/suricata/eve.json,,0,,,1
2026-07-14T15:26:15.629+0000,86601,3,"[""ids"", ""suricata""]",Suricata: Alert - SURICATA STREAM 3way handshake excessive different SYNs,002,CibleWazuh,,,/var/log/suricata/eve.json,,0,,,1
2026-07-14T15:31:07.402+0000,86601,3,"[""ids"", ""suricata""]",Suricata: Alert - SURICATA STREAM 3way handshake excessive different SYNs,002,CibleWazuh,,,/var/log/suricata/eve.json,,0,,,1
2026-07-14T15:25:02.650+0000,86601,3,"[""ids"", ""suricata""]",Suricata: Alert - SURICATA STREAM 3way handshake excessive different SYNs,002,CibleWazuh,,,/var/log/suricata/eve.json,,0,,,1
2026-07-14T15:25:16.193+0000,86601,3,"[""ids"", ""suricata""]",Suricata: Alert - SURICATA STREAM 3way handshake excessive different SYNs,002,CibleWazuh,,,/var/log/suricata/eve.json,,0,,,1
2026-07-14T15:37:52.928+0000,86601,3,"[""ids"", ""suricata""]",Suricata: Alert - SURICATA STREAM 3way handshake excessive different SYNs,002,CibleWazuh,,,/var/log/suricata/eve.json,,0,,,1
2026-07-14T15:37:52.773+0000,86601,3,"[""ids"", ""suricata""]",Suricata: Alert - SURICATA STREAM 3way handshake excessive different SYNs,002,CibleWazuh,,,/var/log/suricata/eve.json,,0,,,1
2026-07-14T15:25:11.286+0000,86601,3,"[""ids"", ""suricata""]",Suricata: Alert - SURICATA STREAM 3way handshake excessive different SYNs,002,CibleWazuh,,,/var/log/suricata/eve.json,,0,,,1
2026-07-14T15:25:06.502+0000,86601,3,"[""ids"", ""suricata""]",Suricata: Alert - SURICATA STREAM 3way handshake excessive different SYNs,002,CibleWazuh,,,/var/log/suricata/eve.json,,0,,,1
2026-07-14T15:25:09.390+0000,86601,3,"[""ids"", ""suricata""]",Suricata: Alert - SURICATA STREAM 3way handshake excessive different SYNs,002,CibleWazuh,,,/var/log/suricata/eve.json,,0,,,1
2026-07-14T15:25:38.245+0000,86601,3,"[""ids"", ""suricata""]",Suricata: Alert - SURICATA STREAM 3way handshake excessive different SYNs,002,CibleWazuh,,,/var/log/suricata/eve.json,,0,,,1
2026-07-14T15:26:18.086+0000,86601,3,"[""ids"", ""suricata""]",Suricata: Alert - SURICATA STREAM 3way handshake excessive different SYNs,002,CibleWazuh,,,/var/log/suricata/eve.json,,0,,,1
2026-07-14T15:24:59.303+0000,86601,3,"[""ids"", ""suricata""]",Suricata: Alert - SURICATA STREAM 3way handshake excessive different SYNs,002,CibleWazuh,,,/var/log/suricata/eve.json,,0,,,1
2026-07-14T15:27:39.494+0000,86601,3,"[""ids"", ""suricata""]",Suricata: Alert - SURICATA STREAM 3way handshake excessive different SYNs,002,CibleWazuh,,,/var/log/suricata/eve.json,,0,,,1
2026-07-14T15:26:16.481+0000,86601,3,"[""ids"", ""suricata""]",Suricata: Alert - SURICATA STREAM 3way handshake excessive different SYNs,002,CibleWazuh,,,/var/log/suricata/eve.json,,0,,,1
2026-07-14T15:27:50.597+0000,86601,3,"[""ids"", ""suricata""]",Suricata: Alert - SURICATA STREAM 3way handshake excessive different SYNs,002,CibleWazuh,,,/var/log/suricata/eve.json,,0,,,1
2026-07-14T15:15:38.964+0000,5502,3,"[""pam"", ""syslog""]",PAM: Login session closed.,002,CibleWazuh,,root,journald,Jul 14 15:15:37 CibleWazuh sudo[12954]: pam_unix(sudo:session): session closed for user root,0,,,0
2026-07-14T15:25:33.150+0000,86601,3,"[""ids"", ""suricata""]",Suricata: Alert - SURICATA STREAM 3way handshake excessive different SYNs,002,CibleWazuh,,,/var/log/suricata/eve.json,,0,,,1
2026-07-14T15:25:31.946+0000,86601,3,"[""ids"", ""suricata""]",Suricata: Alert - SURICATA STREAM 3way handshake excessive different SYNs,002,CibleWazuh,,,/var/log/suricata/eve.json,,0,,,1
2026-07-14T15:07:30.793+0000,86601,3,"[""ids"", ""suricata""]",Suricata: Alert - ET SCAN NMAP TCP connect -sT,002,CibleWazuh,,,/var/log/suricata/eve.json,,0,,,1
2026-07-14T15:25:02.096+0000,86601,3,"[""ids"", ""suricata""]",Suricata: Alert - SURICATA STREAM 3way handshake excessive different SYNs,002,CibleWazuh,,,/var/log/suricata/eve.json,,0,,,1
2026-07-14T15:27:43.491+0000,86601,3,"[""ids"", ""suricata""]",Suricata: Alert - SURICATA STREAM 3way handshake excessive different SYNs,002,CibleWazuh,,,/var/log/suricata/eve.json,,0,,,1
2026-07-14T15:37:52.013+0000,86601,3,"[""ids"", ""suricata""]",Suricata: Alert - SURICATA STREAM 3way handshake excessive different SYNs,002,CibleWazuh,,,/var/log/suricata/eve.json,,0,,,1
2026-07-14T15:25:28.715+0000,86601,3,"[""ids"", ""suricata""]",Suricata: Alert - SURICATA STREAM 3way handshake excessive different SYNs,002,CibleWazuh,,,/var/log/suricata/eve.json,,0,,,1
2026-07-14T15:38:00.022+0000,86601,3,"[""ids"", ""suricata""]",Suricata: Alert - SURICATA STREAM 3way handshake excessive different SYNs,002,CibleWazuh,,,/var/log/suricata/eve.json,,0,,,1
2026-07-14T15:25:14.753+0000,86601,3,"[""ids"", ""suricata""]",Suricata: Alert - SURICATA STREAM 3way handshake excessive different SYNs,002,CibleWazuh,,,/var/log/suricata/eve.json,,0,,,1
2026-07-14T15:37:54.182+0000,86601,3,"[""ids"", ""suricata""]",Suricata: Alert - SURICATA STREAM 3way handshake excessive different SYNs,002,CibleWazuh,,,/var/log/suricata/eve.json,,0,,,1
2026-07-14T15:25:37.245+0000,86601,3,"[""ids"", ""suricata""]",Suricata: Alert - SURICATA STREAM 3way handshake excessive different SYNs,002,CibleWazuh,,,/var/log/suricata/eve.json,,0,,,1
2026-07-14T15:31:03.249+0000,86601,3,"[""ids"", ""suricata""]",Suricata: Alert - SURICATA STREAM 3way handshake excessive different SYNs,002,CibleWazuh,,,/var/log/suricata/eve.json,,0,,,1
2026-07-14T14:18:35.374+0000,5760,5,"[""syslog"", ""sshd"", ""authentication_failed""]",sshd: authentication failed.,002,CibleWazuh,192.168.30.10,vboxuser,journald,Jul 14 14:18:33 CibleWazuh sshd[8217]: Failed password for vboxuser from 192.168.30.10 port 54454 ssh2,1,TG-0002,malicious_bruteforce,0
2026-07-14T15:25:16.362+0000,86601,3,"[""ids"", ""suricata""]",Suricata: Alert - SURICATA STREAM 3way handshake excessive different SYNs,002,CibleWazuh,,,/var/log/suricata/eve.json,,0,,,1
2026-07-14T15:26:23.259+0000,86601,3,"[""ids"", ""suricata""]",Suricata: Alert - SURICATA STREAM 3way handshake excessive different SYNs,002,CibleWazuh,,,/var/log/suricata/eve.json,,0,,,1
2026-07-14T15:31:00.833+0000,86601,3,"[""ids"", ""suricata""]",Suricata: Alert - SURICATA STREAM 3way handshake excessive different SYNs,002,CibleWazuh,,,/var/log/suricata/eve.json,,0,,,1
2026-07-14T14:16:22.302+0000,40704,5,"[""local"", ""systemd""]",Systemd: Service exited due to a failure.,000,UbuntuWazuh,,,journald,"Jul 14 14:16:22 UbuntuWazuh systemd[1]: wazuh-inference.service: Main process exited, code=exited, status=1/FAILURE",0,,,0
2026-07-14T15:31:09.531+0000,86601,3,"[""ids"", ""suricata""]",Suricata: Alert - SURICATA STREAM 3way handshake excessive different SYNs,002,CibleWazuh,,,/var/log/suricata/eve.json,,0,,,1
2026-07-14T15:25:14.714+0000,86601,3,"[""ids"", ""suricata""]",Suricata: Alert - SURICATA STREAM 3way handshake excessive different SYNs,002,CibleWazuh,,,/var/log/suricata/eve.json,,0,,,1
2026-07-14T15:24:59.016+0000,86601,3,"[""ids"", ""suricata""]",Suricata: Alert - SURICATA STREAM 3way handshake excessive different SYNs,002,CibleWazuh,,,/var/log/suricata/eve.json,,0,,,1
2026-07-14T15:31:14.027+0000,86601,3,"[""ids"", ""suricata""]",Suricata: Alert - SURICATA STREAM 3way handshake excessive different SYNs,002,CibleWazuh,,,/var/log/suricata/eve.json,,0,,,1
2026-07-14T15:30:54.744+0000,86601,3,"[""ids"", ""suricata""]",Suricata: Alert - SURICATA STREAM 3way handshake excessive different SYNs,002,CibleWazuh,,,/var/log/suricata/eve.json,,0,,,1
2026-07-14T15:25:24.325+0000,86601,3,"[""ids"", ""suricata""]",Suricata: Alert - SURICATA STREAM 3way handshake excessive different SYNs,002,CibleWazuh,,,/var/log/suricata/eve.json,,0,,,1
2026-07-14T15:25:13.958+0000,86601,3,"[""ids"", ""suricata""]",Suricata: Alert - SURICATA STREAM 3way handshake excessive different SYNs,002,CibleWazuh,,,/var/log/suricata/eve.json,,0,,,1
2026-07-14T15:25:40.315+0000,86601,3,"[""ids"", ""suricata""]",Suricata: Alert - SURICATA STREAM 3way handshake excessive different SYNs,002,CibleWazuh,,,/var/log/suricata/eve.json,,0,,,1
2026-07-14T15:30:58.760+0000,86601,3,"[""ids"", ""suricata""]",Suricata: Alert - SURICATA STREAM 3way handshake excessive different SYNs,002,CibleWazuh,,,/var/log/suricata/eve.json,,0,,,1
2026-07-14T15:37:52.054+0000,86601,3,"[""ids"", ""suricata""]",Suricata: Alert - SURICATA STREAM 3way handshake excessive different SYNs,002,CibleWazuh,,,/var/log/suricata/eve.json,,0,,,1
2026-07-14T15:25:33.395+0000,86601,3,"[""ids"", ""suricata""]",Suricata: Alert - SURICATA STREAM 3way handshake excessive different SYNs,002,CibleWazuh,,,/var/log/suricata/eve.json,,0,,,1
2026-07-14T15:25:38.918+0000,86601,3,"[""ids"", ""suricata""]",Suricata: Alert - SURICATA STREAM 3way handshake excessive different SYNs,002,CibleWazuh,,,/var/log/suricata/eve.json,,0,,,1
2026-07-14T15:37:51.954+0000,86601,3,"[""ids"", ""suricata""]",Suricata: Alert - SURICATA STREAM 3way handshake excessive different SYNs,002,CibleWazuh,,,/var/log/suricata/eve.json,,0,,,1
2026-07-14T14:18:35.419+0000,5760,5,"[""syslog"", ""sshd"", ""authentication_failed""]",sshd: authentication failed.,002,CibleWazuh,192.168.30.10,vboxuser,journald,Jul 14 14:18:33 CibleWazuh sshd[8218]: Failed password for vboxuser from 192.168.30.10 port 54458 ssh2,1,TG-0002,malicious_bruteforce,0
2026-07-14T15:25:14.577+0000,86601,3,"[""ids"", ""suricata""]",Suricata: Alert - SURICATA STREAM 3way handshake excessive different SYNs,002,CibleWazuh,,,/var/log/suricata/eve.json,,0,,,1
2026-07-14T15:25:06.169+0000,86601,3,"[""ids"", ""suricata""]",Suricata: Alert - SURICATA STREAM 3way handshake excessive different SYNs,002,CibleWazuh,,,/var/log/suricata/eve.json,,0,,,1
2026-07-14T15:31:08.794+0000,86601,3,"[""ids"", ""suricata""]",Suricata: Alert - SURICATA STREAM 3way handshake excessive different SYNs,002,CibleWazuh,,,/var/log/suricata/eve.json,,0,,,1
2026-07-14T15:31:14.459+0000,86601,3,"[""ids"", ""suricata""]",Suricata: Alert - SURICATA STREAM 3way handshake excessive different SYNs,002,CibleWazuh,,,/var/log/suricata/eve.json,,0,,,1
2026-07-14T15:31:16.713+0000,86601,3,"[""ids"", ""suricata""]",Suricata: Alert - SURICATA STREAM 3way handshake excessive different SYNs,002,CibleWazuh,,,/var/log/suricata/eve.json,,0,,,1
2026-07-14T15:31:18.329+0000,86601,3,"[""ids"", ""suricata""]",Suricata: Alert - SURICATA STREAM 3way handshake excessive different SYNs,002,CibleWazuh,,,/var/log/suricata/eve.json,,0,,,1
2026-07-14T15:25:24.003+0000,86601,3,"[""ids"", ""suricata""]",Suricata: Alert - SURICATA STREAM 3way handshake excessive different SYNs,002,CibleWazuh,,,/var/log/suricata/eve.json,,0,,,1
2026-07-14T15:25:31.072+0000,86601,3,"[""ids"", ""suricata""]",Suricata: Alert - SURICATA STREAM 3way handshake excessive different SYNs,002,CibleWazuh,,,/var/log/suricata/eve.json,,0,,,1
2026-07-14T15:27:57.928+0000,86601,3,"[""ids"", ""suricata""]",Suricata: Alert - SURICATA STREAM 3way handshake excessive different SYNs,002,CibleWazuh,,,/var/log/suricata/eve.json,,0,,,1
2026-07-14T15:25:18.115+0000,86601,3,"[""ids"", ""suricata""]",Suricata: Alert - SURICATA STREAM 3way handshake excessive different SYNs,002,CibleWazuh,,,/var/log/suricata/eve.json,,0,,,1
2026-07-14T15:25:20.386+0000,86601,3,"[""ids"", ""suricata""]",Suricata: Alert - SURICATA STREAM 3way handshake excessive different SYNs,002,CibleWazuh,,,/var/log/suricata/eve.json,,0,,,1
2026-07-14T15:37:59.267+0000,86601,3,"[""ids"", ""suricata""]",Suricata: Alert - SURICATA STREAM 3way handshake excessive different SYNs,002,CibleWazuh,,,/var/log/suricata/eve.json,,0,,,1
2026-07-14T15:25:09.856+0000,86601,3,"[""ids"", ""suricata""]",Suricata: Alert - SURICATA STREAM 3way handshake excessive different SYNs,002,CibleWazuh,,,/var/log/suricata/eve.json,,0,,,1
2026-07-14T15:31:03.892+0000,86601,3,"[""ids"", ""suricata""]",Suricata: Alert - SURICATA STREAM 3way handshake excessive different SYNs,002,CibleWazuh,,,/var/log/suricata/eve.json,,0,,,1
2026-07-14T15:31:15.852+0000,86601,3,"[""ids"", ""suricata""]",Suricata: Alert - SURICATA STREAM 3way handshake excessive different SYNs,002,CibleWazuh,,,/var/log/suricata/eve.json,,0,,,1
2026-07-14T15:25:24.376+0000,86601,3,"[""ids"", ""suricata""]",Suricata: Alert - SURICATA STREAM 3way handshake excessive different SYNs,002,CibleWazuh,,,/var/log/suricata/eve.json,,0,,,1
2026-07-14T15:31:10.593+0000,86601,3,"[""ids"", ""suricata""]",Suricata: Alert - SURICATA STREAM 3way handshake excessive different SYNs,002,CibleWazuh,,,/var/log/suricata/eve.json,,0,,,1
2026-07-14T15:27:41.659+0000,86601,3,"[""ids"", ""suricata""]",Suricata: Alert - SURICATA STREAM 3way handshake excessive different SYNs,002,CibleWazuh,,,/var/log/suricata/eve.json,,0,,,1
2026-07-14T15:27:40.218+0000,86601,3,"[""ids"", ""suricata""]",Suricata: Alert - SURICATA STREAM 3way handshake excessive different SYNs,002,CibleWazuh,,,/var/log/suricata/eve.json,,0,,,1
2026-07-14T15:25:41.294+0000,86601,3,"[""ids"", ""suricata""]",Suricata: Alert - SURICATA STREAM 3way handshake excessive different SYNs,002,CibleWazuh,,,/var/log/suricata/eve.json,,0,,,1
2026-07-14T15:27:50.679+0000,86601,3,"[""ids"", ""suricata""]",Suricata: Alert - SURICATA STREAM 3way handshake excessive different SYNs,002,CibleWazuh,,,/var/log/suricata/eve.json,,0,,,1
2026-07-14T15:25:10.401+0000,86601,3,"[""ids"", ""suricata""]",Suricata: Alert - SURICATA STREAM 3way handshake excessive different SYNs,002,CibleWazuh,,,/var/log/suricata/eve.json,,0,,,1
2026-07-14T15:31:11.888+0000,86601,3,"[""ids"", ""suricata""]",Suricata: Alert - SURICATA STREAM 3way handshake excessive different SYNs,002,CibleWazuh,,,/var/log/suricata/eve.json,,0,,,1
2026-07-14T15:25:43.196+0000,86601,3,"[""ids"", ""suricata""]",Suricata: Alert - SURICATA STREAM 3way handshake excessive different SYNs,002,CibleWazuh,,,/var/log/suricata/eve.json,,0,,,1
2026-07-14T15:37:53.354+0000,86601,3,"[""ids"", ""suricata""]",Suricata: Alert - SURICATA STREAM 3way handshake excessive different SYNs,002,CibleWazuh,,,/var/log/suricata/eve.json,,0,,,1
2026-07-14T15:29:12.379+0000,86601,3,"[""ids"", ""suricata""]",Suricata: Alert - ET SCAN NMAP SYN scan -sS,002,CibleWazuh,,,/var/log/suricata/eve.json,,0,,,1
2026-07-14T15:37:53.444+0000,86601,3,"[""ids"", ""suricata""]",Suricata: Alert - SURICATA STREAM 3way handshake excessive different SYNs,002,CibleWazuh,,,/var/log/suricata/eve.json,,0,,,1
2026-07-14T15:24:56.207+0000,86601,3,"[""ids"", ""suricata""]",Suricata: Alert - SURICATA STREAM 3way handshake excessive different SYNs,002,CibleWazuh,,,/var/log/suricata/eve.json,,0,,,1
2026-07-14T15:31:05.625+0000,86601,3,"[""ids"", ""suricata""]",Suricata: Alert - SURICATA STREAM 3way handshake excessive different SYNs,002,CibleWazuh,,,/var/log/suricata/eve.json,,0,,,1
2026-07-14T15:38:00.581+0000,86601,3,"[""ids"", ""suricata""]",Suricata: Alert - SURICATA STREAM 3way handshake excessive different SYNs,002,CibleWazuh,,,/var/log/suricata/eve.json,,0,,,1
2026-07-14T15:31:16.817+0000,86601,3,"[""ids"", ""suricata""]",Suricata: Alert - SURICATA STREAM 3way handshake excessive different SYNs,002,CibleWazuh,,,/var/log/suricata/eve.json,,0,,,1
2026-07-14T15:25:34.572+0000,86601,3,"[""ids"", ""suricata""]",Suricata: Alert - SURICATA STREAM 3way handshake excessive different SYNs,002,CibleWazuh,,,/var/log/suricata/eve.json,,0,,,1
2026-07-14T15:30:57.584+0000,86601,3,"[""ids"", ""suricata""]",Suricata: Alert - SURICATA STREAM 3way handshake excessive different SYNs,002,CibleWazuh,,,/var/log/suricata/eve.json,,0,,,1
2026-07-14T15:26:25.527+0000,86601,3,"[""ids"", ""suricata""]",Suricata: Alert - SURICATA STREAM 3way handshake excessive different SYNs,002,CibleWazuh,,,/var/log/suricata/eve.json,,0,,,1
2026-07-14T15:25:24.939+0000,86601,3,"[""ids"", ""suricata""]",Suricata: Alert - SURICATA STREAM 3way handshake excessive different SYNs,002,CibleWazuh,,,/var/log/suricata/eve.json,,0,,,1
2026-07-14T15:27:44.903+0000,86601,3,"[""ids"", ""suricata""]",Suricata: Alert - SURICATA STREAM 3way handshake excessive different SYNs,002,CibleWazuh,,,/var/log/suricata/eve.json,,0,,,1
2026-07-14T15:27:44.034+0000,86601,3,"[""ids"", ""suricata""]",Suricata: Alert - SURICATA STREAM 3way handshake excessive different SYNs,002,CibleWazuh,,,/var/log/suricata/eve.json,,0,,,1
2026-07-14T15:31:13.983+0000,86601,3,"[""ids"", ""suricata""]",Suricata: Alert - SURICATA STREAM 3way handshake excessive different SYNs,002,CibleWazuh,,,/var/log/suricata/eve.json,,0,,,1
2026-07-14T15:26:17.975+0000,86601,3,"[""ids"", ""suricata""]",Suricata: Alert - SURICATA STREAM 3way handshake excessive different SYNs,002,CibleWazuh,,,/var/log/suricata/eve.json,,0,,,1
2026-07-14T15:27:54.763+0000,86601,3,"[""ids"", ""suricata""]",Suricata: Alert - SURICATA STREAM 3way handshake excessive different SYNs,002,CibleWazuh,,,/var/log/suricata/eve.json,,0,,,1
2026-07-14T15:27:56.842+0000,86601,3,"[""ids"", ""suricata""]",Suricata: Alert - SURICATA STREAM 3way handshake excessive different SYNs,002,CibleWazuh,,,/var/log/suricata/eve.json,,0,,,1
2026-07-14T15:25:16.723+0000,86601,3,"[""ids"", ""suricata""]",Suricata: Alert - SURICATA STREAM 3way handshake excessive different SYNs,002,CibleWazuh,,,/var/log/suricata/eve.json,,0,,,1
2026-07-14T15:25:31.656+0000,86601,3,"[""ids"", ""suricata""]",Suricata: Alert - SURICATA STREAM 3way handshake excessive different SYNs,002,CibleWazuh,,,/var/log/suricata/eve.json,,0,,,1
2026-07-14T15:31:10.363+0000,86601,3,"[""ids"", ""suricata""]",Suricata: Alert - SURICATA STREAM 3way handshake excessive different SYNs,002,CibleWazuh,,,/var/log/suricata/eve.json,,0,,,1
2026-07-14T15:37:52.155+0000,86601,3,"[""ids"", ""suricata""]",Suricata: Alert - SURICATA STREAM 3way handshake excessive different SYNs,002,CibleWazuh,,,/var/log/suricata/eve.json,,0,,,1
2026-07-14T15:18:13.045+0000,86601,3,"[""ids"", ""suricata""]",Suricata: Alert - ET SCAN NMAP OS fingerprint,002,CibleWazuh,,,/var/log/suricata/eve.json,,1,PARROT-NMAP-01,malicious_nmap,1
2026-07-14T15:25:36.626+0000,86601,3,"[""ids"", ""suricata""]",Suricata: Alert - SURICATA STREAM 3way handshake excessive different SYNs,002,CibleWazuh,,,/var/log/suricata/eve.json,,0,,,1
2026-07-14T15:37:52.310+0000,86601,3,"[""ids"", ""suricata""]",Suricata: Alert - SURICATA STREAM 3way handshake excessive different SYNs,002,CibleWazuh,,,/var/log/suricata/eve.json,,0,,,1
2026-07-14T15:31:01.861+0000,86601,3,"[""ids"", ""suricata""]",Suricata: Alert - SURICATA STREAM 3way handshake excessive different SYNs,002,CibleWazuh,,,/var/log/suricata/eve.json,,0,,,1
2026-07-14T15:27:40.916+0000,86601,3,"[""ids"", ""suricata""]",Suricata: Alert - SURICATA STREAM 3way handshake excessive different SYNs,002,CibleWazuh,,,/var/log/suricata/eve.json,,0,,,1
2026-07-14T15:38:03.072+0000,86601,3,"[""ids"", ""suricata""]",Suricata: Alert - SURICATA STREAM 3way handshake excessive different SYNs,002,CibleWazuh,,,/var/log/suricata/eve.json,,0,,,1
2026-07-14T15:18:13.025+0000,86601,3,"[""ids"", ""suricata""]",Suricata: Alert - ET SCAN NMAP OS fingerprint,002,CibleWazuh,,,/var/log/suricata/eve.json,,1,PARROT-NMAP-01,malicious_nmap,1
2026-07-14T15:25:00.248+0000,86601,3,"[""ids"", ""suricata""]",Suricata: Alert - SURICATA STREAM 3way handshake excessive different SYNs,002,CibleWazuh,,,/var/log/suricata/eve.json,,0,,,1
2026-07-14T15:24:59.540+0000,86601,3,"[""ids"", ""suricata""]",Suricata: Alert - SURICATA STREAM 3way handshake excessive different SYNs,002,CibleWazuh,,,/var/log/suricata/eve.json,,0,,,1
2026-07-14T15:31:14.317+0000,86601,3,"[""ids"", ""suricata""]",Suricata: Alert - SURICATA STREAM 3way handshake excessive different SYNs,002,CibleWazuh,,,/var/log/suricata/eve.json,,0,,,1
2026-07-14T15:25:15.721+0000,86601,3,"[""ids"", ""suricata""]",Suricata: Alert - SURICATA STREAM 3way handshake excessive different SYNs,002,CibleWazuh,,,/var/log/suricata/eve.json,,0,,,1
2026-07-14T15:25:33.821+0000,86601,3,"[""ids"", ""suricata""]",Suricata: Alert - SURICATA STREAM 3way handshake excessive different SYNs,002,CibleWazuh,,,/var/log/suricata/eve.json,,0,,,1
2026-07-14T15:37:59.627+0000,86601,3,"[""ids"", ""suricata""]",Suricata: Alert - SURICATA STREAM 3way handshake excessive different SYNs,002,CibleWazuh,,,/var/log/suricata/eve.json,,0,,,1
2026-07-14T15:26:25.530+0000,86601,3,"[""ids"", ""suricata""]",Suricata: Alert - SURICATA STREAM 3way handshake excessive different SYNs,002,CibleWazuh,,,/var/log/suricata/eve.json,,0,,,1
2026-07-14T15:30:55.643+0000,86601,3,"[""ids"", ""suricata""]",Suricata: Alert - SURICATA STREAM 3way handshake excessive different SYNs,002,CibleWazuh,,,/var/log/suricata/eve.json,,0,,,1
2026-07-14T15:27:47.772+0000,86601,3,"[""ids"", ""suricata""]",Suricata: Alert - SURICATA STREAM 3way handshake excessive different SYNs,002,CibleWazuh,,,/var/log/suricata/eve.json,,0,,,1
2026-07-14T15:25:07.650+0000,86601,3,"[""ids"", ""suricata""]",Suricata: Alert - SURICATA STREAM 3way handshake excessive different SYNs,002,CibleWazuh,,,/var/log/suricata/eve.json,,0,,,1
2026-07-14T15:27:48.537+0000,86601,3,"[""ids"", ""suricata""]",Suricata: Alert - SURICATA STREAM 3way handshake excessive different SYNs,002,CibleWazuh,,,/var/log/suricata/eve.json,,0,,,1
2026-07-14T15:26:15.132+0000,86601,3,"[""ids"", ""suricata""]",Suricata: Alert - SURICATA STREAM 3way handshake excessive different SYNs,002,CibleWazuh,,,/var/log/suricata/eve.json,,0,,,1
2026-07-14T15:27:45.872+0000,86601,3,"[""ids"", ""suricata""]",Suricata: Alert - SURICATA STREAM 3way handshake excessive different SYNs,002,CibleWazuh,,,/var/log/suricata/eve.json,,0,,,1
2026-07-14T15:31:07.720+0000,86601,3,"[""ids"", ""suricata""]",Suricata: Alert - SURICATA STREAM 3way handshake excessive different SYNs,002,CibleWazuh,,,/var/log/suricata/eve.json,,0,,,1
2026-07-14T15:25:05.708+0000,86601,3,"[""ids"", ""suricata""]",Suricata: Alert - SURICATA STREAM 3way handshake excessive different SYNs,002,CibleWazuh,,,/var/log/suricata/eve.json,,0,,,1
2026-07-14T15:25:39.210+0000,86601,3,"[""ids"", ""suricata""]",Suricata: Alert - SURICATA STREAM 3way handshake excessive different SYNs,002,CibleWazuh,,,/var/log/suricata/eve.json,,0,,,1
2026-07-14T15:25:24.210+0000,86601,3,"[""ids"", ""suricata""]",Suricata: Alert - SURICATA STREAM 3way handshake excessive different SYNs,002,CibleWazuh,,,/var/log/suricata/eve.json,,0,,,1
2026-07-14T15:25:27.357+0000,86601,3,"[""ids"", ""suricata""]",Suricata: Alert - SURICATA STREAM 3way handshake excessive different SYNs,002,CibleWazuh,,,/var/log/suricata/eve.json,,0,,,1
2026-07-14T15:27:52.661+0000,86601,3,"[""ids"", ""suricata""]",Suricata: Alert - SURICATA STREAM 3way handshake excessive different SYNs,002,CibleWazuh,,,/var/log/suricata/eve.json,,0,,,1
2026-07-14T15:25:21.718+0000,86601,3,"[""ids"", ""suricata""]",Suricata: Alert - SURICATA STREAM 3way handshake excessive different SYNs,002,CibleWazuh,,,/var/log/suricata/eve.json,,0,,,1
2026-07-14T15:25:14.575+0000,86601,3,"[""ids"", ""suricata""]",Suricata: Alert - SURICATA STREAM 3way handshake excessive different SYNs,002,CibleWazuh,,,/var/log/suricata/eve.json,,0,,,1
2026-07-14T15:25:11.843+0000,86601,3,"[""ids"", ""suricata""]",Suricata: Alert - SURICATA STREAM 3way handshake excessive different SYNs,002,CibleWazuh,,,/var/log/suricata/eve.json,,0,,,1
2026-07-14T15:25:00.881+0000,86601,3,"[""ids"", ""suricata""]",Suricata: Alert - SURICATA STREAM 3way handshake excessive different SYNs,002,CibleWazuh,,,/var/log/suricata/eve.json,,0,,,1
2026-07-14T15:25:10.762+0000,86601,3,"[""ids"", ""suricata""]",Suricata: Alert - SURICATA STREAM 3way handshake excessive different SYNs,002,CibleWazuh,,,/var/log/suricata/eve.json,,0,,,1
2026-07-14T15:31:05.027+0000,86601,3,"[""ids"", ""suricata""]",Suricata: Alert - SURICATA STREAM 3way handshake excessive different SYNs,002,CibleWazuh,,,/var/log/suricata/eve.json,,0,,,1
2026-07-14T15:26:15.505+0000,86601,3,"[""ids"", ""suricata""]",Suricata: Alert - SURICATA STREAM 3way handshake excessive different SYNs,002,CibleWazuh,,,/var/log/suricata/eve.json,,0,,,1
2026-07-14T15:37:52.012+0000,86601,3,"[""ids"", ""suricata""]",Suricata: Alert - SURICATA STREAM 3way handshake excessive different SYNs,002,CibleWazuh,,,/var/log/suricata/eve.json,,0,,,1
2026-07-14T15:31:09.339+0000,86601,3,"[""ids"", ""suricata""]",Suricata: Alert - SURICATA STREAM 3way handshake excessive different SYNs,002,CibleWazuh,,,/var/log/suricata/eve.json,,0,,,1
2026-07-14T15:24:59.666+0000,86601,3,"[""ids"", ""suricata""]",Suricata: Alert - SURICATA STREAM 3way handshake excessive different SYNs,002,CibleWazuh,,,/var/log/suricata/eve.json,,0,,,1
2026-07-14T15:26:27.419+0000,86601,3,"[""ids"", ""suricata""]",Suricata: Alert - SURICATA STREAM 3way handshake excessive different SYNs,002,CibleWazuh,,,/var/log/suricata/eve.json,,0,,,1
2026-07-14T15:30:59.414+0000,86601,3,"[""ids"", ""suricata""]",Suricata: Alert - SURICATA STREAM 3way handshake excessive different SYNs,002,CibleWazuh,,,/var/log/suricata/eve.json,,0,,,1
2026-07-14T15:31:07.682+0000,86601,3,"[""ids"", ""suricata""]",Suricata: Alert - SURICATA STREAM 3way handshake excessive different SYNs,002,CibleWazuh,,,/var/log/suricata/eve.json,,0,,,1
2026-07-14T15:27:35.383+0000,86601,3,"[""ids"", ""suricata""]",Suricata: Alert - SURICATA STREAM 3way handshake excessive different SYNs,002,CibleWazuh,,,/var/log/suricata/eve.json,,0,,,1
2026-07-14T15:25:27.697+0000,86601,3,"[""ids"", ""suricata""]",Suricata: Alert - SURICATA STREAM 3way handshake excessive different SYNs,002,CibleWazuh,,,/var/log/suricata/eve.json,,0,,,1
2026-07-14T15:25:00.528+0000,86601,3,"[""ids"", ""suricata""]",Suricata: Alert - SURICATA STREAM 3way handshake excessive different SYNs,002,CibleWazuh,,,/var/log/suricata/eve.json,,0,,,1
2026-07-14T15:30:56.700+0000,86601,3,"[""ids"", ""suricata""]",Suricata: Alert - SURICATA STREAM 3way handshake excessive different SYNs,002,CibleWazuh,,,/var/log/suricata/eve.json,,0,,,1
2026-07-14T15:25:08.532+0000,86601,3,"[""ids"", ""suricata""]",Suricata: Alert - SURICATA STREAM 3way handshake excessive different SYNs,002,CibleWazuh,,,/var/log/suricata/eve.json,,0,,,1
2026-07-14T15:27:50.896+0000,86601,3,"[""ids"", ""suricata""]",Suricata: Alert - SURICATA STREAM 3way handshake excessive different SYNs,002,CibleWazuh,,,/var/log/suricata/eve.json,,0,,,1
2026-07-14T15:31:10.091+0000,86601,3,"[""ids"", ""suricata""]",Suricata: Alert - SURICATA STREAM 3way handshake excessive different SYNs,002,CibleWazuh,,,/var/log/suricata/eve.json,,0,,,1
2026-07-14T15:27:57.620+0000,86601,3,"[""ids"", ""suricata""]",Suricata: Alert - SURICATA STREAM 3way handshake excessive different SYNs,002,CibleWazuh,,,/var/log/suricata/eve.json,,0,,,1
2026-07-14T15:25:42.371+0000,86601,3,"[""ids"", ""suricata""]",Suricata: Alert - SURICATA STREAM 3way handshake excessive different SYNs,002,CibleWazuh,,,/var/log/suricata/eve.json,,0,,,1
2026-07-14T15:18:15.029+0000,86601,3,"[""ids"", ""suricata""]",Suricata: Alert - ET SCAN NMAP OS fingerprint,002,CibleWazuh,,,/var/log/suricata/eve.json,,1,PARROT-HPING-01,malicious_dos_flood,1
2026-07-14T15:25:19.772+0000,86601,3,"[""ids"", ""suricata""]",Suricata: Alert - SURICATA STREAM 3way handshake excessive different SYNs,002,CibleWazuh,,,/var/log/suricata/eve.json,,0,,,1
2026-07-14T15:25:13.192+0000,86601,3,"[""ids"", ""suricata""]",Suricata: Alert - SURICATA STREAM 3way handshake excessive different SYNs,002,CibleWazuh,,,/var/log/suricata/eve.json,,0,,,1
2026-07-14T15:26:14.678+0000,86601,3,"[""ids"", ""suricata""]",Suricata: Alert - SURICATA STREAM 3way handshake excessive different SYNs,002,CibleWazuh,,,/var/log/suricata/eve.json,,0,,,1
2026-07-14T15:37:43.954+0000,86601,3,"[""ids"", ""suricata""]",Suricata: Alert - SURICATA STREAM 3way handshake excessive different SYNs,002,CibleWazuh,,,/var/log/suricata/eve.json,,0,,,1
2026-07-14T15:27:40.858+0000,86601,3,"[""ids"", ""suricata""]",Suricata: Alert - SURICATA STREAM 3way handshake excessive different SYNs,002,CibleWazuh,,,/var/log/suricata/eve.json,,0,,,1
2026-07-14T15:25:00.617+0000,86601,3,"[""ids"", ""suricata""]",Suricata: Alert - SURICATA STREAM 3way handshake excessive different SYNs,002,CibleWazuh,,,/var/log/suricata/eve.json,,0,,,1
2026-07-14T15:26:22.621+0000,86601,3,"[""ids"", ""suricata""]",Suricata: Alert - SURICATA STREAM 3way handshake excessive different SYNs,002,CibleWazuh,,,/var/log/suricata/eve.json,,0,,,1
2026-07-14T15:18:15.024+0000,86601,3,"[""ids"", ""suricata""]",Suricata: Alert - ET SCAN NMAP OS fingerprint,002,CibleWazuh,,,/var/log/suricata/eve.json,,1,PARROT-HPING-01,malicious_dos_flood,1
2026-07-14T15:25:17.017+0000,86601,3,"[""ids"", ""suricata""]",Suricata: Alert - SURICATA STREAM 3way handshake excessive different SYNs,002,CibleWazuh,,,/var/log/suricata/eve.json,,0,,,1
2026-07-14T15:27:48.323+0000,86601,3,"[""ids"", ""suricata""]",Suricata: Alert - SURICATA STREAM 3way handshake excessive different SYNs,002,CibleWazuh,,,/var/log/suricata/eve.json,,0,,,1
2026-07-14T15:24:58.095+0000,86601,3,"[""ids"", ""suricata""]",Suricata: Alert - SURICATA STREAM 3way handshake excessive different SYNs,002,CibleWazuh,,,/var/log/suricata/eve.json,,0,,,1
2026-07-14T15:25:22.189+0000,86601,3,"[""ids"", ""suricata""]",Suricata: Alert - SURICATA STREAM 3way handshake excessive different SYNs,002,CibleWazuh,,,/var/log/suricata/eve.json,,0,,,1
2026-07-14T15:31:05.815+0000,86601,3,"[""ids"", ""suricata""]",Suricata: Alert - SURICATA STREAM 3way handshake excessive different SYNs,002,CibleWazuh,,,/var/log/suricata/eve.json,,0,,,1
2026-07-14T15:25:03.071+0000,86601,3,"[""ids"", ""suricata""]",Suricata: Alert - SURICATA STREAM 3way handshake excessive different SYNs,002,CibleWazuh,,,/var/log/suricata/eve.json,,0,,,1
2026-07-14T15:24:55.370+0000,86601,3,"[""ids"", ""suricata""]",Suricata: Alert - SURICATA STREAM 3way handshake excessive different SYNs,002,CibleWazuh,,,/var/log/suricata/eve.json,,0,,,1
2026-07-14T15:25:15.752+0000,86601,3,"[""ids"", ""suricata""]",Suricata: Alert - SURICATA STREAM 3way handshake excessive different SYNs,002,CibleWazuh,,,/var/log/suricata/eve.json,,0,,,1
2026-07-14T15:25:41.693+0000,86601,3,"[""ids"", ""suricata""]",Suricata: Alert - SURICATA STREAM 3way handshake excessive different SYNs,002,CibleWazuh,,,/var/log/suricata/eve.json,,0,,,1
2026-07-14T15:31:09.627+0000,86601,3,"[""ids"", ""suricata""]",Suricata: Alert - SURICATA STREAM 3way handshake excessive different SYNs,002,CibleWazuh,,,/var/log/suricata/eve.json,,0,,,1
2026-07-14T15:37:34.678+0000,86601,3,"[""ids"", ""suricata""]",Suricata: Alert - SURICATA STREAM 3way handshake excessive different SYNs,002,CibleWazuh,,,/var/log/suricata/eve.json,,0,,,1
2026-07-14T15:37:51.818+0000,86601,3,"[""ids"", ""suricata""]",Suricata: Alert - SURICATA STREAM 3way handshake excessive different SYNs,002,CibleWazuh,,,/var/log/suricata/eve.json,,0,,,1
2026-07-14T14:19:50.979+0000,40704,5,"[""local"", ""systemd""]",Systemd: Service exited due to a failure.,000,UbuntuWazuh,,,journald,"Jul 14 14:19:49 UbuntuWazuh systemd[1]: wazuh-inference.service: Main process exited, code=exited, status=1/FAILURE",0,,,0
2026-07-14T15:25:13.344+0000,86601,3,"[""ids"", ""suricata""]",Suricata: Alert - SURICATA STREAM 3way handshake excessive different SYNs,002,CibleWazuh,,,/var/log/suricata/eve.json,,0,,,1
2026-07-14T15:30:54.702+0000,86601,3,"[""ids"", ""suricata""]",Suricata: Alert - SURICATA STREAM 3way handshake excessive different SYNs,002,CibleWazuh,,,/var/log/suricata/eve.json,,0,,,1
2026-07-14T15:30:58.410+0000,86601,3,"[""ids"", ""suricata""]",Suricata: Alert - SURICATA STREAM 3way handshake excessive different SYNs,002,CibleWazuh,,,/var/log/suricata/eve.json,,0,,,1
2026-07-14T15:31:05.815+0000,86601,3,"[""ids"", ""suricata""]",Suricata: Alert - SURICATA STREAM 3way handshake excessive different SYNs,002,CibleWazuh,,,/var/log/suricata/eve.json,,0,,,1
2026-07-14T15:24:57.635+0000,86601,3,"[""ids"", ""suricata""]",Suricata: Alert - SURICATA STREAM 3way handshake excessive different SYNs,002,CibleWazuh,,,/var/log/suricata/eve.json,,0,,,1
2026-07-14T15:26:14.394+0000,86601,3,"[""ids"", ""suricata""]",Suricata: Alert - SURICATA STREAM 3way handshake excessive different SYNs,002,CibleWazuh,,,/var/log/suricata/eve.json,,0,,,1
2026-07-14T15:25:21.882+0000,86601,3,"[""ids"", ""suricata""]",Suricata: Alert - SURICATA STREAM 3way handshake excessive different SYNs,002,CibleWazuh,,,/var/log/suricata/eve.json,,0,,,1
2026-07-14T15:25:33.300+0000,86601,3,"[""ids"", ""suricata""]",Suricata: Alert - SURICATA STREAM 3way handshake excessive different SYNs,002,CibleWazuh,,,/var/log/suricata/eve.json,,0,,,1
2026-07-14T15:30:55.596+0000,86601,3,"[""ids"", ""suricata""]",Suricata: Alert - SURICATA STREAM 3way handshake excessive different SYNs,002,CibleWazuh,,,/var/log/suricata/eve.json,,0,,,1
2026-07-14T15:31:14.335+0000,86601,3,"[""ids"", ""suricata""]",Suricata: Alert - SURICATA STREAM 3way handshake excessive different SYNs,002,CibleWazuh,,,/var/log/suricata/eve.json,,0,,,1
2026-07-14T15:26:06.760+0000,86601,3,"[""ids"", ""suricata""]",Suricata: Alert - SURICATA STREAM 3way handshake excessive different SYNs,002,CibleWazuh,,,/var/log/suricata/eve.json,,0,,,1
2026-07-14T15:25:23.207+0000,86601,3,"[""ids"", ""suricata""]",Suricata: Alert - SURICATA STREAM 3way handshake excessive different SYNs,002,CibleWazuh,,,/var/log/suricata/eve.json,,0,,,1
2026-07-14T15:25:27.504+0000,86601,3,"[""ids"", ""suricata""]",Suricata: Alert - SURICATA STREAM 3way handshake excessive different SYNs,002,CibleWazuh,,,/var/log/suricata/eve.json,,0,,,1
2026-07-14T14:57:58.553+0000,5503,5,"[""pam"", ""syslog"", ""authentication_failed""]",PAM: User login failed.,002,CibleWazuh,192.168.30.10,vboxuser,journald,Jul 14 14:57:57 CibleWazuh sshd[12255]: pam_unix(sshd:auth): authentication failure; logname= uid=0 euid=0 tty=ssh ruser= rhost=192.168.30.10  user=vboxuser,1,TG-0030,malicious_bruteforce,0
2026-07-14T15:31:06.805+0000,86601,3,"[""ids"", ""suricata""]",Suricata: Alert - SURICATA STREAM 3way handshake excessive different SYNs,002,CibleWazuh,,,/var/log/suricata/eve.json,,0,,,1
2026-07-14T15:25:07.829+0000,86601,3,"[""ids"", ""suricata""]",Suricata: Alert - SURICATA STREAM 3way handshake excessive different SYNs,002,CibleWazuh,,,/var/log/suricata/eve.json,,0,,,1
2026-07-14T15:31:07.162+0000,86601,3,"[""ids"", ""suricata""]",Suricata: Alert - SURICATA STREAM 3way handshake excessive different SYNs,002,CibleWazuh,,,/var/log/suricata/eve.json,,0,,,1
2026-07-14T15:13:04.924+0000,5503,5,"[""pam"", ""syslog"", ""authentication_failed""]",PAM: User login failed.,002,CibleWazuh,192.168.30.10,vboxuser,journald,Jul 14 15:13:04 CibleWazuh sshd[13357]: pam_unix(sshd:auth): authentication failure; logname= uid=0 euid=0 tty=ssh ruser= rhost=192.168.30.10  user=vboxuser,0,,,0
2026-07-14T15:25:00.175+0000,86601,3,"[""ids"", ""suricata""]",Suricata: Alert - SURICATA STREAM 3way handshake excessive different SYNs,002,CibleWazuh,,,/var/log/suricata/eve.json,,0,,,1
2026-07-14T15:31:12.390+0000,86601,3,"[""ids"", ""suricata""]",Suricata: Alert - SURICATA STREAM 3way handshake excessive different SYNs,002,CibleWazuh,,,/var/log/suricata/eve.json,,0,,,1
2026-07-14T15:26:18.514+0000,86601,3,"[""ids"", ""suricata""]",Suricata: Alert - SURICATA STREAM 3way handshake excessive different SYNs,002,CibleWazuh,,,/var/log/suricata/eve.json,,0,,,1
2026-07-14T15:37:53.899+0000,86601,3,"[""ids"", ""suricata""]",Suricata: Alert - SURICATA STREAM 3way handshake excessive different SYNs,002,CibleWazuh,,,/var/log/suricata/eve.json,,0,,,1
2026-07-14T15:31:18.106+0000,86601,3,"[""ids"", ""suricata""]",Suricata: Alert - SURICATA STREAM 3way handshake excessive different SYNs,002,CibleWazuh,,,/var/log/suricata/eve.json,,0,,,1
2026-07-14T15:31:13.751+0000,86601,3,"[""ids"", ""suricata""]",Suricata: Alert - SURICATA STREAM 3way handshake excessive different SYNs,002,CibleWazuh,,,/var/log/suricata/eve.json,,0,,,1
2026-07-14T15:27:46.938+0000,86601,3,"[""ids"", ""suricata""]",Suricata: Alert - SURICATA STREAM 3way handshake excessive different SYNs,002,CibleWazuh,,,/var/log/suricata/eve.json,,0,,,1
2026-07-14T15:25:24.011+0000,86601,3,"[""ids"", ""suricata""]",Suricata: Alert - SURICATA STREAM 3way handshake excessive different SYNs,002,CibleWazuh,,,/var/log/suricata/eve.json,,0,,,1
2026-07-14T15:37:53.351+0000,86601,3,"[""ids"", ""suricata""]",Suricata: Alert - SURICATA STREAM 3way handshake excessive different SYNs,002,CibleWazuh,,,/var/log/suricata/eve.json,,0,,,1
2026-07-14T15:25:03.677+0000,86601,3,"[""ids"", ""suricata""]",Suricata: Alert - SURICATA STREAM 3way handshake excessive different SYNs,002,CibleWazuh,,,/var/log/suricata/eve.json,,0,,,1
2026-07-14T15:30:57.153+0000,86601,3,"[""ids"", ""suricata""]",Suricata: Alert - SURICATA STREAM 3way handshake excessive different SYNs,002,CibleWazuh,,,/var/log/suricata/eve.json,,0,,,1
2026-07-14T15:26:19.042+0000,86601,3,"[""ids"", ""suricata""]",Suricata: Alert - SURICATA STREAM 3way handshake excessive different SYNs,002,CibleWazuh,,,/var/log/suricata/eve.json,,0,,,1
2026-07-14T15:25:25.127+0000,86601,3,"[""ids"", ""suricata""]",Suricata: Alert - SURICATA STREAM 3way handshake excessive different SYNs,002,CibleWazuh,,,/var/log/suricata/eve.json,,0,,,1
2026-07-14T15:27:54.493+0000,86601,3,"[""ids"", ""suricata""]",Suricata: Alert - SURICATA STREAM 3way handshake excessive different SYNs,002,CibleWazuh,,,/var/log/suricata/eve.json,,0,,,1
2026-07-14T15:26:13.196+0000,86601,3,"[""ids"", ""suricata""]",Suricata: Alert - SURICATA STREAM 3way handshake excessive different SYNs,002,CibleWazuh,,,/var/log/suricata/eve.json,,0,,,1
2026-07-14T15:37:54.121+0000,86601,3,"[""ids"", ""suricata""]",Suricata: Alert - SURICATA STREAM 3way handshake excessive different SYNs,002,CibleWazuh,,,/var/log/suricata/eve.json,,0,,,1
2026-07-14T15:37:56.690+0000,86601,3,"[""ids"", ""suricata""]",Suricata: Alert - SURICATA STREAM 3way handshake excessive different SYNs,002,CibleWazuh,,,/var/log/suricata/eve.json,,0,,,1
2026-07-14T15:37:54.663+0000,86601,3,"[""ids"", ""suricata""]",Suricata: Alert - SURICATA STREAM 3way handshake excessive different SYNs,002,CibleWazuh,,,/var/log/suricata/eve.json,,0,,,1
2026-07-14T15:26:25.709+0000,86601,3,"[""ids"", ""suricata""]",Suricata: Alert - SURICATA STREAM 3way handshake excessive different SYNs,002,CibleWazuh,,,/var/log/suricata/eve.json,,0,,,1
2026-07-14T15:37:43.635+0000,86601,3,"[""ids"", ""suricata""]",Suricata: Alert - SURICATA STREAM 3way handshake excessive different SYNs,002,CibleWazuh,,,/var/log/suricata/eve.json,,0,,,1
2026-07-14T15:26:16.413+0000,86601,3,"[""ids"", ""suricata""]",Suricata: Alert - SURICATA STREAM 3way handshake excessive different SYNs,002,CibleWazuh,,,/var/log/suricata/eve.json,,0,,,1
2026-07-14T15:26:18.066+0000,86601,3,"[""ids"", ""suricata""]",Suricata: Alert - SURICATA STREAM 3way handshake excessive different SYNs,002,CibleWazuh,,,/var/log/suricata/eve.json,,0,,,1
2026-07-14T15:26:14.272+0000,86601,3,"[""ids"", ""suricata""]",Suricata: Alert - SURICATA STREAM 3way handshake excessive different SYNs,002,CibleWazuh,,,/var/log/suricata/eve.json,,0,,,1
2026-07-14T15:31:10.007+0000,86601,3,"[""ids"", ""suricata""]",Suricata: Alert - SURICATA STREAM 3way handshake excessive different SYNs,002,CibleWazuh,,,/var/log/suricata/eve.json,,0,,,1
2026-07-14T15:27:46.130+0000,86601,3,"[""ids"", ""suricata""]",Suricata: Alert - SURICATA STREAM 3way handshake excessive different SYNs,002,CibleWazuh,,,/var/log/suricata/eve.json,,0,,,1
2026-07-14T15:25:02.218+0000,86601,3,"[""ids"", ""suricata""]",Suricata: Alert - SURICATA STREAM 3way handshake excessive different SYNs,002,CibleWazuh,,,/var/log/suricata/eve.json,,0,,,1
2026-07-14T15:31:01.267+0000,86601,3,"[""ids"", ""suricata""]",Suricata: Alert - SURICATA STREAM 3way handshake excessive different SYNs,002,CibleWazuh,,,/var/log/suricata/eve.json,,0,,,1
2026-07-14T15:27:58.238+0000,86601,3,"[""ids"", ""suricata""]",Suricata: Alert - SURICATA STREAM 3way handshake excessive different SYNs,002,CibleWazuh,,,/var/log/suricata/eve.json,,0,,,1
2026-07-14T15:38:01.238+0000,86601,3,"[""ids"", ""suricata""]",Suricata: Alert - SURICATA STREAM 3way handshake excessive different SYNs,002,CibleWazuh,,,/var/log/suricata/eve.json,,0,,,1
2026-07-14T15:31:06.414+0000,86601,3,"[""ids"", ""suricata""]",Suricata: Alert - SURICATA STREAM 3way handshake excessive different SYNs,002,CibleWazuh,,,/var/log/suricata/eve.json,,0,,,1
2026-07-14T15:25:08.340+0000,86601,3,"[""ids"", ""suricata""]",Suricata: Alert - SURICATA STREAM 3way handshake excessive different SYNs,002,CibleWazuh,,,/var/log/suricata/eve.json,,0,,,1
2026-07-14T15:18:13.060+0000,5501,3,"[""pam"", ""syslog"", ""authentication_success""]",PAM: Login session opened.,002,CibleWazuh,,vboxuser,journald,Jul 14 15:18:11 CibleWazuh sshd[14076]: pam_unix(sshd:session): session opened for user vboxuser(uid=1000) by (uid=0),1,PARROT-NMAP-01,malicious_nmap,0
2026-07-14T15:31:02.302+0000,86601,3,"[""ids"", ""suricata""]",Suricata: Alert - SURICATA STREAM 3way handshake excessive different SYNs,002,CibleWazuh,,,/var/log/suricata/eve.json,,0,,,1
2026-07-14T15:31:10.495+0000,86601,3,"[""ids"", ""suricata""]",Suricata: Alert - SURICATA STREAM 3way handshake excessive different SYNs,002,CibleWazuh,,,/var/log/suricata/eve.json,,0,,,1
2026-07-14T15:31:18.337+0000,86601,3,"[""ids"", ""suricata""]",Suricata: Alert - SURICATA STREAM 3way handshake excessive different SYNs,002,CibleWazuh,,,/var/log/suricata/eve.json,,0,,,1
2026-07-14T15:25:16.416+0000,86601,3,"[""ids"", ""suricata""]",Suricata: Alert - SURICATA STREAM 3way handshake excessive different SYNs,002,CibleWazuh,,,/var/log/suricata/eve.json,,0,,,1
2026-07-14T15:31:07.410+0000,86601,3,"[""ids"", ""suricata""]",Suricata: Alert - SURICATA STREAM 3way handshake excessive different SYNs,002,CibleWazuh,,,/var/log/suricata/eve.json,,0,,,1
2026-07-14T15:25:14.615+0000,86601,3,"[""ids"", ""suricata""]",Suricata: Alert - SURICATA STREAM 3way handshake excessive different SYNs,002,CibleWazuh,,,/var/log/suricata/eve.json,,0,,,1
2026-07-14T15:37:43.746+0000,86601,3,"[""ids"", ""suricata""]",Suricata: Alert - SURICATA STREAM 3way handshake excessive different SYNs,002,CibleWazuh,,,/var/log/suricata/eve.json,,0,,,1
2026-07-14T15:26:16.568+0000,86601,3,"[""ids"", ""suricata""]",Suricata: Alert - SURICATA STREAM 3way handshake excessive different SYNs,002,CibleWazuh,,,/var/log/suricata/eve.json,,0,,,1
2026-07-14T15:27:58.104+0000,86601,3,"[""ids"", ""suricata""]",Suricata: Alert - SURICATA STREAM 3way handshake excessive different SYNs,002,CibleWazuh,,,/var/log/suricata/eve.json,,0,,,1
2026-07-14T15:25:14.776+0000,86601,3,"[""ids"", ""suricata""]",Suricata: Alert - SURICATA STREAM 3way handshake excessive different SYNs,002,CibleWazuh,,,/var/log/suricata/eve.json,,0,,,1
2026-07-14T15:25:29.648+0000,86601,3,"[""ids"", ""suricata""]",Suricata: Alert - SURICATA STREAM 3way handshake excessive different SYNs,002,CibleWazuh,,,/var/log/suricata/eve.json,,0,,,1
2026-07-14T15:31:15.532+0000,86601,3,"[""ids"", ""suricata""]",Suricata: Alert - SURICATA STREAM 3way handshake excessive different SYNs,002,CibleWazuh,,,/var/log/suricata/eve.json,,0,,,1
2026-07-14T15:26:26.978+0000,86601,3,"[""ids"", ""suricata""]",Suricata: Alert - SURICATA STREAM 3way handshake excessive different SYNs,002,CibleWazuh,,,/var/log/suricata/eve.json,,0,,,1
2026-07-14T15:25:38.331+0000,86601,3,"[""ids"", ""suricata""]",Suricata: Alert - SURICATA STREAM 3way handshake excessive different SYNs,002,CibleWazuh,,,/var/log/suricata/eve.json,,0,,,1
2026-07-14T15:25:20.355+0000,86601,3,"[""ids"", ""suricata""]",Suricata: Alert - SURICATA STREAM 3way handshake excessive different SYNs,002,CibleWazuh,,,/var/log/suricata/eve.json,,0,,,1
2026-07-14T15:31:11.309+0000,86601,3,"[""ids"", ""suricata""]",Suricata: Alert - SURICATA STREAM 3way handshake excessive different SYNs,002,CibleWazuh,,,/var/log/suricata/eve.json,,0,,,1
2026-07-14T15:27:44.599+0000,86601,3,"[""ids"", ""suricata""]",Suricata: Alert - SURICATA STREAM 3way handshake excessive different SYNs,002,CibleWazuh,,,/var/log/suricata/eve.json,,0,,,1
2026-07-14T15:25:31.257+0000,86601,3,"[""ids"", ""suricata""]",Suricata: Alert - SURICATA STREAM 3way handshake excessive different SYNs,002,CibleWazuh,,,/var/log/suricata/eve.json,,0,,,1
2026-07-14T15:27:42.184+0000,86601,3,"[""ids"", ""suricata""]",Suricata: Alert - SURICATA STREAM 3way handshake excessive different SYNs,002,CibleWazuh,,,/var/log/suricata/eve.json,,0,,,1
2026-07-14T15:27:43.420+0000,86601,3,"[""ids"", ""suricata""]",Suricata: Alert - SURICATA STREAM 3way handshake excessive different SYNs,002,CibleWazuh,,,/var/log/suricata/eve.json,,0,,,1
2026-07-14T15:26:16.234+0000,86601,3,"[""ids"", ""suricata""]",Suricata: Alert - SURICATA STREAM 3way handshake excessive different SYNs,002,CibleWazuh,,,/var/log/suricata/eve.json,,0,,,1
2026-07-14T15:37:42.956+0000,86601,3,"[""ids"", ""suricata""]",Suricata: Alert - SURICATA STREAM 3way handshake excessive different SYNs,002,CibleWazuh,,,/var/log/suricata/eve.json,,0,,,1
2026-07-14T15:25:04.900+0000,86601,3,"[""ids"", ""suricata""]",Suricata: Alert - SURICATA STREAM 3way handshake excessive different SYNs,002,CibleWazuh,,,/var/log/suricata/eve.json,,0,,,1
2026-07-14T15:25:10.193+0000,86601,3,"[""ids"", ""suricata""]",Suricata: Alert - SURICATA STREAM 3way handshake excessive different SYNs,002,CibleWazuh,,,/var/log/suricata/eve.json,,0,,,1
2026-07-14T15:27:56.908+0000,86601,3,"[""ids"", ""suricata""]",Suricata: Alert - SURICATA STREAM 3way handshake excessive different SYNs,002,CibleWazuh,,,/var/log/suricata/eve.json,,0,,,1
2026-07-14T15:26:17.889+0000,86601,3,"[""ids"", ""suricata""]",Suricata: Alert - SURICATA STREAM 3way handshake excessive different SYNs,002,CibleWazuh,,,/var/log/suricata/eve.json,,0,,,1
2026-07-14T15:27:44.814+0000,86601,3,"[""ids"", ""suricata""]",Suricata: Alert - SURICATA STREAM 3way handshake excessive different SYNs,002,CibleWazuh,,,/var/log/suricata/eve.json,,0,,,1
2026-07-14T15:25:06.657+0000,86601,3,"[""ids"", ""suricata""]",Suricata: Alert - SURICATA STREAM 3way handshake excessive different SYNs,002,CibleWazuh,,,/var/log/suricata/eve.json,,0,,,1
2026-07-14T15:27:44.775+0000,86601,3,"[""ids"", ""suricata""]",Suricata: Alert - SURICATA STREAM 3way handshake excessive different SYNs,002,CibleWazuh,,,/var/log/suricata/eve.json,,0,,,1
2026-07-14T15:31:07.090+0000,86601,3,"[""ids"", ""suricata""]",Suricata: Alert - SURICATA STREAM 3way handshake excessive different SYNs,002,CibleWazuh,,,/var/log/suricata/eve.json,,0,,,1
2026-07-14T15:25:21.947+0000,86601,3,"[""ids"", ""suricata""]",Suricata: Alert - SURICATA STREAM 3way handshake excessive different SYNs,002,CibleWazuh,,,/var/log/suricata/eve.json,,0,,,1
2026-07-14T15:31:12.581+0000,86601,3,"[""ids"", ""suricata""]",Suricata: Alert - SURICATA STREAM 3way handshake excessive different SYNs,002,CibleWazuh,,,/var/log/suricata/eve.json,,0,,,1
2026-07-14T15:31:17.951+0000,86601,3,"[""ids"", ""suricata""]",Suricata: Alert - SURICATA STREAM 3way handshake excessive different SYNs,002,CibleWazuh,,,/var/log/suricata/eve.json,,0,,,1
2026-07-14T15:19:29.424+0000,202,7,"[""wazuh"", ""agent_flooding""]",Agent event queue is 90% full.,002,CibleWazuh,,,wazuh-agent,wazuh: Agent buffer: '90%'.,1,PARROT-HYDRA-01,malicious_bruteforce,0
2026-07-14T15:31:12.737+0000,86601,3,"[""ids"", ""suricata""]",Suricata: Alert - SURICATA STREAM 3way handshake excessive different SYNs,002,CibleWazuh,,,/var/log/suricata/eve.json,,0,,,1
2026-07-14T15:24:55.145+0000,86601,3,"[""ids"", ""suricata""]",Suricata: Alert - SURICATA STREAM 3way handshake excessive different SYNs,002,CibleWazuh,,,/var/log/suricata/eve.json,,0,,,1
2026-07-14T15:25:03.590+0000,86601,3,"[""ids"", ""suricata""]",Suricata: Alert - SURICATA STREAM 3way handshake excessive different SYNs,002,CibleWazuh,,,/var/log/suricata/eve.json,,0,,,1
2026-07-14T15:31:06.463+0000,86601,3,"[""ids"", ""suricata""]",Suricata: Alert - SURICATA STREAM 3way handshake excessive different SYNs,002,CibleWazuh,,,/var/log/suricata/eve.json,,0,,,1
2026-07-14T15:31:11.820+0000,86601,3,"[""ids"", ""suricata""]",Suricata: Alert - SURICATA STREAM 3way handshake excessive different SYNs,002,CibleWazuh,,,/var/log/suricata/eve.json,,0,,,1
2026-07-14T15:27:46.657+0000,86601,3,"[""ids"", ""suricata""]",Suricata: Alert - SURICATA STREAM 3way handshake excessive different SYNs,002,CibleWazuh,,,/var/log/suricata/eve.json,,0,,,1
2026-07-14T14:01:21.450+0000,2902,7,"[""syslog"", ""dpkg"", ""config_changed""]",New dpkg (Debian Package) installed.,000,UbuntuWazuh,,,/var/log/dpkg.log,2026-07-14 14:01:20 status installed gstreamer1.0-pipewire:amd64 1.0.5-1ubuntu3.3,0,,,0
2026-07-14T15:27:48.779+0000,86601,3,"[""ids"", ""suricata""]",Suricata: Alert - SURICATA STREAM 3way handshake excessive different SYNs,002,CibleWazuh,,,/var/log/suricata/eve.json,,0,,,1
2026-07-14T15:31:11.699+0000,86601,3,"[""ids"", ""suricata""]",Suricata: Alert - SURICATA STREAM 3way handshake excessive different SYNs,002,CibleWazuh,,,/var/log/suricata/eve.json,,0,,,1
2026-07-14T15:25:07.369+0000,86601,3,"[""ids"", ""suricata""]",Suricata: Alert - SURICATA STREAM 3way handshake excessive different SYNs,002,CibleWazuh,,,/var/log/suricata/eve.json,,0,,,1
2026-07-14T15:02:42.703+0000,86601,3,"[""ids"", ""suricata""]",Suricata: Alert - ET SCAN NMAP -sV version,002,CibleWazuh,,,/var/log/suricata/eve.json,,0,,,1
2026-07-14T15:25:09.640+0000,86601,3,"[""ids"", ""suricata""]",Suricata: Alert - SURICATA STREAM 3way handshake excessive different SYNs,002,CibleWazuh,,,/var/log/suricata/eve.json,,0,,,1
2026-07-14T15:25:35.752+0000,86601,3,"[""ids"", ""suricata""]",Suricata: Alert - SURICATA STREAM 3way handshake excessive different SYNs,002,CibleWazuh,,,/var/log/suricata/eve.json,,0,,,1
2026-07-14T15:31:17.332+0000,86601,3,"[""ids"", ""suricata""]",Suricata: Alert - SURICATA STREAM 3way handshake excessive different SYNs,002,CibleWazuh,,,/var/log/suricata/eve.json,,0,,,1
2026-07-14T15:27:54.585+0000,86601,3,"[""ids"", ""suricata""]",Suricata: Alert - SURICATA STREAM 3way handshake excessive different SYNs,002,CibleWazuh,,,/var/log/suricata/eve.json,,0,,,1
2026-07-14T15:31:10.827+0000,86601,3,"[""ids"", ""suricata""]",Suricata: Alert - SURICATA STREAM 3way handshake excessive different SYNs,002,CibleWazuh,,,/var/log/suricata/eve.json,,0,,,1
2026-07-14T15:27:40.072+0000,86601,3,"[""ids"", ""suricata""]",Suricata: Alert - SURICATA STREAM 3way handshake excessive different SYNs,002,CibleWazuh,,,/var/log/suricata/eve.json,,0,,,1
2026-07-14T15:31:02.363+0000,86601,3,"[""ids"", ""suricata""]",Suricata: Alert - SURICATA STREAM 3way handshake excessive different SYNs,002,CibleWazuh,,,/var/log/suricata/eve.json,,0,,,1
2026-07-14T15:27:55.349+0000,86601,3,"[""ids"", ""suricata""]",Suricata: Alert - SURICATA STREAM 3way handshake excessive different SYNs,002,CibleWazuh,,,/var/log/suricata/eve.json,,0,,,1
2026-07-14T15:25:34.541+0000,86601,3,"[""ids"", ""suricata""]",Suricata: Alert - SURICATA STREAM 3way handshake excessive different SYNs,002,CibleWazuh,,,/var/log/suricata/eve.json,,0,,,1
2026-07-14T15:25:35.354+0000,86601,3,"[""ids"", ""suricata""]",Suricata: Alert - SURICATA STREAM 3way handshake excessive different SYNs,002,CibleWazuh,,,/var/log/suricata/eve.json,,0,,,1
2026-07-14T15:25:22.216+0000,86601,3,"[""ids"", ""suricata""]",Suricata: Alert - SURICATA STREAM 3way handshake excessive different SYNs,002,CibleWazuh,,,/var/log/suricata/eve.json,,0,,,1
2026-07-14T15:25:00.299+0000,86601,3,"[""ids"", ""suricata""]",Suricata: Alert - SURICATA STREAM 3way handshake excessive different SYNs,002,CibleWazuh,,,/var/log/suricata/eve.json,,0,,,1
2026-07-14T15:18:11.074+0000,5715,3,"[""syslog"", ""sshd"", ""authentication_success""]",sshd: authentication success.,002,CibleWazuh,192.168.30.3,vboxuser,journald,Jul 14 15:18:10 CibleWazuh sshd[14015]: Accepted publickey for vboxuser from 192.168.30.3 port 52402 ssh2: ED25519 SHA256:20bmF6ePWf19PC7lAtzvSHwmvgK6SuGC7RGzx0eI6UY,1,PARROT-NMAP-01,malicious_nmap,0
2026-07-14T15:27:39.485+0000,86601,3,"[""ids"", ""suricata""]",Suricata: Alert - SURICATA STREAM 3way handshake excessive different SYNs,002,CibleWazuh,,,/var/log/suricata/eve.json,,0,,,1
2026-07-14T15:26:16.308+0000,86601,3,"[""ids"", ""suricata""]",Suricata: Alert - SURICATA STREAM 3way handshake excessive different SYNs,002,CibleWazuh,,,/var/log/suricata/eve.json,,0,,,1
2026-07-14T15:26:22.275+0000,86601,3,"[""ids"", ""suricata""]",Suricata: Alert - SURICATA STREAM 3way handshake excessive different SYNs,002,CibleWazuh,,,/var/log/suricata/eve.json,,0,,,1
2026-07-14T15:25:36.476+0000,86601,3,"[""ids"", ""suricata""]",Suricata: Alert - SURICATA STREAM 3way handshake excessive different SYNs,002,CibleWazuh,,,/var/log/suricata/eve.json,,0,,,1
2026-07-14T14:41:47.814+0000,5501,3,"[""pam"", ""syslog"", ""authentication_success""]",PAM: Login session opened.,002,CibleWazuh,,root,journald,Jul 14 14:41:45 CibleWazuh sudo[10072]: pam_unix(sudo:session): session opened for user root(uid=0) by (uid=1000),0,,,0
2026-07-14T15:24:56.092+0000,86601,3,"[""ids"", ""suricata""]",Suricata: Alert - SURICATA STREAM 3way handshake excessive different SYNs,002,CibleWazuh,,,/var/log/suricata/eve.json,,0,,,1
2026-07-14T15:31:02.695+0000,86601,3,"[""ids"", ""suricata""]",Suricata: Alert - SURICATA STREAM 3way handshake excessive different SYNs,002,CibleWazuh,,,/var/log/suricata/eve.json,,0,,,1
2026-07-14T15:26:23.018+0000,86601,3,"[""ids"", ""suricata""]",Suricata: Alert - SURICATA STREAM 3way handshake excessive different SYNs,002,CibleWazuh,,,/var/log/suricata/eve.json,,0,,,1
2026-07-14T15:37:56.172+0000,86601,3,"[""ids"", ""suricata""]",Suricata: Alert - SURICATA STREAM 3way handshake excessive different SYNs,002,CibleWazuh,,,/var/log/suricata/eve.json,,0,,,1
2026-07-14T14:18:29.398+0000,5503,5,"[""pam"", ""syslog"", ""authentication_failed""]",PAM: User login failed.,002,CibleWazuh,192.168.30.10,vboxuser,journald,Jul 14 14:18:28 CibleWazuh sshd[8215]: pam_unix(sshd:auth): authentication failure; logname= uid=0 euid=0 tty=ssh ruser= rhost=192.168.30.10  user=vboxuser,1,TG-0002,malicious_bruteforce,0
2026-07-14T15:26:27.519+0000,86601,3,"[""ids"", ""suricata""]",Suricata: Alert - SURICATA STREAM 3way handshake excessive different SYNs,002,CibleWazuh,,,/var/log/suricata/eve.json,,0,,,1
2026-07-14T15:25:34.808+0000,86601,3,"[""ids"", ""suricata""]",Suricata: Alert - SURICATA STREAM 3way handshake excessive different SYNs,002,CibleWazuh,,,/var/log/suricata/eve.json,,0,,,1
2026-07-14T15:31:01.198+0000,86601,3,"[""ids"", ""suricata""]",Suricata: Alert - SURICATA STREAM 3way handshake excessive different SYNs,002,CibleWazuh,,,/var/log/suricata/eve.json,,0,,,1
2026-07-14T15:26:27.295+0000,86601,3,"[""ids"", ""suricata""]",Suricata: Alert - SURICATA STREAM 3way handshake excessive different SYNs,002,CibleWazuh,,,/var/log/suricata/eve.json,,0,,,1
2026-07-14T15:27:54.024+0000,86601,3,"[""ids"", ""suricata""]",Suricata: Alert - SURICATA STREAM 3way handshake excessive different SYNs,002,CibleWazuh,,,/var/log/suricata/eve.json,,0,,,1
2026-07-14T15:31:15.371+0000,86601,3,"[""ids"", ""suricata""]",Suricata: Alert - SURICATA STREAM 3way handshake excessive different SYNs,002,CibleWazuh,,,/var/log/suricata/eve.json,,0,,,1
2026-07-14T15:26:17.499+0000,86601,3,"[""ids"", ""suricata""]",Suricata: Alert - SURICATA STREAM 3way handshake excessive different SYNs,002,CibleWazuh,,,/var/log/suricata/eve.json,,0,,,1
2026-07-14T15:21:44.630+0000,5501,3,"[""pam"", ""syslog"", ""authentication_success""]",PAM: Login session opened.,002,CibleWazuh,,vboxuser,journald,Jul 14 15:21:27 CibleWazuh sshd[14154]: pam_unix(sshd:session): session opened for user vboxuser(uid=1000) by (uid=0),1,PARROT-HYDRA-01,malicious_bruteforce,0
2026-07-14T15:25:23.465+0000,86601,3,"[""ids"", ""suricata""]",Suricata: Alert - SURICATA STREAM 3way handshake excessive different SYNs,002,CibleWazuh,,,/var/log/suricata/eve.json,,0,,,1
2026-07-14T15:25:00.740+0000,86601,3,"[""ids"", ""suricata""]",Suricata: Alert - SURICATA STREAM 3way handshake excessive different SYNs,002,CibleWazuh,,,/var/log/suricata/eve.json,,0,,,1
2026-07-14T15:26:20.358+0000,86601,3,"[""ids"", ""suricata""]",Suricata: Alert - SURICATA STREAM 3way handshake excessive different SYNs,002,CibleWazuh,,,/var/log/suricata/eve.json,,0,,,1
2026-07-14T15:26:11.298+0000,86601,3,"[""ids"", ""suricata""]",Suricata: Alert - SURICATA STREAM 3way handshake excessive different SYNs,002,CibleWazuh,,,/var/log/suricata/eve.json,,0,,,1
2026-07-14T15:37:57.916+0000,86601,3,"[""ids"", ""suricata""]",Suricata: Alert - SURICATA STREAM 3way handshake excessive different SYNs,002,CibleWazuh,,,/var/log/suricata/eve.json,,0,,,1
2026-07-14T15:37:52.009+0000,86601,3,"[""ids"", ""suricata""]",Suricata: Alert - SURICATA STREAM 3way handshake excessive different SYNs,002,CibleWazuh,,,/var/log/suricata/eve.json,,0,,,1
2026-07-14T15:25:34.194+0000,86601,3,"[""ids"", ""suricata""]",Suricata: Alert - SURICATA STREAM 3way handshake excessive different SYNs,002,CibleWazuh,,,/var/log/suricata/eve.json,,0,,,1
2026-07-14T15:25:38.830+0000,86601,3,"[""ids"", ""suricata""]",Suricata: Alert - SURICATA STREAM 3way handshake excessive different SYNs,002,CibleWazuh,,,/var/log/suricata/eve.json,,0,,,1
2026-07-14T15:25:00.728+0000,86601,3,"[""ids"", ""suricata""]",Suricata: Alert - SURICATA STREAM 3way handshake excessive different SYNs,002,CibleWazuh,,,/var/log/suricata/eve.json,,0,,,1
2026-07-14T15:26:08.751+0000,86601,3,"[""ids"", ""suricata""]",Suricata: Alert - SURICATA STREAM 3way handshake excessive different SYNs,002,CibleWazuh,,,/var/log/suricata/eve.json,,0,,,1
2026-07-14T15:25:27.013+0000,86601,3,"[""ids"", ""suricata""]",Suricata: Alert - SURICATA STREAM 3way handshake excessive different SYNs,002,CibleWazuh,,,/var/log/suricata/eve.json,,0,,,1
2026-07-14T15:27:47.320+0000,86601,3,"[""ids"", ""suricata""]",Suricata: Alert - SURICATA STREAM 3way handshake excessive different SYNs,002,CibleWazuh,,,/var/log/suricata/eve.json,,0,,,1
2026-07-14T15:25:12.583+0000,86601,3,"[""ids"", ""suricata""]",Suricata: Alert - SURICATA STREAM 3way handshake excessive different SYNs,002,CibleWazuh,,,/var/log/suricata/eve.json,,0,,,1
2026-07-14T15:25:39.137+0000,86601,3,"[""ids"", ""suricata""]",Suricata: Alert - SURICATA STREAM 3way handshake excessive different SYNs,002,CibleWazuh,,,/var/log/suricata/eve.json,,0,,,1
2026-07-14T15:25:38.266+0000,86601,3,"[""ids"", ""suricata""]",Suricata: Alert - SURICATA STREAM 3way handshake excessive different SYNs,002,CibleWazuh,,,/var/log/suricata/eve.json,,0,,,1
2026-07-14T15:31:07.875+0000,86601,3,"[""ids"", ""suricata""]",Suricata: Alert - SURICATA STREAM 3way handshake excessive different SYNs,002,CibleWazuh,,,/var/log/suricata/eve.json,,0,,,1
2026-07-14T15:30:56.564+0000,86601,3,"[""ids"", ""suricata""]",Suricata: Alert - SURICATA STREAM 3way handshake excessive different SYNs,002,CibleWazuh,,,/var/log/suricata/eve.json,,0,,,1
2026-07-14T15:37:43.589+0000,86601,3,"[""ids"", ""suricata""]",Suricata: Alert - SURICATA STREAM 3way handshake excessive different SYNs,002,CibleWazuh,,,/var/log/suricata/eve.json,,0,,,1
2026-07-14T15:25:38.797+0000,86601,3,"[""ids"", ""suricata""]",Suricata: Alert - SURICATA STREAM 3way handshake excessive different SYNs,002,CibleWazuh,,,/var/log/suricata/eve.json,,0,,,1
2026-07-14T15:31:09.274+0000,86601,3,"[""ids"", ""suricata""]",Suricata: Alert - SURICATA STREAM 3way handshake excessive different SYNs,002,CibleWazuh,,,/var/log/suricata/eve.json,,0,,,1
2026-07-14T15:24:55.840+0000,86601,3,"[""ids"", ""suricata""]",Suricata: Alert - SURICATA STREAM 3way handshake excessive different SYNs,002,CibleWazuh,,,/var/log/suricata/eve.json,,0,,,1
2026-07-14T15:31:03.988+0000,86601,3,"[""ids"", ""suricata""]",Suricata: Alert - SURICATA STREAM 3way handshake excessive different SYNs,002,CibleWazuh,,,/var/log/suricata/eve.json,,0,,,1
2026-07-14T15:25:14.575+0000,86601,3,"[""ids"", ""suricata""]",Suricata: Alert - SURICATA STREAM 3way handshake excessive different SYNs,002,CibleWazuh,,,/var/log/suricata/eve.json,,0,,,1
2026-07-14T15:25:12.913+0000,86601,3,"[""ids"", ""suricata""]",Suricata: Alert - SURICATA STREAM 3way handshake excessive different SYNs,002,CibleWazuh,,,/var/log/suricata/eve.json,,0,,,1
2026-07-14T15:25:39.658+0000,86601,3,"[""ids"", ""suricata""]",Suricata: Alert - SURICATA STREAM 3way handshake excessive different SYNs,002,CibleWazuh,,,/var/log/suricata/eve.json,,0,,,1
2026-07-14T15:31:15.982+0000,86601,3,"[""ids"", ""suricata""]",Suricata: Alert - SURICATA STREAM 3way handshake excessive different SYNs,002,CibleWazuh,,,/var/log/suricata/eve.json,,0,,,1
2026-07-14T15:31:13.489+0000,86601,3,"[""ids"", ""suricata""]",Suricata: Alert - SURICATA STREAM 3way handshake excessive different SYNs,002,CibleWazuh,,,/var/log/suricata/eve.json,,0,,,1
2026-07-14T15:26:24.235+0000,86601,3,"[""ids"", ""suricata""]",Suricata: Alert - SURICATA STREAM 3way handshake excessive different SYNs,002,CibleWazuh,,,/var/log/suricata/eve.json,,0,,,1
2026-07-14T13:47:45.443+0000,86601,3,"[""ids"", ""suricata""]",Suricata: Alert - ET SCAN NMAP TCP connect -sT,002,CibleWazuh,,,/var/log/suricata/eve.json,,0,,,1
2026-07-14T15:27:50.601+0000,86601,3,"[""ids"", ""suricata""]",Suricata: Alert - SURICATA STREAM 3way handshake excessive different SYNs,002,CibleWazuh,,,/var/log/suricata/eve.json,,0,,,1
2026-07-14T15:25:20.607+0000,86601,3,"[""ids"", ""suricata""]",Suricata: Alert - SURICATA STREAM 3way handshake excessive different SYNs,002,CibleWazuh,,,/var/log/suricata/eve.json,,0,,,1
2026-07-14T15:25:40.995+0000,86601,3,"[""ids"", ""suricata""]",Suricata: Alert - SURICATA STREAM 3way handshake excessive different SYNs,002,CibleWazuh,,,/var/log/suricata/eve.json,,0,,,1
2026-07-14T15:31:07.372+0000,86601,3,"[""ids"", ""suricata""]",Suricata: Alert - SURICATA STREAM 3way handshake excessive different SYNs,002,CibleWazuh,,,/var/log/suricata/eve.json,,0,,,1
2026-07-14T15:27:47.536+0000,86601,3,"[""ids"", ""suricata""]",Suricata: Alert - SURICATA STREAM 3way handshake excessive different SYNs,002,CibleWazuh,,,/var/log/suricata/eve.json,,0,,,1
2026-07-14T15:31:11.058+0000,86601,3,"[""ids"", ""suricata""]",Suricata: Alert - SURICATA STREAM 3way handshake excessive different SYNs,002,CibleWazuh,,,/var/log/suricata/eve.json,,0,,,1
2026-07-14T15:31:03.963+0000,86601,3,"[""ids"", ""suricata""]",Suricata: Alert - SURICATA STREAM 3way handshake excessive different SYNs,002,CibleWazuh,,,/var/log/suricata/eve.json,,0,,,1
2026-07-14T15:31:12.857+0000,86601,3,"[""ids"", ""suricata""]",Suricata: Alert - SURICATA STREAM 3way handshake excessive different SYNs,002,CibleWazuh,,,/var/log/suricata/eve.json,,0,,,1
2026-07-14T15:25:15.179+0000,86601,3,"[""ids"", ""suricata""]",Suricata: Alert - SURICATA STREAM 3way handshake excessive different SYNs,002,CibleWazuh,,,/var/log/suricata/eve.json,,0,,,1
2026-07-14T15:31:15.667+0000,86601,3,"[""ids"", ""suricata""]",Suricata: Alert - SURICATA STREAM 3way handshake excessive different SYNs,002,CibleWazuh,,,/var/log/suricata/eve.json,,0,,,1
2026-07-14T15:31:12.635+0000,86601,3,"[""ids"", ""suricata""]",Suricata: Alert - SURICATA STREAM 3way handshake excessive different SYNs,002,CibleWazuh,,,/var/log/suricata/eve.json,,0,,,1
2026-07-14T15:31:11.215+0000,86601,3,"[""ids"", ""suricata""]",Suricata: Alert - SURICATA STREAM 3way handshake excessive different SYNs,002,CibleWazuh,,,/var/log/suricata/eve.json,,0,,,1
2026-07-14T14:58:24.593+0000,86601,3,"[""ids"", ""suricata""]",Suricata: Alert - ET SCAN NMAP TCP connect -sT,002,CibleWazuh,,,/var/log/suricata/eve.json,,1,TG-0031,malicious_bruteforce,1
2026-07-14T15:27:42.376+0000,86601,3,"[""ids"", ""suricata""]",Suricata: Alert - SURICATA STREAM 3way handshake excessive different SYNs,002,CibleWazuh,,,/var/log/suricata/eve.json,,0,,,1
2026-07-14T15:38:03.244+0000,86601,3,"[""ids"", ""suricata""]",Suricata: Alert - SURICATA STREAM 3way handshake excessive different SYNs,002,CibleWazuh,,,/var/log/suricata/eve.json,,0,,,1
2026-07-14T15:38:00.248+0000,86601,3,"[""ids"", ""suricata""]",Suricata: Alert - SURICATA STREAM 3way handshake excessive different SYNs,002,CibleWazuh,,,/var/log/suricata/eve.json,,0,,,1
2026-07-14T15:26:18.859+0000,86601,3,"[""ids"", ""suricata""]",Suricata: Alert - SURICATA STREAM 3way handshake excessive different SYNs,002,CibleWazuh,,,/var/log/suricata/eve.json,,0,,,1
2026-07-14T15:37:56.206+0000,86601,3,"[""ids"", ""suricata""]",Suricata: Alert - SURICATA STREAM 3way handshake excessive different SYNs,002,CibleWazuh,,,/var/log/suricata/eve.json,,0,,,1
2026-07-14T15:25:15.658+0000,86601,3,"[""ids"", ""suricata""]",Suricata: Alert - SURICATA STREAM 3way handshake excessive different SYNs,002,CibleWazuh,,,/var/log/suricata/eve.json,,0,,,1
2026-07-14T15:26:26.525+0000,86601,3,"[""ids"", ""suricata""]",Suricata: Alert - SURICATA STREAM 3way handshake excessive different SYNs,002,CibleWazuh,,,/var/log/suricata/eve.json,,0,,,1
2026-07-14T15:30:56.461+0000,86601,3,"[""ids"", ""suricata""]",Suricata: Alert - SURICATA STREAM 3way handshake excessive different SYNs,002,CibleWazuh,,,/var/log/suricata/eve.json,,0,,,1
2026-07-14T15:26:24.969+0000,86601,3,"[""ids"", ""suricata""]",Suricata: Alert - SURICATA STREAM 3way handshake excessive different SYNs,002,CibleWazuh,,,/var/log/suricata/eve.json,,0,,,1
2026-07-14T13:45:27.205+0000,86601,3,"[""ids"", ""suricata""]",Suricata: Alert - ET SCAN NMAP -sV version,002,CibleWazuh,,,/var/log/suricata/eve.json,,0,,,1
2026-07-14T15:25:40.553+0000,86601,3,"[""ids"", ""suricata""]",Suricata: Alert - SURICATA STREAM 3way handshake excessive different SYNs,002,CibleWazuh,,,/var/log/suricata/eve.json,,0,,,1
2026-07-14T15:37:51.953+0000,86601,3,"[""ids"", ""suricata""]",Suricata: Alert - SURICATA STREAM 3way handshake excessive different SYNs,002,CibleWazuh,,,/var/log/suricata/eve.json,,0,,,1
2026-07-14T15:25:26.712+0000,86601,3,"[""ids"", ""suricata""]",Suricata: Alert - SURICATA STREAM 3way handshake excessive different SYNs,002,CibleWazuh,,,/var/log/suricata/eve.json,,0,,,1
2026-07-14T15:31:15.912+0000,86601,3,"[""ids"", ""suricata""]",Suricata: Alert - SURICATA STREAM 3way handshake excessive different SYNs,002,CibleWazuh,,,/var/log/suricata/eve.json,,0,,,1
2026-07-14T15:25:10.232+0000,86601,3,"[""ids"", ""suricata""]",Suricata: Alert - SURICATA STREAM 3way handshake excessive different SYNs,002,CibleWazuh,,,/var/log/suricata/eve.json,,0,,,1
2026-07-14T15:27:45.702+0000,86601,3,"[""ids"", ""suricata""]",Suricata: Alert - SURICATA STREAM 3way handshake excessive different SYNs,002,CibleWazuh,,,/var/log/suricata/eve.json,,0,,,1
2026-07-14T15:26:27.937+0000,86601,3,"[""ids"", ""suricata""]",Suricata: Alert - SURICATA STREAM 3way handshake excessive different SYNs,002,CibleWazuh,,,/var/log/suricata/eve.json,,0,,,1
2026-07-14T15:30:55.732+0000,86601,3,"[""ids"", ""suricata""]",Suricata: Alert - SURICATA STREAM 3way handshake excessive different SYNs,002,CibleWazuh,,,/var/log/suricata/eve.json,,0,,,1
2026-07-14T15:25:33.310+0000,86601,3,"[""ids"", ""suricata""]",Suricata: Alert - SURICATA STREAM 3way handshake excessive different SYNs,002,CibleWazuh,,,/var/log/suricata/eve.json,,0,,,1
2026-07-14T15:24:58.266+0000,86601,3,"[""ids"", ""suricata""]",Suricata: Alert - SURICATA STREAM 3way handshake excessive different SYNs,002,CibleWazuh,,,/var/log/suricata/eve.json,,0,,,1
2026-07-14T15:25:15.496+0000,86601,3,"[""ids"", ""suricata""]",Suricata: Alert - SURICATA STREAM 3way handshake excessive different SYNs,002,CibleWazuh,,,/var/log/suricata/eve.json,,0,,,1
2026-07-14T15:26:08.742+0000,86601,3,"[""ids"", ""suricata""]",Suricata: Alert - SURICATA STREAM 3way handshake excessive different SYNs,002,CibleWazuh,,,/var/log/suricata/eve.json,,0,,,1
2026-07-14T15:25:14.025+0000,86601,3,"[""ids"", ""suricata""]",Suricata: Alert - SURICATA STREAM 3way handshake excessive different SYNs,002,CibleWazuh,,,/var/log/suricata/eve.json,,0,,,1
2026-07-14T15:21:29.524+0000,203,9,"[""wazuh"", ""agent_flooding""]",Agent event queue is full. Events may be lost.,002,CibleWazuh,,,wazuh-agent,wazuh: Agent buffer: 'full'.,1,PARROT-HYDRA-01,malicious_bruteforce,0
2026-07-14T15:25:04.411+0000,86601,3,"[""ids"", ""suricata""]",Suricata: Alert - SURICATA STREAM 3way handshake excessive different SYNs,002,CibleWazuh,,,/var/log/suricata/eve.json,,0,,,1
2026-07-14T15:37:54.469+0000,86601,3,"[""ids"", ""suricata""]",Suricata: Alert - SURICATA STREAM 3way handshake excessive different SYNs,002,CibleWazuh,,,/var/log/suricata/eve.json,,0,,,1
2026-07-14T15:24:58.429+0000,86601,3,"[""ids"", ""suricata""]",Suricata: Alert - SURICATA STREAM 3way handshake excessive different SYNs,002,CibleWazuh,,,/var/log/suricata/eve.json,,0,,,1
2026-07-14T15:25:06.117+0000,86601,3,"[""ids"", ""suricata""]",Suricata: Alert - SURICATA STREAM 3way handshake excessive different SYNs,002,CibleWazuh,,,/var/log/suricata/eve.json,,0,,,1
2026-07-14T15:27:54.889+0000,86601,3,"[""ids"", ""suricata""]",Suricata: Alert - SURICATA STREAM 3way handshake excessive different SYNs,002,CibleWazuh,,,/var/log/suricata/eve.json,,0,,,1
2026-07-14T15:37:55.908+0000,86601,3,"[""ids"", ""suricata""]",Suricata: Alert - SURICATA STREAM 3way handshake excessive different SYNs,002,CibleWazuh,,,/var/log/suricata/eve.json,,0,,,1
2026-07-14T15:25:42.479+0000,86601,3,"[""ids"", ""suricata""]",Suricata: Alert - SURICATA STREAM 3way handshake excessive different SYNs,002,CibleWazuh,,,/var/log/suricata/eve.json,,0,,,1
2026-07-14T15:26:15.518+0000,86601,3,"[""ids"", ""suricata""]",Suricata: Alert - SURICATA STREAM 3way handshake excessive different SYNs,002,CibleWazuh,,,/var/log/suricata/eve.json,,0,,,1
2026-07-14T15:27:40.420+0000,86601,3,"[""ids"", ""suricata""]",Suricata: Alert - SURICATA STREAM 3way handshake excessive different SYNs,002,CibleWazuh,,,/var/log/suricata/eve.json,,0,,,1
2026-07-14T15:25:18.896+0000,86601,3,"[""ids"", ""suricata""]",Suricata: Alert - SURICATA STREAM 3way handshake excessive different SYNs,002,CibleWazuh,,,/var/log/suricata/eve.json,,0,,,1
2026-07-14T14:56:46.492+0000,86601,3,"[""ids"", ""suricata""]",Suricata: Alert - ET SCAN NMAP -sV version,002,CibleWazuh,,,/var/log/suricata/eve.json,,1,TG-0027,malicious_dos_flood,1
2026-07-14T15:30:57.919+0000,86601,3,"[""ids"", ""suricata""]",Suricata: Alert - SURICATA STREAM 3way handshake excessive different SYNs,002,CibleWazuh,,,/var/log/suricata/eve.json,,0,,,1
2026-07-14T15:25:20.381+0000,86601,3,"[""ids"", ""suricata""]",Suricata: Alert - SURICATA STREAM 3way handshake excessive different SYNs,002,CibleWazuh,,,/var/log/suricata/eve.json,,0,,,1
2026-07-14T15:31:16.505+0000,86601,3,"[""ids"", ""suricata""]",Suricata: Alert - SURICATA STREAM 3way handshake excessive different SYNs,002,CibleWazuh,,,/var/log/suricata/eve.json,,0,,,1
2026-07-14T15:25:15.975+0000,86601,3,"[""ids"", ""suricata""]",Suricata: Alert - SURICATA STREAM 3way handshake excessive different SYNs,002,CibleWazuh,,,/var/log/suricata/eve.json,,0,,,1
2026-07-14T15:27:41.309+0000,86601,3,"[""ids"", ""suricata""]",Suricata: Alert - SURICATA STREAM 3way handshake excessive different SYNs,002,CibleWazuh,,,/var/log/suricata/eve.json,,0,,,1
2026-07-14T15:27:41.474+0000,86601,3,"[""ids"", ""suricata""]",Suricata: Alert - SURICATA STREAM 3way handshake excessive different SYNs,002,CibleWazuh,,,/var/log/suricata/eve.json,,0,,,1
2026-07-14T15:26:14.616+0000,86601,3,"[""ids"", ""suricata""]",Suricata: Alert - SURICATA STREAM 3way handshake excessive different SYNs,002,CibleWazuh,,,/var/log/suricata/eve.json,,0,,,1
2026-07-14T15:31:03.951+0000,86601,3,"[""ids"", ""suricata""]",Suricata: Alert - SURICATA STREAM 3way handshake excessive different SYNs,002,CibleWazuh,,,/var/log/suricata/eve.json,,0,,,1
2026-07-14T15:26:26.478+0000,86601,3,"[""ids"", ""suricata""]",Suricata: Alert - SURICATA STREAM 3way handshake excessive different SYNs,002,CibleWazuh,,,/var/log/suricata/eve.json,,0,,,1
2026-07-14T15:25:09.123+0000,86601,3,"[""ids"", ""suricata""]",Suricata: Alert - SURICATA STREAM 3way handshake excessive different SYNs,002,CibleWazuh,,,/var/log/suricata/eve.json,,0,,,1
2026-07-14T15:37:43.963+0000,86601,3,"[""ids"", ""suricata""]",Suricata: Alert - SURICATA STREAM 3way handshake excessive different SYNs,002,CibleWazuh,,,/var/log/suricata/eve.json,,0,,,1
2026-07-14T15:26:24.586+0000,86601,3,"[""ids"", ""suricata""]",Suricata: Alert - SURICATA STREAM 3way handshake excessive different SYNs,002,CibleWazuh,,,/var/log/suricata/eve.json,,0,,,1
2026-07-14T15:26:15.836+0000,86601,3,"[""ids"", ""suricata""]",Suricata: Alert - SURICATA STREAM 3way handshake excessive different SYNs,002,CibleWazuh,,,/var/log/suricata/eve.json,,0,,,1
2026-07-14T15:25:31.877+0000,86601,3,"[""ids"", ""suricata""]",Suricata: Alert - SURICATA STREAM 3way handshake excessive different SYNs,002,CibleWazuh,,,/var/log/suricata/eve.json,,0,,,1
2026-07-14T15:37:51.820+0000,86601,3,"[""ids"", ""suricata""]",Suricata: Alert - SURICATA STREAM 3way handshake excessive different SYNs,002,CibleWazuh,,,/var/log/suricata/eve.json,,0,,,1
2026-07-14T15:25:37.919+0000,86601,3,"[""ids"", ""suricata""]",Suricata: Alert - SURICATA STREAM 3way handshake excessive different SYNs,002,CibleWazuh,,,/var/log/suricata/eve.json,,0,,,1
2026-07-14T15:27:50.616+0000,86601,3,"[""ids"", ""suricata""]",Suricata: Alert - SURICATA STREAM 3way handshake excessive different SYNs,002,CibleWazuh,,,/var/log/suricata/eve.json,,0,,,1
2026-07-14T15:31:08.078+0000,86601,3,"[""ids"", ""suricata""]",Suricata: Alert - SURICATA STREAM 3way handshake excessive different SYNs,002,CibleWazuh,,,/var/log/suricata/eve.json,,0,,,1
2026-07-14T15:37:53.073+0000,86601,3,"[""ids"", ""suricata""]",Suricata: Alert - SURICATA STREAM 3way handshake excessive different SYNs,002,CibleWazuh,,,/var/log/suricata/eve.json,,0,,,1
2026-07-14T15:25:42.103+0000,86601,3,"[""ids"", ""suricata""]",Suricata: Alert - SURICATA STREAM 3way handshake excessive different SYNs,002,CibleWazuh,,,/var/log/suricata/eve.json,,0,,,1
2026-07-14T15:37:59.079+0000,86601,3,"[""ids"", ""suricata""]",Suricata: Alert - SURICATA STREAM 3way handshake excessive different SYNs,002,CibleWazuh,,,/var/log/suricata/eve.json,,0,,,1
2026-07-14T15:30:55.971+0000,86601,3,"[""ids"", ""suricata""]",Suricata: Alert - SURICATA STREAM 3way handshake excessive different SYNs,002,CibleWazuh,,,/var/log/suricata/eve.json,,0,,,1
2026-07-14T15:26:22.875+0000,86601,3,"[""ids"", ""suricata""]",Suricata: Alert - SURICATA STREAM 3way handshake excessive different SYNs,002,CibleWazuh,,,/var/log/suricata/eve.json,,0,,,1
2026-07-14T15:37:36.695+0000,86601,3,"[""ids"", ""suricata""]",Suricata: Alert - SURICATA STREAM 3way handshake excessive different SYNs,002,CibleWazuh,,,/var/log/suricata/eve.json,,0,,,1
2026-07-14T15:25:11.827+0000,86601,3,"[""ids"", ""suricata""]",Suricata: Alert - SURICATA STREAM 3way handshake excessive different SYNs,002,CibleWazuh,,,/var/log/suricata/eve.json,,0,,,1
2026-07-14T15:31:05.700+0000,86601,3,"[""ids"", ""suricata""]",Suricata: Alert - SURICATA STREAM 3way handshake excessive different SYNs,002,CibleWazuh,,,/var/log/suricata/eve.json,,0,,,1
2026-07-14T15:25:09.751+0000,86601,3,"[""ids"", ""suricata""]",Suricata: Alert - SURICATA STREAM 3way handshake excessive different SYNs,002,CibleWazuh,,,/var/log/suricata/eve.json,,0,,,1
2026-07-14T15:31:07.549+0000,86601,3,"[""ids"", ""suricata""]",Suricata: Alert - SURICATA STREAM 3way handshake excessive different SYNs,002,CibleWazuh,,,/var/log/suricata/eve.json,,0,,,1
2026-07-14T15:38:02.181+0000,86601,3,"[""ids"", ""suricata""]",Suricata: Alert - SURICATA STREAM 3way handshake excessive different SYNs,002,CibleWazuh,,,/var/log/suricata/eve.json,,0,,,1
2026-07-14T15:31:16.403+0000,86601,3,"[""ids"", ""suricata""]",Suricata: Alert - SURICATA STREAM 3way handshake excessive different SYNs,002,CibleWazuh,,,/var/log/suricata/eve.json,,0,,,1
2026-07-14T15:31:09.961+0000,86601,3,"[""ids"", ""suricata""]",Suricata: Alert - SURICATA STREAM 3way handshake excessive different SYNs,002,CibleWazuh,,,/var/log/suricata/eve.json,,0,,,1
2026-07-14T14:18:29.380+0000,5501,3,"[""pam"", ""syslog"", ""authentication_success""]",PAM: Login session opened.,002,CibleWazuh,,vboxuser,journald,Jul 14 14:18:28 CibleWazuh sshd[8169]: pam_unix(sshd:session): session opened for user vboxuser(uid=1000) by (uid=0),1,TG-0002,malicious_bruteforce,0
2026-07-14T15:25:16.805+0000,86601,3,"[""ids"", ""suricata""]",Suricata: Alert - SURICATA STREAM 3way handshake excessive different SYNs,002,CibleWazuh,,,/var/log/suricata/eve.json,,0,,,1
2026-07-14T15:30:59.115+0000,86601,3,"[""ids"", ""suricata""]",Suricata: Alert - SURICATA STREAM 3way handshake excessive different SYNs,002,CibleWazuh,,,/var/log/suricata/eve.json,,0,,,1
2026-07-14T15:25:07.601+0000,86601,3,"[""ids"", ""suricata""]",Suricata: Alert - SURICATA STREAM 3way handshake excessive different SYNs,002,CibleWazuh,,,/var/log/suricata/eve.json,,0,,,1
2026-07-14T15:38:00.955+0000,86601,3,"[""ids"", ""suricata""]",Suricata: Alert - SURICATA STREAM 3way handshake excessive different SYNs,002,CibleWazuh,,,/var/log/suricata/eve.json,,0,,,1
2026-07-14T15:31:11.567+0000,86601,3,"[""ids"", ""suricata""]",Suricata: Alert - SURICATA STREAM 3way handshake excessive different SYNs,002,CibleWazuh,,,/var/log/suricata/eve.json,,0,,,1
2026-07-14T15:26:27.634+0000,86601,3,"[""ids"", ""suricata""]",Suricata: Alert - SURICATA STREAM 3way handshake excessive different SYNs,002,CibleWazuh,,,/var/log/suricata/eve.json,,0,,,1
2026-07-14T15:37:58.812+0000,86601,3,"[""ids"", ""suricata""]",Suricata: Alert - SURICATA STREAM 3way handshake excessive different SYNs,002,CibleWazuh,,,/var/log/suricata/eve.json,,0,,,1
2026-07-14T15:25:30.248+0000,86601,3,"[""ids"", ""suricata""]",Suricata: Alert - SURICATA STREAM 3way handshake excessive different SYNs,002,CibleWazuh,,,/var/log/suricata/eve.json,,0,,,1
2026-07-14T15:37:54.559+0000,86601,3,"[""ids"", ""suricata""]",Suricata: Alert - SURICATA STREAM 3way handshake excessive different SYNs,002,CibleWazuh,,,/var/log/suricata/eve.json,,0,,,1
2026-07-14T15:25:33.300+0000,86601,3,"[""ids"", ""suricata""]",Suricata: Alert - SURICATA STREAM 3way handshake excessive different SYNs,002,CibleWazuh,,,/var/log/suricata/eve.json,,0,,,1
2026-07-14T15:25:40.175+0000,86601,3,"[""ids"", ""suricata""]",Suricata: Alert - SURICATA STREAM 3way handshake excessive different SYNs,002,CibleWazuh,,,/var/log/suricata/eve.json,,0,,,1
2026-07-14T15:31:16.904+0000,86601,3,"[""ids"", ""suricata""]",Suricata: Alert - SURICATA STREAM 3way handshake excessive different SYNs,002,CibleWazuh,,,/var/log/suricata/eve.json,,0,,,1
2026-07-14T15:30:55.955+0000,86601,3,"[""ids"", ""suricata""]",Suricata: Alert - SURICATA STREAM 3way handshake excessive different SYNs,002,CibleWazuh,,,/var/log/suricata/eve.json,,0,,,1
2026-07-14T15:27:55.831+0000,86601,3,"[""ids"", ""suricata""]",Suricata: Alert - SURICATA STREAM 3way handshake excessive different SYNs,002,CibleWazuh,,,/var/log/suricata/eve.json,,0,,,1
2026-07-14T15:27:44.151+0000,86601,3,"[""ids"", ""suricata""]",Suricata: Alert - SURICATA STREAM 3way handshake excessive different SYNs,002,CibleWazuh,,,/var/log/suricata/eve.json,,0,,,1
2026-07-14T15:26:19.047+0000,86601,3,"[""ids"", ""suricata""]",Suricata: Alert - SURICATA STREAM 3way handshake excessive different SYNs,002,CibleWazuh,,,/var/log/suricata/eve.json,,0,,,1
2026-07-14T15:27:48.274+0000,86601,3,"[""ids"", ""suricata""]",Suricata: Alert - SURICATA STREAM 3way handshake excessive different SYNs,002,CibleWazuh,,,/var/log/suricata/eve.json,,0,,,1
2026-07-14T15:27:53.748+0000,86601,3,"[""ids"", ""suricata""]",Suricata: Alert - SURICATA STREAM 3way handshake excessive different SYNs,002,CibleWazuh,,,/var/log/suricata/eve.json,,0,,,1
2026-07-14T15:24:57.639+0000,86601,3,"[""ids"", ""suricata""]",Suricata: Alert - SURICATA STREAM 3way handshake excessive different SYNs,002,CibleWazuh,,,/var/log/suricata/eve.json,,0,,,1
2026-07-14T15:25:27.291+0000,86601,3,"[""ids"", ""suricata""]",Suricata: Alert - SURICATA STREAM 3way handshake excessive different SYNs,002,CibleWazuh,,,/var/log/suricata/eve.json,,0,,,1
2026-07-14T13:39:20.354+0000,2902,7,"[""syslog"", ""dpkg"", ""config_changed""]",New dpkg (Debian Package) installed.,000,UbuntuWazuh,,,/var/log/dpkg.log,2026-07-14 13:39:19 status installed man-db:amd64 2.12.0-4build2,0,,,0
2026-07-14T15:38:02.408+0000,86601,3,"[""ids"", ""suricata""]",Suricata: Alert - SURICATA STREAM 3way handshake excessive different SYNs,002,CibleWazuh,,,/var/log/suricata/eve.json,,0,,,1
2026-07-14T15:26:08.988+0000,86601,3,"[""ids"", ""suricata""]",Suricata: Alert - SURICATA STREAM 3way handshake excessive different SYNs,002,CibleWazuh,,,/var/log/suricata/eve.json,,0,,,1
2026-07-14T15:27:49.008+0000,86601,3,"[""ids"", ""suricata""]",Suricata: Alert - SURICATA STREAM 3way handshake excessive different SYNs,002,CibleWazuh,,,/var/log/suricata/eve.json,,0,,,1
2026-07-14T15:26:22.905+0000,86601,3,"[""ids"", ""suricata""]",Suricata: Alert - SURICATA STREAM 3way handshake excessive different SYNs,002,CibleWazuh,,,/var/log/suricata/eve.json,,0,,,1
2026-07-14T15:24:58.486+0000,86601,3,"[""ids"", ""suricata""]",Suricata: Alert - SURICATA STREAM 3way handshake excessive different SYNs,002,CibleWazuh,,,/var/log/suricata/eve.json,,0,,,1
2026-07-14T15:31:02.552+0000,86601,3,"[""ids"", ""suricata""]",Suricata: Alert - SURICATA STREAM 3way handshake excessive different SYNs,002,CibleWazuh,,,/var/log/suricata/eve.json,,0,,,1
2026-07-14T15:25:08.535+0000,86601,3,"[""ids"", ""suricata""]",Suricata: Alert - SURICATA STREAM 3way handshake excessive different SYNs,002,CibleWazuh,,,/var/log/suricata/eve.json,,0,,,1
2026-07-14T15:26:14.555+0000,86601,3,"[""ids"", ""suricata""]",Suricata: Alert - SURICATA STREAM 3way handshake excessive different SYNs,002,CibleWazuh,,,/var/log/suricata/eve.json,,0,,,1
2026-07-14T15:31:10.301+0000,86601,3,"[""ids"", ""suricata""]",Suricata: Alert - SURICATA STREAM 3way handshake excessive different SYNs,002,CibleWazuh,,,/var/log/suricata/eve.json,,0,,,1
2026-07-14T15:24:55.332+0000,86601,3,"[""ids"", ""suricata""]",Suricata: Alert - SURICATA STREAM 3way handshake excessive different SYNs,002,CibleWazuh,,,/var/log/suricata/eve.json,,0,,,1
2026-07-14T15:27:55.038+0000,86601,3,"[""ids"", ""suricata""]",Suricata: Alert - SURICATA STREAM 3way handshake excessive different SYNs,002,CibleWazuh,,,/var/log/suricata/eve.json,,0,,,1
2026-07-14T15:31:11.995+0000,86601,3,"[""ids"", ""suricata""]",Suricata: Alert - SURICATA STREAM 3way handshake excessive different SYNs,002,CibleWazuh,,,/var/log/suricata/eve.json,,0,,,1
2026-07-14T15:25:11.726+0000,86601,3,"[""ids"", ""suricata""]",Suricata: Alert - SURICATA STREAM 3way handshake excessive different SYNs,002,CibleWazuh,,,/var/log/suricata/eve.json,,0,,,1
2026-07-14T15:26:12.742+0000,86601,3,"[""ids"", ""suricata""]",Suricata: Alert - SURICATA STREAM 3way handshake excessive different SYNs,002,CibleWazuh,,,/var/log/suricata/eve.json,,0,,,1
2026-07-14T15:25:36.853+0000,86601,3,"[""ids"", ""suricata""]",Suricata: Alert - SURICATA STREAM 3way handshake excessive different SYNs,002,CibleWazuh,,,/var/log/suricata/eve.json,,0,,,1
2026-07-14T15:26:14.733+0000,86601,3,"[""ids"", ""suricata""]",Suricata: Alert - SURICATA STREAM 3way handshake excessive different SYNs,002,CibleWazuh,,,/var/log/suricata/eve.json,,0,,,1
2026-07-14T15:26:26.407+0000,86601,3,"[""ids"", ""suricata""]",Suricata: Alert - SURICATA STREAM 3way handshake excessive different SYNs,002,CibleWazuh,,,/var/log/suricata/eve.json,,0,,,1
2026-07-14T15:31:13.604+0000,86601,3,"[""ids"", ""suricata""]",Suricata: Alert - SURICATA STREAM 3way handshake excessive different SYNs,002,CibleWazuh,,,/var/log/suricata/eve.json,,0,,,1
2026-07-14T15:27:41.344+0000,86601,3,"[""ids"", ""suricata""]",Suricata: Alert - SURICATA STREAM 3way handshake excessive different SYNs,002,CibleWazuh,,,/var/log/suricata/eve.json,,0,,,1
2026-07-14T15:27:43.876+0000,86601,3,"[""ids"", ""suricata""]",Suricata: Alert - SURICATA STREAM 3way handshake excessive different SYNs,002,CibleWazuh,,,/var/log/suricata/eve.json,,0,,,1
2026-07-14T15:37:56.464+0000,86601,3,"[""ids"", ""suricata""]",Suricata: Alert - SURICATA STREAM 3way handshake excessive different SYNs,002,CibleWazuh,,,/var/log/suricata/eve.json,,0,,,1
2026-07-14T15:27:53.462+0000,86601,3,"[""ids"", ""suricata""]",Suricata: Alert - SURICATA STREAM 3way handshake excessive different SYNs,002,CibleWazuh,,,/var/log/suricata/eve.json,,0,,,1
2026-07-14T15:38:02.678+0000,86601,3,"[""ids"", ""suricata""]",Suricata: Alert - SURICATA STREAM 3way handshake excessive different SYNs,002,CibleWazuh,,,/var/log/suricata/eve.json,,0,,,1
2026-07-14T15:25:05.999+0000,86601,3,"[""ids"", ""suricata""]",Suricata: Alert - SURICATA STREAM 3way handshake excessive different SYNs,002,CibleWazuh,,,/var/log/suricata/eve.json,,0,,,1
2026-07-14T15:31:14.183+0000,86601,3,"[""ids"", ""suricata""]",Suricata: Alert - SURICATA STREAM 3way handshake excessive different SYNs,002,CibleWazuh,,,/var/log/suricata/eve.json,,0,,,1
2026-07-14T15:25:05.159+0000,86601,3,"[""ids"", ""suricata""]",Suricata: Alert - SURICATA STREAM 3way handshake excessive different SYNs,002,CibleWazuh,,,/var/log/suricata/eve.json,,0,,,1
2026-07-14T15:25:31.124+0000,86601,3,"[""ids"", ""suricata""]",Suricata: Alert - SURICATA STREAM 3way handshake excessive different SYNs,002,CibleWazuh,,,/var/log/suricata/eve.json,,0,,,1
2026-07-14T15:27:51.200+0000,86601,3,"[""ids"", ""suricata""]",Suricata: Alert - SURICATA STREAM 3way handshake excessive different SYNs,002,CibleWazuh,,,/var/log/suricata/eve.json,,0,,,1
2026-07-14T15:25:10.049+0000,86601,3,"[""ids"", ""suricata""]",Suricata: Alert - SURICATA STREAM 3way handshake excessive different SYNs,002,CibleWazuh,,,/var/log/suricata/eve.json,,0,,,1
2026-07-14T14:43:11.859+0000,5715,3,"[""syslog"", ""sshd"", ""authentication_success""]",sshd: authentication success.,002,CibleWazuh,192.168.30.3,vboxuser,journald,Jul 14 14:43:10 CibleWazuh sshd[10086]: Accepted publickey for vboxuser from 192.168.30.3 port 33654 ssh2: ED25519 SHA256:20bmF6ePWf19PC7lAtzvSHwmvgK6SuGC7RGzx0eI6UY,0,,,0
2026-07-14T15:27:54.960+0000,86601,3,"[""ids"", ""suricata""]",Suricata: Alert - SURICATA STREAM 3way handshake excessive different SYNs,002,CibleWazuh,,,/var/log/suricata/eve.json,,0,,,1
2026-07-14T15:37:43.917+0000,86601,3,"[""ids"", ""suricata""]",Suricata: Alert - SURICATA STREAM 3way handshake excessive different SYNs,002,CibleWazuh,,,/var/log/suricata/eve.json,,0,,,1
2026-07-14T15:26:17.173+0000,86601,3,"[""ids"", ""suricata""]",Suricata: Alert - SURICATA STREAM 3way handshake excessive different SYNs,002,CibleWazuh,,,/var/log/suricata/eve.json,,0,,,1
2026-07-14T15:31:09.024+0000,86601,3,"[""ids"", ""suricata""]",Suricata: Alert - SURICATA STREAM 3way handshake excessive different SYNs,002,CibleWazuh,,,/var/log/suricata/eve.json,,0,,,1
2026-07-14T15:26:23.166+0000,86601,3,"[""ids"", ""suricata""]",Suricata: Alert - SURICATA STREAM 3way handshake excessive different SYNs,002,CibleWazuh,,,/var/log/suricata/eve.json,,0,,,1
2026-07-14T15:25:14.106+0000,86601,3,"[""ids"", ""suricata""]",Suricata: Alert - SURICATA STREAM 3way handshake excessive different SYNs,002,CibleWazuh,,,/var/log/suricata/eve.json,,0,,,1
2026-07-14T15:31:14.004+0000,86601,3,"[""ids"", ""suricata""]",Suricata: Alert - SURICATA STREAM 3way handshake excessive different SYNs,002,CibleWazuh,,,/var/log/suricata/eve.json,,0,,,1
2026-07-14T14:18:29.375+0000,86601,3,"[""ids"", ""suricata""]",Suricata: Alert - ET SCAN NMAP TCP connect -sT,002,CibleWazuh,,,/var/log/suricata/eve.json,,1,TG-0002,malicious_bruteforce,1
2026-07-14T14:59:42.661+0000,5402,3,"[""syslog"", ""sudo""]",Successful sudo to ROOT executed.,002,CibleWazuh,,root,journald,Jul 14 14:59:41 CibleWazuh sudo[12647]: vboxuser : PWD=/home/vboxuser ; USER=root ; COMMAND=/usr/bin/grep -c 2026-07-14T14:5 /var/log/suricata/eve.json,0,,,0
2026-07-14T15:27:45.860+0000,86601,3,"[""ids"", ""suricata""]",Suricata: Alert - SURICATA STREAM 3way handshake excessive different SYNs,002,CibleWazuh,,,/var/log/suricata/eve.json,,0,,,1
2026-07-14T14:58:24.592+0000,5551,10,"[""pam"", ""syslog"", ""authentication_failures""]",PAM: Multiple failed logins in a small period of time.,002,CibleWazuh,192.168.30.10,vboxuser,journald,Jul 14 14:58:23 CibleWazuh sshd[12305]: pam_unix(sshd:auth): authentication failure; logname= uid=0 euid=0 tty=ssh ruser= rhost=192.168.30.10  user=vboxuser,1,TG-0031,malicious_bruteforce,0
2026-07-14T14:36:47.296+0000,5402,3,"[""syslog"", ""sudo""]",Successful sudo to ROOT executed.,000,UbuntuWazuh,,root,journald,Jul 14 14:36:46 UbuntuWazuh sudo[22071]: vboxuser : TTY=pts/1 ; PWD=/home/vboxuser/wazuh-test/fix ; USER=root ; COMMAND=/usr/bin/bash /home/vboxuser/wazuh-test/fix/fix.sh,0,,,0
2026-07-14T15:37:59.696+0000,86601,3,"[""ids"", ""suricata""]",Suricata: Alert - SURICATA STREAM 3way handshake excessive different SYNs,002,CibleWazuh,,,/var/log/suricata/eve.json,,0,,,1
2026-07-14T15:25:18.022+0000,86601,3,"[""ids"", ""suricata""]",Suricata: Alert - SURICATA STREAM 3way handshake excessive different SYNs,002,CibleWazuh,,,/var/log/suricata/eve.json,,0,,,1
2026-07-14T15:37:52.014+0000,86601,3,"[""ids"", ""suricata""]",Suricata: Alert - SURICATA STREAM 3way handshake excessive different SYNs,002,CibleWazuh,,,/var/log/suricata/eve.json,,0,,,1
2026-07-14T15:25:36.968+0000,86601,3,"[""ids"", ""suricata""]",Suricata: Alert - SURICATA STREAM 3way handshake excessive different SYNs,002,CibleWazuh,,,/var/log/suricata/eve.json,,0,,,1
2026-07-14T15:18:15.025+0000,86601,3,"[""ids"", ""suricata""]",Suricata: Alert - ET SCAN NMAP OS fingerprint,002,CibleWazuh,,,/var/log/suricata/eve.json,,1,PARROT-HPING-01,malicious_dos_flood,1
2026-07-14T15:27:54.830+0000,86601,3,"[""ids"", ""suricata""]",Suricata: Alert - SURICATA STREAM 3way handshake excessive different SYNs,002,CibleWazuh,,,/var/log/suricata/eve.json,,0,,,1
2026-07-14T15:25:30.729+0000,86601,3,"[""ids"", ""suricata""]",Suricata: Alert - SURICATA STREAM 3way handshake excessive different SYNs,002,CibleWazuh,,,/var/log/suricata/eve.json,,0,,,1
2026-07-14T15:37:52.012+0000,86601,3,"[""ids"", ""suricata""]",Suricata: Alert - SURICATA STREAM 3way handshake excessive different SYNs,002,CibleWazuh,,,/var/log/suricata/eve.json,,0,,,1
2026-07-14T15:27:56.780+0000,86601,3,"[""ids"", ""suricata""]",Suricata: Alert - SURICATA STREAM 3way handshake excessive different SYNs,002,CibleWazuh,,,/var/log/suricata/eve.json,,0,,,1
2026-07-14T15:25:00.809+0000,86601,3,"[""ids"", ""suricata""]",Suricata: Alert - SURICATA STREAM 3way handshake excessive different SYNs,002,CibleWazuh,,,/var/log/suricata/eve.json,,0,,,1
2026-07-14T15:25:37.915+0000,86601,3,"[""ids"", ""suricata""]",Suricata: Alert - SURICATA STREAM 3way handshake excessive different SYNs,002,CibleWazuh,,,/var/log/suricata/eve.json,,0,,,1
2026-07-14T15:27:53.758+0000,86601,3,"[""ids"", ""suricata""]",Suricata: Alert - SURICATA STREAM 3way handshake excessive different SYNs,002,CibleWazuh,,,/var/log/suricata/eve.json,,0,,,1
2026-07-14T15:27:55.806+0000,86601,3,"[""ids"", ""suricata""]",Suricata: Alert - SURICATA STREAM 3way handshake excessive different SYNs,002,CibleWazuh,,,/var/log/suricata/eve.json,,0,,,1
2026-07-14T15:30:56.785+0000,86601,3,"[""ids"", ""suricata""]",Suricata: Alert - SURICATA STREAM 3way handshake excessive different SYNs,002,CibleWazuh,,,/var/log/suricata/eve.json,,0,,,1
2026-07-14T15:24:56.595+0000,86601,3,"[""ids"", ""suricata""]",Suricata: Alert - SURICATA STREAM 3way handshake excessive different SYNs,002,CibleWazuh,,,/var/log/suricata/eve.json,,0,,,1
2026-07-14T15:27:40.279+0000,86601,3,"[""ids"", ""suricata""]",Suricata: Alert - SURICATA STREAM 3way handshake excessive different SYNs,002,CibleWazuh,,,/var/log/suricata/eve.json,,0,,,1
2026-07-14T15:27:53.810+0000,86601,3,"[""ids"", ""suricata""]",Suricata: Alert - SURICATA STREAM 3way handshake excessive different SYNs,002,CibleWazuh,,,/var/log/suricata/eve.json,,0,,,1
2026-07-14T15:28:18.129+0000,86601,3,"[""ids"", ""suricata""]",Suricata: Alert - ET SCAN Port scan detected,002,CibleWazuh,,,/var/log/suricata/eve.json,,0,,,1
2026-07-14T15:26:20.671+0000,86601,3,"[""ids"", ""suricata""]",Suricata: Alert - SURICATA STREAM 3way handshake excessive different SYNs,002,CibleWazuh,,,/var/log/suricata/eve.json,,0,,,1
2026-07-14T15:24:55.010+0000,86601,3,"[""ids"", ""suricata""]",Suricata: Alert - SURICATA STREAM 3way handshake excessive different SYNs,002,CibleWazuh,,,/var/log/suricata/eve.json,,0,,,1
2026-07-14T15:18:11.094+0000,5502,3,"[""pam"", ""syslog""]",PAM: Login session closed.,002,CibleWazuh,,vboxuser,journald,Jul 14 15:18:10 CibleWazuh sshd[14015]: pam_unix(sshd:session): session closed for user vboxuser,1,PARROT-NMAP-01,malicious_nmap,0
2026-07-14T15:31:08.132+0000,86601,3,"[""ids"", ""suricata""]",Suricata: Alert - SURICATA STREAM 3way handshake excessive different SYNs,002,CibleWazuh,,,/var/log/suricata/eve.json,,0,,,1
2026-07-14T15:26:17.213+0000,86601,3,"[""ids"", ""suricata""]",Suricata: Alert - SURICATA STREAM 3way handshake excessive different SYNs,002,CibleWazuh,,,/var/log/suricata/eve.json,,0,,,1
2026-07-14T15:24:56.263+0000,86601,3,"[""ids"", ""suricata""]",Suricata: Alert - SURICATA STREAM 3way handshake excessive different SYNs,002,CibleWazuh,,,/var/log/suricata/eve.json,,0,,,1
2026-07-14T15:25:19.963+0000,86601,3,"[""ids"", ""suricata""]",Suricata: Alert - SURICATA STREAM 3way handshake excessive different SYNs,002,CibleWazuh,,,/var/log/suricata/eve.json,,0,,,1
2026-07-14T15:26:19.750+0000,86601,3,"[""ids"", ""suricata""]",Suricata: Alert - SURICATA STREAM 3way handshake excessive different SYNs,002,CibleWazuh,,,/var/log/suricata/eve.json,,0,,,1
2026-07-14T15:25:22.632+0000,86601,3,"[""ids"", ""suricata""]",Suricata: Alert - SURICATA STREAM 3way handshake excessive different SYNs,002,CibleWazuh,,,/var/log/suricata/eve.json,,0,,,1
2026-07-14T15:25:01.914+0000,86601,3,"[""ids"", ""suricata""]",Suricata: Alert - SURICATA STREAM 3way handshake excessive different SYNs,002,CibleWazuh,,,/var/log/suricata/eve.json,,0,,,1
2026-07-14T15:24:57.875+0000,86601,3,"[""ids"", ""suricata""]",Suricata: Alert - SURICATA STREAM 3way handshake excessive different SYNs,002,CibleWazuh,,,/var/log/suricata/eve.json,,0,,,1
2026-07-14T15:25:26.712+0000,86601,3,"[""ids"", ""suricata""]",Suricata: Alert - SURICATA STREAM 3way handshake excessive different SYNs,002,CibleWazuh,,,/var/log/suricata/eve.json,,0,,,1
2026-07-14T15:25:14.411+0000,86601,3,"[""ids"", ""suricata""]",Suricata: Alert - SURICATA STREAM 3way handshake excessive different SYNs,002,CibleWazuh,,,/var/log/suricata/eve.json,,0,,,1
2026-07-14T15:25:36.034+0000,86601,3,"[""ids"", ""suricata""]",Suricata: Alert - SURICATA STREAM 3way handshake excessive different SYNs,002,CibleWazuh,,,/var/log/suricata/eve.json,,0,,,1
2026-07-14T15:25:34.937+0000,86601,3,"[""ids"", ""suricata""]",Suricata: Alert - SURICATA STREAM 3way handshake excessive different SYNs,002,CibleWazuh,,,/var/log/suricata/eve.json,,0,,,1
2026-07-14T15:31:13.853+0000,86601,3,"[""ids"", ""suricata""]",Suricata: Alert - SURICATA STREAM 3way handshake excessive different SYNs,002,CibleWazuh,,,/var/log/suricata/eve.json,,0,,,1
2026-07-14T15:27:48.807+0000,86601,3,"[""ids"", ""suricata""]",Suricata: Alert - SURICATA STREAM 3way handshake excessive different SYNs,002,CibleWazuh,,,/var/log/suricata/eve.json,,0,,,1
2026-07-14T15:26:22.385+0000,86601,3,"[""ids"", ""suricata""]",Suricata: Alert - SURICATA STREAM 3way handshake excessive different SYNs,002,CibleWazuh,,,/var/log/suricata/eve.json,,0,,,1
2026-07-14T15:25:13.275+0000,86601,3,"[""ids"", ""suricata""]",Suricata: Alert - SURICATA STREAM 3way handshake excessive different SYNs,002,CibleWazuh,,,/var/log/suricata/eve.json,,0,,,1
2026-07-14T15:25:09.159+0000,86601,3,"[""ids"", ""suricata""]",Suricata: Alert - SURICATA STREAM 3way handshake excessive different SYNs,002,CibleWazuh,,,/var/log/suricata/eve.json,,0,,,1
2026-07-14T13:54:49.571+0000,5402,3,"[""syslog"", ""sudo""]",Successful sudo to ROOT executed.,000,UbuntuWazuh,,root,journald,Jul 14 13:54:49 UbuntuWazuh sudo[11696]: vboxuser : TTY=pts/1 ; PWD=/home/vboxuser ; USER=root ; COMMAND=/usr/sbin/ufw default allow outgoing,0,,,0
2026-07-14T15:37:58.161+0000,86601,3,"[""ids"", ""suricata""]",Suricata: Alert - SURICATA STREAM 3way handshake excessive different SYNs,002,CibleWazuh,,,/var/log/suricata/eve.json,,0,,,1
2026-07-14T15:25:12.713+0000,86601,3,"[""ids"", ""suricata""]",Suricata: Alert - SURICATA STREAM 3way handshake excessive different SYNs,002,CibleWazuh,,,/var/log/suricata/eve.json,,0,,,1
2026-07-14T15:38:00.406+0000,86601,3,"[""ids"", ""suricata""]",Suricata: Alert - SURICATA STREAM 3way handshake excessive different SYNs,002,CibleWazuh,,,/var/log/suricata/eve.json,,0,,,1
2026-07-14T15:37:43.380+0000,86601,3,"[""ids"", ""suricata""]",Suricata: Alert - SURICATA STREAM 3way handshake excessive different SYNs,002,CibleWazuh,,,/var/log/suricata/eve.json,,0,,,1
2026-07-14T15:26:22.496+0000,86601,3,"[""ids"", ""suricata""]",Suricata: Alert - SURICATA STREAM 3way handshake excessive different SYNs,002,CibleWazuh,,,/var/log/suricata/eve.json,,0,,,1
2026-07-14T15:31:11.827+0000,86601,3,"[""ids"", ""suricata""]",Suricata: Alert - SURICATA STREAM 3way handshake excessive different SYNs,002,CibleWazuh,,,/var/log/suricata/eve.json,,0,,,1
2026-07-14T15:25:03.575+0000,86601,3,"[""ids"", ""suricata""]",Suricata: Alert - SURICATA STREAM 3way handshake excessive different SYNs,002,CibleWazuh,,,/var/log/suricata/eve.json,,0,,,1
2026-07-14T15:31:12.832+0000,86601,3,"[""ids"", ""suricata""]",Suricata: Alert - SURICATA STREAM 3way handshake excessive different SYNs,002,CibleWazuh,,,/var/log/suricata/eve.json,,0,,,1
2026-07-14T15:25:22.576+0000,86601,3,"[""ids"", ""suricata""]",Suricata: Alert - SURICATA STREAM 3way handshake excessive different SYNs,002,CibleWazuh,,,/var/log/suricata/eve.json,,0,,,1
2026-07-14T15:25:22.681+0000,86601,3,"[""ids"", ""suricata""]",Suricata: Alert - SURICATA STREAM 3way handshake excessive different SYNs,002,CibleWazuh,,,/var/log/suricata/eve.json,,0,,,1
2026-07-14T15:25:17.519+0000,86601,3,"[""ids"", ""suricata""]",Suricata: Alert - SURICATA STREAM 3way handshake excessive different SYNs,002,CibleWazuh,,,/var/log/suricata/eve.json,,0,,,1
2026-07-14T15:25:02.614+0000,86601,3,"[""ids"", ""suricata""]",Suricata: Alert - SURICATA STREAM 3way handshake excessive different SYNs,002,CibleWazuh,,,/var/log/suricata/eve.json,,0,,,1
2026-07-14T15:25:08.120+0000,86601,3,"[""ids"", ""suricata""]",Suricata: Alert - SURICATA STREAM 3way handshake excessive different SYNs,002,CibleWazuh,,,/var/log/suricata/eve.json,,0,,,1
2026-07-14T15:25:07.875+0000,86601,3,"[""ids"", ""suricata""]",Suricata: Alert - SURICATA STREAM 3way handshake excessive different SYNs,002,CibleWazuh,,,/var/log/suricata/eve.json,,0,,,1
2026-07-14T15:25:36.483+0000,86601,3,"[""ids"", ""suricata""]",Suricata: Alert - SURICATA STREAM 3way handshake excessive different SYNs,002,CibleWazuh,,,/var/log/suricata/eve.json,,0,,,1
2026-07-14T15:26:23.696+0000,86601,3,"[""ids"", ""suricata""]",Suricata: Alert - SURICATA STREAM 3way handshake excessive different SYNs,002,CibleWazuh,,,/var/log/suricata/eve.json,,0,,,1
2026-07-14T14:38:12.729+0000,23502,3,"[""vulnerability-detector""]",The CVE-2026-35386 that affected openssh-client was solved due to an update in the agent or feed.,002,CibleWazuh,,,vulnerability-detector,,0,,,0
2026-07-14T15:37:56.402+0000,86601,3,"[""ids"", ""suricata""]",Suricata: Alert - SURICATA STREAM 3way handshake excessive different SYNs,002,CibleWazuh,,,/var/log/suricata/eve.json,,0,,,1
2026-07-14T15:27:53.739+0000,86601,3,"[""ids"", ""suricata""]",Suricata: Alert - SURICATA STREAM 3way handshake excessive different SYNs,002,CibleWazuh,,,/var/log/suricata/eve.json,,0,,,1
2026-07-14T15:26:47.954+0000,86601,3,"[""ids"", ""suricata""]",Suricata: Alert - ET SCAN Port scan detected,002,CibleWazuh,,,/var/log/suricata/eve.json,,0,,,1
2026-07-14T13:59:20.902+0000,5502,3,"[""pam"", ""syslog""]",PAM: Login session closed.,002,CibleWazuh,,root,journald,Jul 14 13:59:20 CibleWazuh sudo[5839]: pam_unix(sudo:session): session closed for user root,0,,,0
2026-07-14T15:25:40.367+0000,86601,3,"[""ids"", ""suricata""]",Suricata: Alert - SURICATA STREAM 3way handshake excessive different SYNs,002,CibleWazuh,,,/var/log/suricata/eve.json,,0,,,1
2026-07-14T15:25:13.405+0000,86601,3,"[""ids"", ""suricata""]",Suricata: Alert - SURICATA STREAM 3way handshake excessive different SYNs,002,CibleWazuh,,,/var/log/suricata/eve.json,,0,,,1
2026-07-14T15:31:01.825+0000,86601,3,"[""ids"", ""suricata""]",Suricata: Alert - SURICATA STREAM 3way handshake excessive different SYNs,002,CibleWazuh,,,/var/log/suricata/eve.json,,0,,,1
2026-07-14T15:26:18.843+0000,86601,3,"[""ids"", ""suricata""]",Suricata: Alert - SURICATA STREAM 3way handshake excessive different SYNs,002,CibleWazuh,,,/var/log/suricata/eve.json,,0,,,1
2026-07-14T15:25:29.301+0000,86601,3,"[""ids"", ""suricata""]",Suricata: Alert - SURICATA STREAM 3way handshake excessive different SYNs,002,CibleWazuh,,,/var/log/suricata/eve.json,,0,,,1
2026-07-14T15:25:20.834+0000,86601,3,"[""ids"", ""suricata""]",Suricata: Alert - SURICATA STREAM 3way handshake excessive different SYNs,002,CibleWazuh,,,/var/log/suricata/eve.json,,0,,,1
2026-07-14T15:18:11.076+0000,5501,3,"[""pam"", ""syslog"", ""authentication_success""]",PAM: Login session opened.,002,CibleWazuh,,vboxuser,journald,Jul 14 15:18:10 CibleWazuh sshd[14015]: pam_unix(sshd:session): session opened for user vboxuser(uid=1000) by (uid=0),1,PARROT-NMAP-01,malicious_nmap,0
2026-07-14T15:25:25.076+0000,86601,3,"[""ids"", ""suricata""]",Suricata: Alert - SURICATA STREAM 3way handshake excessive different SYNs,002,CibleWazuh,,,/var/log/suricata/eve.json,,0,,,1
2026-07-14T15:25:08.669+0000,86601,3,"[""ids"", ""suricata""]",Suricata: Alert - SURICATA STREAM 3way handshake excessive different SYNs,002,CibleWazuh,,,/var/log/suricata/eve.json,,0,,,1
2026-07-14T15:37:56.901+0000,86601,3,"[""ids"", ""suricata""]",Suricata: Alert - SURICATA STREAM 3way handshake excessive different SYNs,002,CibleWazuh,,,/var/log/suricata/eve.json,,0,,,1
2026-07-14T15:37:57.413+0000,86601,3,"[""ids"", ""suricata""]",Suricata: Alert - SURICATA STREAM 3way handshake excessive different SYNs,002,CibleWazuh,,,/var/log/suricata/eve.json,,0,,,1
2026-07-14T15:31:04.138+0000,86601,3,"[""ids"", ""suricata""]",Suricata: Alert - SURICATA STREAM 3way handshake excessive different SYNs,002,CibleWazuh,,,/var/log/suricata/eve.json,,0,,,1
2026-07-14T15:26:12.566+0000,86601,3,"[""ids"", ""suricata""]",Suricata: Alert - SURICATA STREAM 3way handshake excessive different SYNs,002,CibleWazuh,,,/var/log/suricata/eve.json,,0,,,1
2026-07-14T15:25:00.978+0000,86601,3,"[""ids"", ""suricata""]",Suricata: Alert - SURICATA STREAM 3way handshake excessive different SYNs,002,CibleWazuh,,,/var/log/suricata/eve.json,,0,,,1
2026-07-14T15:26:17.030+0000,86601,3,"[""ids"", ""suricata""]",Suricata: Alert - SURICATA STREAM 3way handshake excessive different SYNs,002,CibleWazuh,,,/var/log/suricata/eve.json,,0,,,1
2026-07-14T15:31:00.986+0000,86601,3,"[""ids"", ""suricata""]",Suricata: Alert - SURICATA STREAM 3way handshake excessive different SYNs,002,CibleWazuh,,,/var/log/suricata/eve.json,,0,,,1
2026-07-14T15:37:52.656+0000,86601,3,"[""ids"", ""suricata""]",Suricata: Alert - SURICATA STREAM 3way handshake excessive different SYNs,002,CibleWazuh,,,/var/log/suricata/eve.json,,0,,,1
2026-07-14T15:26:18.299+0000,86601,3,"[""ids"", ""suricata""]",Suricata: Alert - SURICATA STREAM 3way handshake excessive different SYNs,002,CibleWazuh,,,/var/log/suricata/eve.json,,0,,,1
2026-07-14T15:25:39.538+0000,86601,3,"[""ids"", ""suricata""]",Suricata: Alert - SURICATA STREAM 3way handshake excessive different SYNs,002,CibleWazuh,,,/var/log/suricata/eve.json,,0,,,1
2026-07-14T15:26:12.226+0000,86601,3,"[""ids"", ""suricata""]",Suricata: Alert - SURICATA STREAM 3way handshake excessive different SYNs,002,CibleWazuh,,,/var/log/suricata/eve.json,,0,,,1
2026-07-14T15:25:11.387+0000,86601,3,"[""ids"", ""suricata""]",Suricata: Alert - SURICATA STREAM 3way handshake excessive different SYNs,002,CibleWazuh,,,/var/log/suricata/eve.json,,0,,,1
2026-07-14T15:27:53.510+0000,86601,3,"[""ids"", ""suricata""]",Suricata: Alert - SURICATA STREAM 3way handshake excessive different SYNs,002,CibleWazuh,,,/var/log/suricata/eve.json,,0,,,1
2026-07-14T15:25:18.217+0000,86601,3,"[""ids"", ""suricata""]",Suricata: Alert - SURICATA STREAM 3way handshake excessive different SYNs,002,CibleWazuh,,,/var/log/suricata/eve.json,,0,,,1
2026-07-14T15:25:12.938+0000,86601,3,"[""ids"", ""suricata""]",Suricata: Alert - SURICATA STREAM 3way handshake excessive different SYNs,002,CibleWazuh,,,/var/log/suricata/eve.json,,0,,,1
2026-07-14T15:25:41.463+0000,86601,3,"[""ids"", ""suricata""]",Suricata: Alert - SURICATA STREAM 3way handshake excessive different SYNs,002,CibleWazuh,,,/var/log/suricata/eve.json,,0,,,1
2026-07-14T15:25:03.231+0000,86601,3,"[""ids"", ""suricata""]",Suricata: Alert - SURICATA STREAM 3way handshake excessive different SYNs,002,CibleWazuh,,,/var/log/suricata/eve.json,,0,,,1
2026-07-14T15:31:09.884+0000,86601,3,"[""ids"", ""suricata""]",Suricata: Alert - SURICATA STREAM 3way handshake excessive different SYNs,002,CibleWazuh,,,/var/log/suricata/eve.json,,0,,,1
2026-07-14T15:25:41.266+0000,86601,3,"[""ids"", ""suricata""]",Suricata: Alert - SURICATA STREAM 3way handshake excessive different SYNs,002,CibleWazuh,,,/var/log/suricata/eve.json,,0,,,1
2026-07-14T15:14:56.946+0000,86601,3,"[""ids"", ""suricata""]",Suricata: Alert - ET SCAN NMAP TCP connect -sT,002,CibleWazuh,,,/var/log/suricata/eve.json,,0,,,1
2026-07-14T15:31:13.422+0000,86601,3,"[""ids"", ""suricata""]",Suricata: Alert - SURICATA STREAM 3way handshake excessive different SYNs,002,CibleWazuh,,,/var/log/suricata/eve.json,,0,,,1
2026-07-14T15:39:57.983+0000,86601,3,"[""ids"", ""suricata""]",Suricata: Alert - ET SCAN NMAP TCP connect -sT,002,CibleWazuh,,,/var/log/suricata/eve.json,,0,,,1
2026-07-14T15:31:10.177+0000,86601,3,"[""ids"", ""suricata""]",Suricata: Alert - SURICATA STREAM 3way handshake excessive different SYNs,002,CibleWazuh,,,/var/log/suricata/eve.json,,0,,,1
2026-07-14T15:26:20.159+0000,86601,3,"[""ids"", ""suricata""]",Suricata: Alert - SURICATA STREAM 3way handshake excessive different SYNs,002,CibleWazuh,,,/var/log/suricata/eve.json,,0,,,1
2026-07-14T15:27:55.460+0000,86601,3,"[""ids"", ""suricata""]",Suricata: Alert - SURICATA STREAM 3way handshake excessive different SYNs,002,CibleWazuh,,,/var/log/suricata/eve.json,,0,,,1
2026-07-14T15:37:43.744+0000,86601,3,"[""ids"", ""suricata""]",Suricata: Alert - SURICATA STREAM 3way handshake excessive different SYNs,002,CibleWazuh,,,/var/log/suricata/eve.json,,0,,,1
2026-07-14T15:30:52.328+0000,86601,3,"[""ids"", ""suricata""]",Suricata: Alert - SURICATA STREAM 3way handshake excessive different SYNs,002,CibleWazuh,,,/var/log/suricata/eve.json,,0,,,1
2026-07-14T15:25:00.908+0000,86601,3,"[""ids"", ""suricata""]",Suricata: Alert - SURICATA STREAM 3way handshake excessive different SYNs,002,CibleWazuh,,,/var/log/suricata/eve.json,,0,,,1
2026-07-14T15:24:51.431+0000,86601,3,"[""ids"", ""suricata""]",Suricata: Alert - SURICATA STREAM 3way handshake excessive different SYNs,002,CibleWazuh,,,/var/log/suricata/eve.json,,0,,,1
2026-07-14T15:31:13.873+0000,86601,3,"[""ids"", ""suricata""]",Suricata: Alert - SURICATA STREAM 3way handshake excessive different SYNs,002,CibleWazuh,,,/var/log/suricata/eve.json,,0,,,1
2026-07-14T15:31:13.639+0000,86601,3,"[""ids"", ""suricata""]",Suricata: Alert - SURICATA STREAM 3way handshake excessive different SYNs,002,CibleWazuh,,,/var/log/suricata/eve.json,,0,,,1
2026-07-14T15:25:02.398+0000,86601,3,"[""ids"", ""suricata""]",Suricata: Alert - SURICATA STREAM 3way handshake excessive different SYNs,002,CibleWazuh,,,/var/log/suricata/eve.json,,0,,,1
2026-07-14T15:25:14.807+0000,86601,3,"[""ids"", ""suricata""]",Suricata: Alert - SURICATA STREAM 3way handshake excessive different SYNs,002,CibleWazuh,,,/var/log/suricata/eve.json,,0,,,1
2026-07-14T15:24:55.517+0000,86601,3,"[""ids"", ""suricata""]",Suricata: Alert - SURICATA STREAM 3way handshake excessive different SYNs,002,CibleWazuh,,,/var/log/suricata/eve.json,,0,,,1
2026-07-14T14:40:27.757+0000,5402,3,"[""syslog"", ""sudo""]",Successful sudo to ROOT executed.,000,UbuntuWazuh,,root,journald,Jul 14 14:40:27 UbuntuWazuh sudo[23332]: vboxuser : PWD=/home/vboxuser/.openclaw/workspace ; USER=root ; COMMAND=/usr/bin/systemctl status wazuh-inference --no-pager,0,,,0
2026-07-14T15:30:55.261+0000,86601,3,"[""ids"", ""suricata""]",Suricata: Alert - SURICATA STREAM 3way handshake excessive different SYNs,002,CibleWazuh,,,/var/log/suricata/eve.json,,0,,,1
2026-07-14T15:26:21.721+0000,86601,3,"[""ids"", ""suricata""]",Suricata: Alert - SURICATA STREAM 3way handshake excessive different SYNs,002,CibleWazuh,,,/var/log/suricata/eve.json,,0,,,1
2026-07-14T15:24:55.512+0000,86601,3,"[""ids"", ""suricata""]",Suricata: Alert - SURICATA STREAM 3way handshake excessive different SYNs,002,CibleWazuh,,,/var/log/suricata/eve.json,,0,,,1
2026-07-14T15:31:15.695+0000,86601,3,"[""ids"", ""suricata""]",Suricata: Alert - SURICATA STREAM 3way handshake excessive different SYNs,002,CibleWazuh,,,/var/log/suricata/eve.json,,0,,,1
2026-07-14T15:30:57.367+0000,86601,3,"[""ids"", ""suricata""]",Suricata: Alert - SURICATA STREAM 3way handshake excessive different SYNs,002,CibleWazuh,,,/var/log/suricata/eve.json,,0,,,1
2026-07-14T15:26:21.764+0000,86601,3,"[""ids"", ""suricata""]",Suricata: Alert - SURICATA STREAM 3way handshake excessive different SYNs,002,CibleWazuh,,,/var/log/suricata/eve.json,,0,,,1
2026-07-14T15:26:10.775+0000,86601,3,"[""ids"", ""suricata""]",Suricata: Alert - SURICATA STREAM 3way handshake excessive different SYNs,002,CibleWazuh,,,/var/log/suricata/eve.json,,0,,,1
2026-07-14T15:30:55.139+0000,86601,3,"[""ids"", ""suricata""]",Suricata: Alert - SURICATA STREAM 3way handshake excessive different SYNs,002,CibleWazuh,,,/var/log/suricata/eve.json,,0,,,1
2026-07-14T15:31:12.318+0000,86601,3,"[""ids"", ""suricata""]",Suricata: Alert - SURICATA STREAM 3way handshake excessive different SYNs,002,CibleWazuh,,,/var/log/suricata/eve.json,,0,,,1
2026-07-14T15:27:55.417+0000,86601,3,"[""ids"", ""suricata""]",Suricata: Alert - SURICATA STREAM 3way handshake excessive different SYNs,002,CibleWazuh,,,/var/log/suricata/eve.json,,0,,,1
2026-07-14T15:27:47.449+0000,86601,3,"[""ids"", ""suricata""]",Suricata: Alert - SURICATA STREAM 3way handshake excessive different SYNs,002,CibleWazuh,,,/var/log/suricata/eve.json,,0,,,1
2026-07-14T15:25:28.775+0000,86601,3,"[""ids"", ""suricata""]",Suricata: Alert - SURICATA STREAM 3way handshake excessive different SYNs,002,CibleWazuh,,,/var/log/suricata/eve.json,,0,,,1
2026-07-14T15:31:11.968+0000,86601,3,"[""ids"", ""suricata""]",Suricata: Alert - SURICATA STREAM 3way handshake excessive different SYNs,002,CibleWazuh,,,/var/log/suricata/eve.json,,0,,,1
2026-07-14T15:26:22.510+0000,86601,3,"[""ids"", ""suricata""]",Suricata: Alert - SURICATA STREAM 3way handshake excessive different SYNs,002,CibleWazuh,,,/var/log/suricata/eve.json,,0,,,1
2026-07-14T15:31:16.738+0000,86601,3,"[""ids"", ""suricata""]",Suricata: Alert - SURICATA STREAM 3way handshake excessive different SYNs,002,CibleWazuh,,,/var/log/suricata/eve.json,,0,,,1
2026-07-14T15:25:33.634+0000,86601,3,"[""ids"", ""suricata""]",Suricata: Alert - SURICATA STREAM 3way handshake excessive different SYNs,002,CibleWazuh,,,/var/log/suricata/eve.json,,0,,,1
2026-07-14T15:25:21.031+0000,86601,3,"[""ids"", ""suricata""]",Suricata: Alert - SURICATA STREAM 3way handshake excessive different SYNs,002,CibleWazuh,,,/var/log/suricata/eve.json,,0,,,1
2026-07-14T15:18:13.027+0000,86601,3,"[""ids"", ""suricata""]",Suricata: Alert - ET SCAN NMAP OS fingerprint,002,CibleWazuh,,,/var/log/suricata/eve.json,,1,PARROT-NMAP-01,malicious_nmap,1
2026-07-14T15:25:20.950+0000,86601,3,"[""ids"", ""suricata""]",Suricata: Alert - SURICATA STREAM 3way handshake excessive different SYNs,002,CibleWazuh,,,/var/log/suricata/eve.json,,0,,,1
2026-07-14T15:25:11.925+0000,86601,3,"[""ids"", ""suricata""]",Suricata: Alert - SURICATA STREAM 3way handshake excessive different SYNs,002,CibleWazuh,,,/var/log/suricata/eve.json,,0,,,1
2026-07-14T15:37:53.259+0000,86601,3,"[""ids"", ""suricata""]",Suricata: Alert - SURICATA STREAM 3way handshake excessive different SYNs,002,CibleWazuh,,,/var/log/suricata/eve.json,,0,,,1
2026-07-14T15:25:12.053+0000,86601,3,"[""ids"", ""suricata""]",Suricata: Alert - SURICATA STREAM 3way handshake excessive different SYNs,002,CibleWazuh,,,/var/log/suricata/eve.json,,0,,,1
2026-07-14T15:37:52.011+0000,86601,3,"[""ids"", ""suricata""]",Suricata: Alert - SURICATA STREAM 3way handshake excessive different SYNs,002,CibleWazuh,,,/var/log/suricata/eve.json,,0,,,1
2026-07-14T15:25:36.363+0000,86601,3,"[""ids"", ""suricata""]",Suricata: Alert - SURICATA STREAM 3way handshake excessive different SYNs,002,CibleWazuh,,,/var/log/suricata/eve.json,,0,,,1
2026-07-14T15:25:23.805+0000,86601,3,"[""ids"", ""suricata""]",Suricata: Alert - SURICATA STREAM 3way handshake excessive different SYNs,002,CibleWazuh,,,/var/log/suricata/eve.json,,0,,,1
2026-07-14T15:21:44.653+0000,5501,3,"[""pam"", ""syslog"", ""authentication_success""]",PAM: Login session opened.,002,CibleWazuh,,root,journald,Jul 14 15:21:27 CibleWazuh sudo[14193]: pam_unix(sudo:session): session opened for user root(uid=0) by (uid=1000),1,PARROT-HYDRA-01,malicious_bruteforce,0
2026-07-14T15:31:09.667+0000,86601,3,"[""ids"", ""suricata""]",Suricata: Alert - SURICATA STREAM 3way handshake excessive different SYNs,002,CibleWazuh,,,/var/log/suricata/eve.json,,0,,,1
2026-07-14T15:18:29.228+0000,203,9,"[""wazuh"", ""agent_flooding""]",Agent event queue is full. Events may be lost.,002,CibleWazuh,,,wazuh-agent,wazuh: Agent buffer: 'full'.,1,PARROT-PING-01,malicious_icmp_flood,0
2026-07-14T15:30:58.445+0000,86601,3,"[""ids"", ""suricata""]",Suricata: Alert - SURICATA STREAM 3way handshake excessive different SYNs,002,CibleWazuh,,,/var/log/suricata/eve.json,,0,,,1
2026-07-14T15:24:58.003+0000,86601,3,"[""ids"", ""suricata""]",Suricata: Alert - SURICATA STREAM 3way handshake excessive different SYNs,002,CibleWazuh,,,/var/log/suricata/eve.json,,0,,,1
2026-07-14T15:25:28.284+0000,86601,3,"[""ids"", ""suricata""]",Suricata: Alert - SURICATA STREAM 3way handshake excessive different SYNs,002,CibleWazuh,,,/var/log/suricata/eve.json,,0,,,1
2026-07-14T15:27:48.080+0000,86601,3,"[""ids"", ""suricata""]",Suricata: Alert - SURICATA STREAM 3way handshake excessive different SYNs,002,CibleWazuh,,,/var/log/suricata/eve.json,,0,,,1
2026-07-14T15:37:44.517+0000,86601,3,"[""ids"", ""suricata""]",Suricata: Alert - SURICATA STREAM 3way handshake excessive different SYNs,002,CibleWazuh,,,/var/log/suricata/eve.json,,0,,,1
2026-07-14T15:25:26.197+0000,86601,3,"[""ids"", ""suricata""]",Suricata: Alert - SURICATA STREAM 3way handshake excessive different SYNs,002,CibleWazuh,,,/var/log/suricata/eve.json,,0,,,1
2026-07-14T15:25:15.852+0000,86601,3,"[""ids"", ""suricata""]",Suricata: Alert - SURICATA STREAM 3way handshake excessive different SYNs,002,CibleWazuh,,,/var/log/suricata/eve.json,,0,,,1
2026-07-14T15:27:45.118+0000,86601,3,"[""ids"", ""suricata""]",Suricata: Alert - SURICATA STREAM 3way handshake excessive different SYNs,002,CibleWazuh,,,/var/log/suricata/eve.json,,0,,,1
2026-07-14T15:31:05.275+0000,86601,3,"[""ids"", ""suricata""]",Suricata: Alert - SURICATA STREAM 3way handshake excessive different SYNs,002,CibleWazuh,,,/var/log/suricata/eve.json,,0,,,1
2026-07-14T15:27:49.578+0000,86601,3,"[""ids"", ""suricata""]",Suricata: Alert - SURICATA STREAM 3way handshake excessive different SYNs,002,CibleWazuh,,,/var/log/suricata/eve.json,,0,,,1
2026-07-14T15:27:44.450+0000,86601,3,"[""ids"", ""suricata""]",Suricata: Alert - SURICATA STREAM 3way handshake excessive different SYNs,002,CibleWazuh,,,/var/log/suricata/eve.json,,0,,,1
2026-07-14T15:25:05.979+0000,86601,3,"[""ids"", ""suricata""]",Suricata: Alert - SURICATA STREAM 3way handshake excessive different SYNs,002,CibleWazuh,,,/var/log/suricata/eve.json,,0,,,1
2026-07-14T15:18:11.025+0000,86601,3,"[""ids"", ""suricata""]",Suricata: Alert - ET SCAN NMAP TCP connect -sT,002,CibleWazuh,,,/var/log/suricata/eve.json,,1,PARROT-NMAP-01,malicious_nmap,1
2026-07-14T15:37:54.324+0000,86601,3,"[""ids"", ""suricata""]",Suricata: Alert - SURICATA STREAM 3way handshake excessive different SYNs,002,CibleWazuh,,,/var/log/suricata/eve.json,,0,,,1
2026-07-14T15:31:09.276+0000,86601,3,"[""ids"", ""suricata""]",Suricata: Alert - SURICATA STREAM 3way handshake excessive different SYNs,002,CibleWazuh,,,/var/log/suricata/eve.json,,0,,,1
2026-07-14T15:25:11.560+0000,86601,3,"[""ids"", ""suricata""]",Suricata: Alert - SURICATA STREAM 3way handshake excessive different SYNs,002,CibleWazuh,,,/var/log/suricata/eve.json,,0,,,1
2026-07-14T15:37:52.223+0000,86601,3,"[""ids"", ""suricata""]",Suricata: Alert - SURICATA STREAM 3way handshake excessive different SYNs,002,CibleWazuh,,,/var/log/suricata/eve.json,,0,,,1
2026-07-14T15:25:38.519+0000,86601,3,"[""ids"", ""suricata""]",Suricata: Alert - SURICATA STREAM 3way handshake excessive different SYNs,002,CibleWazuh,,,/var/log/suricata/eve.json,,0,,,1
2026-07-14T15:25:37.868+0000,86601,3,"[""ids"", ""suricata""]",Suricata: Alert - SURICATA STREAM 3way handshake excessive different SYNs,002,CibleWazuh,,,/var/log/suricata/eve.json,,0,,,1
2026-07-14T15:27:42.383+0000,86601,3,"[""ids"", ""suricata""]",Suricata: Alert - SURICATA STREAM 3way handshake excessive different SYNs,002,CibleWazuh,,,/var/log/suricata/eve.json,,0,,,1
2026-07-14T15:27:52.667+0000,86601,3,"[""ids"", ""suricata""]",Suricata: Alert - SURICATA STREAM 3way handshake excessive different SYNs,002,CibleWazuh,,,/var/log/suricata/eve.json,,0,,,1
2026-07-14T15:37:56.459+0000,86601,3,"[""ids"", ""suricata""]",Suricata: Alert - SURICATA STREAM 3way handshake excessive different SYNs,002,CibleWazuh,,,/var/log/suricata/eve.json,,0,,,1
2026-07-14T15:27:51.642+0000,86601,3,"[""ids"", ""suricata""]",Suricata: Alert - SURICATA STREAM 3way handshake excessive different SYNs,002,CibleWazuh,,,/var/log/suricata/eve.json,,0,,,1
2026-07-14T15:31:03.613+0000,86601,3,"[""ids"", ""suricata""]",Suricata: Alert - SURICATA STREAM 3way handshake excessive different SYNs,002,CibleWazuh,,,/var/log/suricata/eve.json,,0,,,1
2026-07-14T15:30:58.258+0000,86601,3,"[""ids"", ""suricata""]",Suricata: Alert - SURICATA STREAM 3way handshake excessive different SYNs,002,CibleWazuh,,,/var/log/suricata/eve.json,,0,,,1
2026-07-14T15:37:51.952+0000,86601,3,"[""ids"", ""suricata""]",Suricata: Alert - SURICATA STREAM 3way handshake excessive different SYNs,002,CibleWazuh,,,/var/log/suricata/eve.json,,0,,,1
2026-07-14T15:25:15.208+0000,86601,3,"[""ids"", ""suricata""]",Suricata: Alert - SURICATA STREAM 3way handshake excessive different SYNs,002,CibleWazuh,,,/var/log/suricata/eve.json,,0,,,1
2026-07-14T15:25:36.340+0000,86601,3,"[""ids"", ""suricata""]",Suricata: Alert - SURICATA STREAM 3way handshake excessive different SYNs,002,CibleWazuh,,,/var/log/suricata/eve.json,,0,,,1
2026-07-14T15:26:16.709+0000,86601,3,"[""ids"", ""suricata""]",Suricata: Alert - SURICATA STREAM 3way handshake excessive different SYNs,002,CibleWazuh,,,/var/log/suricata/eve.json,,0,,,1
2026-07-14T15:26:24.175+0000,86601,3,"[""ids"", ""suricata""]",Suricata: Alert - SURICATA STREAM 3way handshake excessive different SYNs,002,CibleWazuh,,,/var/log/suricata/eve.json,,0,,,1
2026-07-14T15:25:28.983+0000,86601,3,"[""ids"", ""suricata""]",Suricata: Alert - SURICATA STREAM 3way handshake excessive different SYNs,002,CibleWazuh,,,/var/log/suricata/eve.json,,0,,,1
2026-07-14T14:56:46.533+0000,86601,3,"[""ids"", ""suricata""]",Suricata: Alert - ET SCAN NMAP TCP connect -sT,002,CibleWazuh,,,/var/log/suricata/eve.json,,1,TG-0027,malicious_dos_flood,1
2026-07-14T15:30:58.609+0000,86601,3,"[""ids"", ""suricata""]",Suricata: Alert - SURICATA STREAM 3way handshake excessive different SYNs,002,CibleWazuh,,,/var/log/suricata/eve.json,,0,,,1
2026-07-14T15:26:12.485+0000,86601,3,"[""ids"", ""suricata""]",Suricata: Alert - SURICATA STREAM 3way handshake excessive different SYNs,002,CibleWazuh,,,/var/log/suricata/eve.json,,0,,,1
2026-07-14T15:25:09.825+0000,86601,3,"[""ids"", ""suricata""]",Suricata: Alert - SURICATA STREAM 3way handshake excessive different SYNs,002,CibleWazuh,,,/var/log/suricata/eve.json,,0,,,1
2026-07-14T15:31:13.186+0000,86601,3,"[""ids"", ""suricata""]",Suricata: Alert - SURICATA STREAM 3way handshake excessive different SYNs,002,CibleWazuh,,,/var/log/suricata/eve.json,,0,,,1
2026-07-14T15:25:30.247+0000,86601,3,"[""ids"", ""suricata""]",Suricata: Alert - SURICATA STREAM 3way handshake excessive different SYNs,002,CibleWazuh,,,/var/log/suricata/eve.json,,0,,,1
2026-07-14T15:37:58.639+0000,86601,3,"[""ids"", ""suricata""]",Suricata: Alert - SURICATA STREAM 3way handshake excessive different SYNs,002,CibleWazuh,,,/var/log/suricata/eve.json,,0,,,1
2026-07-14T15:25:16.250+0000,86601,3,"[""ids"", ""suricata""]",Suricata: Alert - SURICATA STREAM 3way handshake excessive different SYNs,002,CibleWazuh,,,/var/log/suricata/eve.json,,0,,,1
2026-07-14T15:25:29.174+0000,86601,3,"[""ids"", ""suricata""]",Suricata: Alert - SURICATA STREAM 3way handshake excessive different SYNs,002,CibleWazuh,,,/var/log/suricata/eve.json,,0,,,1
2026-07-14T15:30:59.558+0000,86601,3,"[""ids"", ""suricata""]",Suricata: Alert - SURICATA STREAM 3way handshake excessive different SYNs,002,CibleWazuh,,,/var/log/suricata/eve.json,,0,,,1
2026-07-14T15:26:27.625+0000,86601,3,"[""ids"", ""suricata""]",Suricata: Alert - SURICATA STREAM 3way handshake excessive different SYNs,002,CibleWazuh,,,/var/log/suricata/eve.json,,0,,,1
2026-07-14T14:32:25.628+0000,86601,3,"[""ids"", ""suricata""]",Suricata: Alert - ET SCAN NMAP TCP connect -sT,002,CibleWazuh,,,/var/log/suricata/eve.json,,0,,,1
2026-07-14T15:25:40.369+0000,86601,3,"[""ids"", ""suricata""]",Suricata: Alert - SURICATA STREAM 3way handshake excessive different SYNs,002,CibleWazuh,,,/var/log/suricata/eve.json,,0,,,1
2026-07-14T15:25:13.559+0000,86601,3,"[""ids"", ""suricata""]",Suricata: Alert - SURICATA STREAM 3way handshake excessive different SYNs,002,CibleWazuh,,,/var/log/suricata/eve.json,,0,,,1
2026-07-14T15:31:13.713+0000,86601,3,"[""ids"", ""suricata""]",Suricata: Alert - SURICATA STREAM 3way handshake excessive different SYNs,002,CibleWazuh,,,/var/log/suricata/eve.json,,0,,,1
2026-07-14T15:18:13.034+0000,86601,3,"[""ids"", ""suricata""]",Suricata: Alert - ET SCAN NMAP OS fingerprint,002,CibleWazuh,,,/var/log/suricata/eve.json,,1,PARROT-NMAP-01,malicious_nmap,1
2026-07-14T15:26:18.228+0000,86601,3,"[""ids"", ""suricata""]",Suricata: Alert - SURICATA STREAM 3way handshake excessive different SYNs,002,CibleWazuh,,,/var/log/suricata/eve.json,,0,,,1
2026-07-14T15:27:40.418+0000,86601,3,"[""ids"", ""suricata""]",Suricata: Alert - SURICATA STREAM 3way handshake excessive different SYNs,002,CibleWazuh,,,/var/log/suricata/eve.json,,0,,,1
2026-07-14T15:25:00.785+0000,86601,3,"[""ids"", ""suricata""]",Suricata: Alert - SURICATA STREAM 3way handshake excessive different SYNs,002,CibleWazuh,,,/var/log/suricata/eve.json,,0,,,1
2026-07-14T15:37:58.477+0000,86601,3,"[""ids"", ""suricata""]",Suricata: Alert - SURICATA STREAM 3way handshake excessive different SYNs,002,CibleWazuh,,,/var/log/suricata/eve.json,,0,,,1
2026-07-14T15:25:20.455+0000,86601,3,"[""ids"", ""suricata""]",Suricata: Alert - SURICATA STREAM 3way handshake excessive different SYNs,002,CibleWazuh,,,/var/log/suricata/eve.json,,0,,,1
2026-07-14T15:27:52.737+0000,86601,3,"[""ids"", ""suricata""]",Suricata: Alert - SURICATA STREAM 3way handshake excessive different SYNs,002,CibleWazuh,,,/var/log/suricata/eve.json,,0,,,1
2026-07-14T15:24:08.105+0000,86601,3,"[""ids"", ""suricata""]",Suricata: Alert - ET SCAN Port scan detected,002,CibleWazuh,,,/var/log/suricata/eve.json,,0,,,1
2026-07-14T15:38:01.768+0000,86601,3,"[""ids"", ""suricata""]",Suricata: Alert - SURICATA STREAM 3way handshake excessive different SYNs,002,CibleWazuh,,,/var/log/suricata/eve.json,,0,,,1
2026-07-14T15:25:17.956+0000,86601,3,"[""ids"", ""suricata""]",Suricata: Alert - SURICATA STREAM 3way handshake excessive different SYNs,002,CibleWazuh,,,/var/log/suricata/eve.json,,0,,,1
2026-07-14T15:37:57.050+0000,86601,3,"[""ids"", ""suricata""]",Suricata: Alert - SURICATA STREAM 3way handshake excessive different SYNs,002,CibleWazuh,,,/var/log/suricata/eve.json,,0,,,1
2026-07-14T15:25:01.867+0000,86601,3,"[""ids"", ""suricata""]",Suricata: Alert - SURICATA STREAM 3way handshake excessive different SYNs,002,CibleWazuh,,,/var/log/suricata/eve.json,,0,,,1
2026-07-14T15:25:28.127+0000,86601,3,"[""ids"", ""suricata""]",Suricata: Alert - SURICATA STREAM 3way handshake excessive different SYNs,002,CibleWazuh,,,/var/log/suricata/eve.json,,0,,,1
2026-07-14T15:31:07.922+0000,86601,3,"[""ids"", ""suricata""]",Suricata: Alert - SURICATA STREAM 3way handshake excessive different SYNs,002,CibleWazuh,,,/var/log/suricata/eve.json,,0,,,1
2026-07-14T15:25:36.233+0000,86601,3,"[""ids"", ""suricata""]",Suricata: Alert - SURICATA STREAM 3way handshake excessive different SYNs,002,CibleWazuh,,,/var/log/suricata/eve.json,,0,,,1
2026-07-14T15:38:01.328+0000,86601,3,"[""ids"", ""suricata""]",Suricata: Alert - SURICATA STREAM 3way handshake excessive different SYNs,002,CibleWazuh,,,/var/log/suricata/eve.json,,0,,,1
2026-07-14T15:31:15.221+0000,86601,3,"[""ids"", ""suricata""]",Suricata: Alert - SURICATA STREAM 3way handshake excessive different SYNs,002,CibleWazuh,,,/var/log/suricata/eve.json,,0,,,1
2026-07-14T15:25:16.799+0000,86601,3,"[""ids"", ""suricata""]",Suricata: Alert - SURICATA STREAM 3way handshake excessive different SYNs,002,CibleWazuh,,,/var/log/suricata/eve.json,,0,,,1
2026-07-14T15:18:15.037+0000,86601,3,"[""ids"", ""suricata""]",Suricata: Alert - ET SCAN NMAP OS fingerprint,002,CibleWazuh,,,/var/log/suricata/eve.json,,1,PARROT-HPING-01,malicious_dos_flood,1
2026-07-14T15:37:59.902+0000,86601,3,"[""ids"", ""suricata""]",Suricata: Alert - SURICATA STREAM 3way handshake excessive different SYNs,002,CibleWazuh,,,/var/log/suricata/eve.json,,0,,,1
2026-07-14T15:26:12.082+0000,86601,3,"[""ids"", ""suricata""]",Suricata: Alert - SURICATA STREAM 3way handshake excessive different SYNs,002,CibleWazuh,,,/var/log/suricata/eve.json,,0,,,1
2026-07-14T15:30:59.652+0000,86601,3,"[""ids"", ""suricata""]",Suricata: Alert - SURICATA STREAM 3way handshake excessive different SYNs,002,CibleWazuh,,,/var/log/suricata/eve.json,,0,,,1
2026-07-14T15:37:52.547+0000,86601,3,"[""ids"", ""suricata""]",Suricata: Alert - SURICATA STREAM 3way handshake excessive different SYNs,002,CibleWazuh,,,/var/log/suricata/eve.json,,0,,,1
2026-07-14T15:26:24.799+0000,86601,3,"[""ids"", ""suricata""]",Suricata: Alert - SURICATA STREAM 3way handshake excessive different SYNs,002,CibleWazuh,,,/var/log/suricata/eve.json,,0,,,1
2026-07-14T15:24:54.942+0000,86601,3,"[""ids"", ""suricata""]",Suricata: Alert - SURICATA STREAM 3way handshake excessive different SYNs,002,CibleWazuh,,,/var/log/suricata/eve.json,,0,,,1
2026-07-14T15:26:17.742+0000,86601,3,"[""ids"", ""suricata""]",Suricata: Alert - SURICATA STREAM 3way handshake excessive different SYNs,002,CibleWazuh,,,/var/log/suricata/eve.json,,0,,,1
2026-07-14T15:25:29.337+0000,86601,3,"[""ids"", ""suricata""]",Suricata: Alert - SURICATA STREAM 3way handshake excessive different SYNs,002,CibleWazuh,,,/var/log/suricata/eve.json,,0,,,1
2026-07-14T15:24:55.057+0000,86601,3,"[""ids"", ""suricata""]",Suricata: Alert - SURICATA STREAM 3way handshake excessive different SYNs,002,CibleWazuh,,,/var/log/suricata/eve.json,,0,,,1
2026-07-14T15:27:55.768+0000,86601,3,"[""ids"", ""suricata""]",Suricata: Alert - SURICATA STREAM 3way handshake excessive different SYNs,002,CibleWazuh,,,/var/log/suricata/eve.json,,0,,,1
2026-07-14T15:25:14.025+0000,86601,3,"[""ids"", ""suricata""]",Suricata: Alert - SURICATA STREAM 3way handshake excessive different SYNs,002,CibleWazuh,,,/var/log/suricata/eve.json,,0,,,1
2026-07-14T15:25:21.961+0000,86601,3,"[""ids"", ""suricata""]",Suricata: Alert - SURICATA STREAM 3way handshake excessive different SYNs,002,CibleWazuh,,,/var/log/suricata/eve.json,,0,,,1
2026-07-14T15:24:55.604+0000,86601,3,"[""ids"", ""suricata""]",Suricata: Alert - SURICATA STREAM 3way handshake excessive different SYNs,002,CibleWazuh,,,/var/log/suricata/eve.json,,0,,,1
2026-07-14T15:31:02.801+0000,86601,3,"[""ids"", ""suricata""]",Suricata: Alert - SURICATA STREAM 3way handshake excessive different SYNs,002,CibleWazuh,,,/var/log/suricata/eve.json,,0,,,1
2026-07-14T15:25:29.553+0000,86601,3,"[""ids"", ""suricata""]",Suricata: Alert - SURICATA STREAM 3way handshake excessive different SYNs,002,CibleWazuh,,,/var/log/suricata/eve.json,,0,,,1
2026-07-14T15:25:35.331+0000,86601,3,"[""ids"", ""suricata""]",Suricata: Alert - SURICATA STREAM 3way handshake excessive different SYNs,002,CibleWazuh,,,/var/log/suricata/eve.json,,0,,,1
2026-07-14T15:25:00.910+0000,86601,3,"[""ids"", ""suricata""]",Suricata: Alert - SURICATA STREAM 3way handshake excessive different SYNs,002,CibleWazuh,,,/var/log/suricata/eve.json,,0,,,1
2026-07-14T15:31:08.915+0000,86601,3,"[""ids"", ""suricata""]",Suricata: Alert - SURICATA STREAM 3way handshake excessive different SYNs,002,CibleWazuh,,,/var/log/suricata/eve.json,,0,,,1
2026-07-14T15:37:55.143+0000,86601,3,"[""ids"", ""suricata""]",Suricata: Alert - SURICATA STREAM 3way handshake excessive different SYNs,002,CibleWazuh,,,/var/log/suricata/eve.json,,0,,,1
2026-07-14T15:27:45.774+0000,86601,3,"[""ids"", ""suricata""]",Suricata: Alert - SURICATA STREAM 3way handshake excessive different SYNs,002,CibleWazuh,,,/var/log/suricata/eve.json,,0,,,1
2026-07-14T15:27:50.847+0000,86601,3,"[""ids"", ""suricata""]",Suricata: Alert - SURICATA STREAM 3way handshake excessive different SYNs,002,CibleWazuh,,,/var/log/suricata/eve.json,,0,,,1
2026-07-14T15:25:26.349+0000,86601,3,"[""ids"", ""suricata""]",Suricata: Alert - SURICATA STREAM 3way handshake excessive different SYNs,002,CibleWazuh,,,/var/log/suricata/eve.json,,0,,,1
2026-07-14T15:31:05.126+0000,86601,3,"[""ids"", ""suricata""]",Suricata: Alert - SURICATA STREAM 3way handshake excessive different SYNs,002,CibleWazuh,,,/var/log/suricata/eve.json,,0,,,1
2026-07-14T15:27:57.342+0000,86601,3,"[""ids"", ""suricata""]",Suricata: Alert - SURICATA STREAM 3way handshake excessive different SYNs,002,CibleWazuh,,,/var/log/suricata/eve.json,,0,,,1
2026-07-14T15:37:56.513+0000,86601,3,"[""ids"", ""suricata""]",Suricata: Alert - SURICATA STREAM 3way handshake excessive different SYNs,002,CibleWazuh,,,/var/log/suricata/eve.json,,0,,,1
2026-07-14T15:25:24.984+0000,86601,3,"[""ids"", ""suricata""]",Suricata: Alert - SURICATA STREAM 3way handshake excessive different SYNs,002,CibleWazuh,,,/var/log/suricata/eve.json,,0,,,1
2026-07-14T15:25:07.985+0000,86601,3,"[""ids"", ""suricata""]",Suricata: Alert - SURICATA STREAM 3way handshake excessive different SYNs,002,CibleWazuh,,,/var/log/suricata/eve.json,,0,,,1
2026-07-14T15:26:20.888+0000,86601,3,"[""ids"", ""suricata""]",Suricata: Alert - SURICATA STREAM 3way handshake excessive different SYNs,002,CibleWazuh,,,/var/log/suricata/eve.json,,0,,,1
2026-07-14T15:31:05.082+0000,86601,3,"[""ids"", ""suricata""]",Suricata: Alert - SURICATA STREAM 3way handshake excessive different SYNs,002,CibleWazuh,,,/var/log/suricata/eve.json,,0,,,1
2026-07-14T15:27:58.190+0000,86601,3,"[""ids"", ""suricata""]",Suricata: Alert - SURICATA STREAM 3way handshake excessive different SYNs,002,CibleWazuh,,,/var/log/suricata/eve.json,,0,,,1
2026-07-14T15:24:54.346+0000,86601,3,"[""ids"", ""suricata""]",Suricata: Alert - SURICATA STREAM 3way handshake excessive different SYNs,002,CibleWazuh,,,/var/log/suricata/eve.json,,0,,,1
2026-07-14T15:31:13.141+0000,86601,3,"[""ids"", ""suricata""]",Suricata: Alert - SURICATA STREAM 3way handshake excessive different SYNs,002,CibleWazuh,,,/var/log/suricata/eve.json,,0,,,1
2026-07-14T15:38:01.640+0000,86601,3,"[""ids"", ""suricata""]",Suricata: Alert - SURICATA STREAM 3way handshake excessive different SYNs,002,CibleWazuh,,,/var/log/suricata/eve.json,,0,,,1
2026-07-14T15:25:13.826+0000,86601,3,"[""ids"", ""suricata""]",Suricata: Alert - SURICATA STREAM 3way handshake excessive different SYNs,002,CibleWazuh,,,/var/log/suricata/eve.json,,0,,,1
2026-07-14T15:25:24.337+0000,86601,3,"[""ids"", ""suricata""]",Suricata: Alert - SURICATA STREAM 3way handshake excessive different SYNs,002,CibleWazuh,,,/var/log/suricata/eve.json,,0,,,1
2026-07-14T15:27:45.952+0000,86601,3,"[""ids"", ""suricata""]",Suricata: Alert - SURICATA STREAM 3way handshake excessive different SYNs,002,CibleWazuh,,,/var/log/suricata/eve.json,,0,,,1
2026-07-14T15:25:15.178+0000,86601,3,"[""ids"", ""suricata""]",Suricata: Alert - SURICATA STREAM 3way handshake excessive different SYNs,002,CibleWazuh,,,/var/log/suricata/eve.json,,0,,,1
2026-07-14T15:27:42.363+0000,86601,3,"[""ids"", ""suricata""]",Suricata: Alert - SURICATA STREAM 3way handshake excessive different SYNs,002,CibleWazuh,,,/var/log/suricata/eve.json,,0,,,1
2026-07-14T15:30:54.717+0000,86601,3,"[""ids"", ""suricata""]",Suricata: Alert - SURICATA STREAM 3way handshake excessive different SYNs,002,CibleWazuh,,,/var/log/suricata/eve.json,,0,,,1
2026-07-14T15:25:08.658+0000,86601,3,"[""ids"", ""suricata""]",Suricata: Alert - SURICATA STREAM 3way handshake excessive different SYNs,002,CibleWazuh,,,/var/log/suricata/eve.json,,0,,,1
2026-07-14T15:37:57.327+0000,86601,3,"[""ids"", ""suricata""]",Suricata: Alert - SURICATA STREAM 3way handshake excessive different SYNs,002,CibleWazuh,,,/var/log/suricata/eve.json,,0,,,1
2026-07-14T15:31:16.213+0000,86601,3,"[""ids"", ""suricata""]",Suricata: Alert - SURICATA STREAM 3way handshake excessive different SYNs,002,CibleWazuh,,,/var/log/suricata/eve.json,,0,,,1
2026-07-14T15:26:13.431+0000,86601,3,"[""ids"", ""suricata""]",Suricata: Alert - SURICATA STREAM 3way handshake excessive different SYNs,002,CibleWazuh,,,/var/log/suricata/eve.json,,0,,,1
2026-07-14T15:27:43.999+0000,86601,3,"[""ids"", ""suricata""]",Suricata: Alert - SURICATA STREAM 3way handshake excessive different SYNs,002,CibleWazuh,,,/var/log/suricata/eve.json,,0,,,1
2026-07-14T14:30:54.708+0000,40704,5,"[""local"", ""systemd""]",Systemd: Service exited due to a failure.,000,UbuntuWazuh,,,journald,"Jul 14 14:30:54 UbuntuWazuh systemd[1]: wazuh-inference.service: Main process exited, code=exited, status=1/FAILURE",0,,,0
2026-07-14T15:25:32.669+0000,86601,3,"[""ids"", ""suricata""]",Suricata: Alert - SURICATA STREAM 3way handshake excessive different SYNs,002,CibleWazuh,,,/var/log/suricata/eve.json,,0,,,1
2026-07-14T15:27:43.253+0000,86601,3,"[""ids"", ""suricata""]",Suricata: Alert - SURICATA STREAM 3way handshake excessive different SYNs,002,CibleWazuh,,,/var/log/suricata/eve.json,,0,,,1
2026-07-14T15:38:03.556+0000,86601,3,"[""ids"", ""suricata""]",Suricata: Alert - SURICATA STREAM 3way handshake excessive different SYNs,002,CibleWazuh,,,/var/log/suricata/eve.json,,0,,,1
2026-07-14T15:31:03.361+0000,86601,3,"[""ids"", ""suricata""]",Suricata: Alert - SURICATA STREAM 3way handshake excessive different SYNs,002,CibleWazuh,,,/var/log/suricata/eve.json,,0,,,1
2026-07-14T15:31:04.623+0000,86601,3,"[""ids"", ""suricata""]",Suricata: Alert - SURICATA STREAM 3way handshake excessive different SYNs,002,CibleWazuh,,,/var/log/suricata/eve.json,,0,,,1
2026-07-14T15:25:02.836+0000,86601,3,"[""ids"", ""suricata""]",Suricata: Alert - SURICATA STREAM 3way handshake excessive different SYNs,002,CibleWazuh,,,/var/log/suricata/eve.json,,0,,,1
2026-07-14T15:31:00.768+0000,86601,3,"[""ids"", ""suricata""]",Suricata: Alert - SURICATA STREAM 3way handshake excessive different SYNs,002,CibleWazuh,,,/var/log/suricata/eve.json,,0,,,1
2026-07-14T15:26:23.698+0000,86601,3,"[""ids"", ""suricata""]",Suricata: Alert - SURICATA STREAM 3way handshake excessive different SYNs,002,CibleWazuh,,,/var/log/suricata/eve.json,,0,,,1
2026-07-14T15:31:01.951+0000,86601,3,"[""ids"", ""suricata""]",Suricata: Alert - SURICATA STREAM 3way handshake excessive different SYNs,002,CibleWazuh,,,/var/log/suricata/eve.json,,0,,,1
2026-07-14T15:25:28.103+0000,86601,3,"[""ids"", ""suricata""]",Suricata: Alert - SURICATA STREAM 3way handshake excessive different SYNs,002,CibleWazuh,,,/var/log/suricata/eve.json,,0,,,1
2026-07-14T15:27:46.176+0000,86601,3,"[""ids"", ""suricata""]",Suricata: Alert - SURICATA STREAM 3way handshake excessive different SYNs,002,CibleWazuh,,,/var/log/suricata/eve.json,,0,,,1
2026-07-14T15:27:57.927+0000,86601,3,"[""ids"", ""suricata""]",Suricata: Alert - SURICATA STREAM 3way handshake excessive different SYNs,002,CibleWazuh,,,/var/log/suricata/eve.json,,0,,,1
2026-07-14T15:37:55.855+0000,86601,3,"[""ids"", ""suricata""]",Suricata: Alert - SURICATA STREAM 3way handshake excessive different SYNs,002,CibleWazuh,,,/var/log/suricata/eve.json,,0,,,1
2026-07-14T15:26:11.092+0000,86601,3,"[""ids"", ""suricata""]",Suricata: Alert - SURICATA STREAM 3way handshake excessive different SYNs,002,CibleWazuh,,,/var/log/suricata/eve.json,,0,,,1
2026-07-14T15:25:05.516+0000,86601,3,"[""ids"", ""suricata""]",Suricata: Alert - SURICATA STREAM 3way handshake excessive different SYNs,002,CibleWazuh,,,/var/log/suricata/eve.json,,0,,,1
2026-07-14T15:25:12.560+0000,86601,3,"[""ids"", ""suricata""]",Suricata: Alert - SURICATA STREAM 3way handshake excessive different SYNs,002,CibleWazuh,,,/var/log/suricata/eve.json,,0,,,1
2026-07-14T15:27:54.232+0000,86601,3,"[""ids"", ""suricata""]",Suricata: Alert - SURICATA STREAM 3way handshake excessive different SYNs,002,CibleWazuh,,,/var/log/suricata/eve.json,,0,,,1
2026-07-14T15:37:51.954+0000,86601,3,"[""ids"", ""suricata""]",Suricata: Alert - SURICATA STREAM 3way handshake excessive different SYNs,002,CibleWazuh,,,/var/log/suricata/eve.json,,0,,,1
2026-07-14T15:26:15.217+0000,86601,3,"[""ids"", ""suricata""]",Suricata: Alert - SURICATA STREAM 3way handshake excessive different SYNs,002,CibleWazuh,,,/var/log/suricata/eve.json,,0,,,1
2026-07-14T15:27:53.290+0000,86601,3,"[""ids"", ""suricata""]",Suricata: Alert - SURICATA STREAM 3way handshake excessive different SYNs,002,CibleWazuh,,,/var/log/suricata/eve.json,,0,,,1
2026-07-14T15:31:06.282+0000,86601,3,"[""ids"", ""suricata""]",Suricata: Alert - SURICATA STREAM 3way handshake excessive different SYNs,002,CibleWazuh,,,/var/log/suricata/eve.json,,0,,,1
2026-07-14T15:25:36.705+0000,86601,3,"[""ids"", ""suricata""]",Suricata: Alert - SURICATA STREAM 3way handshake excessive different SYNs,002,CibleWazuh,,,/var/log/suricata/eve.json,,0,,,1
2026-07-14T14:41:01.788+0000,5402,3,"[""syslog"", ""sudo""]",Successful sudo to ROOT executed.,000,UbuntuWazuh,,root,journald,Jul 14 14:41:00 UbuntuWazuh sudo[23529]:     root : TTY=pts/2 ; PWD=/home/vboxuser/wazuh-test/fix ; USER=root ; COMMAND=/usr/sbin/ufw allow from 127.0.0.1 to any port 443 proto tcp comment 'Dashboard ,0,,,0
2026-07-14T15:26:11.571+0000,86601,3,"[""ids"", ""suricata""]",Suricata: Alert - SURICATA STREAM 3way handshake excessive different SYNs,002,CibleWazuh,,,/var/log/suricata/eve.json,,0,,,1
2026-07-14T15:31:09.788+0000,86601,3,"[""ids"", ""suricata""]",Suricata: Alert - SURICATA STREAM 3way handshake excessive different SYNs,002,CibleWazuh,,,/var/log/suricata/eve.json,,0,,,1
2026-07-14T15:31:11.820+0000,86601,3,"[""ids"", ""suricata""]",Suricata: Alert - SURICATA STREAM 3way handshake excessive different SYNs,002,CibleWazuh,,,/var/log/suricata/eve.json,,0,,,1
2026-07-14T15:25:36.411+0000,86601,3,"[""ids"", ""suricata""]",Suricata: Alert - SURICATA STREAM 3way handshake excessive different SYNs,002,CibleWazuh,,,/var/log/suricata/eve.json,,0,,,1
2026-07-14T15:25:34.995+0000,86601,3,"[""ids"", ""suricata""]",Suricata: Alert - SURICATA STREAM 3way handshake excessive different SYNs,002,CibleWazuh,,,/var/log/suricata/eve.json,,0,,,1
2026-07-14T15:26:11.291+0000,86601,3,"[""ids"", ""suricata""]",Suricata: Alert - SURICATA STREAM 3way handshake excessive different SYNs,002,CibleWazuh,,,/var/log/suricata/eve.json,,0,,,1
2026-07-14T15:25:15.538+0000,86601,3,"[""ids"", ""suricata""]",Suricata: Alert - SURICATA STREAM 3way handshake excessive different SYNs,002,CibleWazuh,,,/var/log/suricata/eve.json,,0,,,1
2026-07-14T15:25:41.170+0000,86601,3,"[""ids"", ""suricata""]",Suricata: Alert - SURICATA STREAM 3way handshake excessive different SYNs,002,CibleWazuh,,,/var/log/suricata/eve.json,,0,,,1
2026-07-14T15:25:22.359+0000,86601,3,"[""ids"", ""suricata""]",Suricata: Alert - SURICATA STREAM 3way handshake excessive different SYNs,002,CibleWazuh,,,/var/log/suricata/eve.json,,0,,,1
2026-07-14T15:25:19.813+0000,86601,3,"[""ids"", ""suricata""]",Suricata: Alert - SURICATA STREAM 3way handshake excessive different SYNs,002,CibleWazuh,,,/var/log/suricata/eve.json,,0,,,1
2026-07-14T15:31:06.046+0000,86601,3,"[""ids"", ""suricata""]",Suricata: Alert - SURICATA STREAM 3way handshake excessive different SYNs,002,CibleWazuh,,,/var/log/suricata/eve.json,,0,,,1
2026-07-14T15:31:10.634+0000,86601,3,"[""ids"", ""suricata""]",Suricata: Alert - SURICATA STREAM 3way handshake excessive different SYNs,002,CibleWazuh,,,/var/log/suricata/eve.json,,0,,,1
2026-07-14T15:37:36.653+0000,86601,3,"[""ids"", ""suricata""]",Suricata: Alert - SURICATA STREAM 3way handshake excessive different SYNs,002,CibleWazuh,,,/var/log/suricata/eve.json,,0,,,1
2026-07-14T15:27:42.214+0000,86601,3,"[""ids"", ""suricata""]",Suricata: Alert - SURICATA STREAM 3way handshake excessive different SYNs,002,CibleWazuh,,,/var/log/suricata/eve.json,,0,,,1
2026-07-14T15:26:26.304+0000,86601,3,"[""ids"", ""suricata""]",Suricata: Alert - SURICATA STREAM 3way handshake excessive different SYNs,002,CibleWazuh,,,/var/log/suricata/eve.json,,0,,,1
2026-07-14T15:37:54.539+0000,86601,3,"[""ids"", ""suricata""]",Suricata: Alert - SURICATA STREAM 3way handshake excessive different SYNs,002,CibleWazuh,,,/var/log/suricata/eve.json,,0,,,1
2026-07-14T15:26:17.612+0000,86601,3,"[""ids"", ""suricata""]",Suricata: Alert - SURICATA STREAM 3way handshake excessive different SYNs,002,CibleWazuh,,,/var/log/suricata/eve.json,,0,,,1
2026-07-14T15:25:26.642+0000,86601,3,"[""ids"", ""suricata""]",Suricata: Alert - SURICATA STREAM 3way handshake excessive different SYNs,002,CibleWazuh,,,/var/log/suricata/eve.json,,0,,,1
2026-07-14T15:31:00.521+0000,86601,3,"[""ids"", ""suricata""]",Suricata: Alert - SURICATA STREAM 3way handshake excessive different SYNs,002,CibleWazuh,,,/var/log/suricata/eve.json,,0,,,1
2026-07-14T15:25:04.856+0000,86601,3,"[""ids"", ""suricata""]",Suricata: Alert - SURICATA STREAM 3way handshake excessive different SYNs,002,CibleWazuh,,,/var/log/suricata/eve.json,,0,,,1
2026-07-14T15:27:55.358+0000,86601,3,"[""ids"", ""suricata""]",Suricata: Alert - SURICATA STREAM 3way handshake excessive different SYNs,002,CibleWazuh,,,/var/log/suricata/eve.json,,0,,,1
2026-07-14T15:27:54.584+0000,86601,3,"[""ids"", ""suricata""]",Suricata: Alert - SURICATA STREAM 3way handshake excessive different SYNs,002,CibleWazuh,,,/var/log/suricata/eve.json,,0,,,1
2026-07-14T15:26:24.715+0000,86601,3,"[""ids"", ""suricata""]",Suricata: Alert - SURICATA STREAM 3way handshake excessive different SYNs,002,CibleWazuh,,,/var/log/suricata/eve.json,,0,,,1
2026-07-14T15:31:18.002+0000,86601,3,"[""ids"", ""suricata""]",Suricata: Alert - SURICATA STREAM 3way handshake excessive different SYNs,002,CibleWazuh,,,/var/log/suricata/eve.json,,0,,,1
2026-07-14T15:31:14.015+0000,86601,3,"[""ids"", ""suricata""]",Suricata: Alert - SURICATA STREAM 3way handshake excessive different SYNs,002,CibleWazuh,,,/var/log/suricata/eve.json,,0,,,1
2026-07-14T15:27:58.238+0000,86601,3,"[""ids"", ""suricata""]",Suricata: Alert - SURICATA STREAM 3way handshake excessive different SYNs,002,CibleWazuh,,,/var/log/suricata/eve.json,,0,,,1
2026-07-14T15:27:55.187+0000,86601,3,"[""ids"", ""suricata""]",Suricata: Alert - SURICATA STREAM 3way handshake excessive different SYNs,002,CibleWazuh,,,/var/log/suricata/eve.json,,0,,,1
2026-07-14T15:25:33.614+0000,86601,3,"[""ids"", ""suricata""]",Suricata: Alert - SURICATA STREAM 3way handshake excessive different SYNs,002,CibleWazuh,,,/var/log/suricata/eve.json,,0,,,1
2026-07-14T15:30:56.896+0000,86601,3,"[""ids"", ""suricata""]",Suricata: Alert - SURICATA STREAM 3way handshake excessive different SYNs,002,CibleWazuh,,,/var/log/suricata/eve.json,,0,,,1
2026-07-14T15:26:12.000+0000,86601,3,"[""ids"", ""suricata""]",Suricata: Alert - SURICATA STREAM 3way handshake excessive different SYNs,002,CibleWazuh,,,/var/log/suricata/eve.json,,0,,,1
2026-07-14T15:30:57.213+0000,86601,3,"[""ids"", ""suricata""]",Suricata: Alert - SURICATA STREAM 3way handshake excessive different SYNs,002,CibleWazuh,,,/var/log/suricata/eve.json,,0,,,1
2026-07-14T15:25:37.006+0000,86601,3,"[""ids"", ""suricata""]",Suricata: Alert - SURICATA STREAM 3way handshake excessive different SYNs,002,CibleWazuh,,,/var/log/suricata/eve.json,,0,,,1
2026-07-14T14:18:37.376+0000,5760,5,"[""syslog"", ""sshd"", ""authentication_failed""]",sshd: authentication failed.,002,CibleWazuh,192.168.30.10,vboxuser,journald,Jul 14 14:18:37 CibleWazuh sshd[8217]: Failed password for vboxuser from 192.168.30.10 port 54454 ssh2,1,TG-0002,malicious_bruteforce,0
2026-07-14T15:31:08.591+0000,86601,3,"[""ids"", ""suricata""]",Suricata: Alert - SURICATA STREAM 3way handshake excessive different SYNs,002,CibleWazuh,,,/var/log/suricata/eve.json,,0,,,1
2026-07-14T15:25:43.468+0000,86601,3,"[""ids"", ""suricata""]",Suricata: Alert - SURICATA STREAM 3way handshake excessive different SYNs,002,CibleWazuh,,,/var/log/suricata/eve.json,,0,,,1
2026-07-14T15:25:20.345+0000,86601,3,"[""ids"", ""suricata""]",Suricata: Alert - SURICATA STREAM 3way handshake excessive different SYNs,002,CibleWazuh,,,/var/log/suricata/eve.json,,0,,,1
2026-07-14T15:26:14.046+0000,86601,3,"[""ids"", ""suricata""]",Suricata: Alert - SURICATA STREAM 3way handshake excessive different SYNs,002,CibleWazuh,,,/var/log/suricata/eve.json,,0,,,1
2026-07-14T15:30:56.249+0000,86601,3,"[""ids"", ""suricata""]",Suricata: Alert - SURICATA STREAM 3way handshake excessive different SYNs,002,CibleWazuh,,,/var/log/suricata/eve.json,,0,,,1
2026-07-14T15:25:27.790+0000,86601,3,"[""ids"", ""suricata""]",Suricata: Alert - SURICATA STREAM 3way handshake excessive different SYNs,002,CibleWazuh,,,/var/log/suricata/eve.json,,0,,,1
2026-07-14T15:30:58.544+0000,86601,3,"[""ids"", ""suricata""]",Suricata: Alert - SURICATA STREAM 3way handshake excessive different SYNs,002,CibleWazuh,,,/var/log/suricata/eve.json,,0,,,1
2026-07-14T15:30:57.523+0000,86601,3,"[""ids"", ""suricata""]",Suricata: Alert - SURICATA STREAM 3way handshake excessive different SYNs,002,CibleWazuh,,,/var/log/suricata/eve.json,,0,,,1
2026-07-14T15:31:05.988+0000,86601,3,"[""ids"", ""suricata""]",Suricata: Alert - SURICATA STREAM 3way handshake excessive different SYNs,002,CibleWazuh,,,/var/log/suricata/eve.json,,0,,,1
2026-07-14T15:31:00.282+0000,86601,3,"[""ids"", ""suricata""]",Suricata: Alert - SURICATA STREAM 3way handshake excessive different SYNs,002,CibleWazuh,,,/var/log/suricata/eve.json,,0,,,1
2026-07-14T14:18:31.380+0000,5760,5,"[""syslog"", ""sshd"", ""authentication_failed""]",sshd: authentication failed.,002,CibleWazuh,192.168.30.10,vboxuser,journald,Jul 14 14:18:30 CibleWazuh sshd[8218]: Failed password for vboxuser from 192.168.30.10 port 54458 ssh2,1,TG-0002,malicious_bruteforce,0
2026-07-14T15:37:55.704+0000,86601,3,"[""ids"", ""suricata""]",Suricata: Alert - SURICATA STREAM 3way handshake excessive different SYNs,002,CibleWazuh,,,/var/log/suricata/eve.json,,0,,,1
2026-07-14T15:30:58.468+0000,86601,3,"[""ids"", ""suricata""]",Suricata: Alert - SURICATA STREAM 3way handshake excessive different SYNs,002,CibleWazuh,,,/var/log/suricata/eve.json,,0,,,1
2026-07-14T15:31:02.235+0000,86601,3,"[""ids"", ""suricata""]",Suricata: Alert - SURICATA STREAM 3way handshake excessive different SYNs,002,CibleWazuh,,,/var/log/suricata/eve.json,,0,,,1
2026-07-14T15:25:38.187+0000,86601,3,"[""ids"", ""suricata""]",Suricata: Alert - SURICATA STREAM 3way handshake excessive different SYNs,002,CibleWazuh,,,/var/log/suricata/eve.json,,0,,,1
2026-07-14T15:25:36.158+0000,86601,3,"[""ids"", ""suricata""]",Suricata: Alert - SURICATA STREAM 3way handshake excessive different SYNs,002,CibleWazuh,,,/var/log/suricata/eve.json,,0,,,1
2026-07-14T15:27:42.174+0000,86601,3,"[""ids"", ""suricata""]",Suricata: Alert - SURICATA STREAM 3way handshake excessive different SYNs,002,CibleWazuh,,,/var/log/suricata/eve.json,,0,,,1
2026-07-14T15:25:37.895+0000,86601,3,"[""ids"", ""suricata""]",Suricata: Alert - SURICATA STREAM 3way handshake excessive different SYNs,002,CibleWazuh,,,/var/log/suricata/eve.json,,0,,,1
2026-07-14T15:31:08.229+0000,86601,3,"[""ids"", ""suricata""]",Suricata: Alert - SURICATA STREAM 3way handshake excessive different SYNs,002,CibleWazuh,,,/var/log/suricata/eve.json,,0,,,1
2026-07-14T15:31:06.225+0000,86601,3,"[""ids"", ""suricata""]",Suricata: Alert - SURICATA STREAM 3way handshake excessive different SYNs,002,CibleWazuh,,,/var/log/suricata/eve.json,,0,,,1
2026-07-14T15:31:13.932+0000,86601,3,"[""ids"", ""suricata""]",Suricata: Alert - SURICATA STREAM 3way handshake excessive different SYNs,002,CibleWazuh,,,/var/log/suricata/eve.json,,0,,,1
2026-07-14T15:25:04.055+0000,86601,3,"[""ids"", ""suricata""]",Suricata: Alert - SURICATA STREAM 3way handshake excessive different SYNs,002,CibleWazuh,,,/var/log/suricata/eve.json,,0,,,1
2026-07-14T15:25:23.729+0000,86601,3,"[""ids"", ""suricata""]",Suricata: Alert - SURICATA STREAM 3way handshake excessive different SYNs,002,CibleWazuh,,,/var/log/suricata/eve.json,,0,,,1
2026-07-14T15:25:17.928+0000,86601,3,"[""ids"", ""suricata""]",Suricata: Alert - SURICATA STREAM 3way handshake excessive different SYNs,002,CibleWazuh,,,/var/log/suricata/eve.json,,0,,,1
2026-07-14T15:25:17.305+0000,86601,3,"[""ids"", ""suricata""]",Suricata: Alert - SURICATA STREAM 3way handshake excessive different SYNs,002,CibleWazuh,,,/var/log/suricata/eve.json,,0,,,1
2026-07-14T15:25:04.916+0000,86601,3,"[""ids"", ""suricata""]",Suricata: Alert - SURICATA STREAM 3way handshake excessive different SYNs,002,CibleWazuh,,,/var/log/suricata/eve.json,,0,,,1
2026-07-14T15:31:00.433+0000,86601,3,"[""ids"", ""suricata""]",Suricata: Alert - SURICATA STREAM 3way handshake excessive different SYNs,002,CibleWazuh,,,/var/log/suricata/eve.json,,0,,,1
2026-07-14T15:25:04.597+0000,86601,3,"[""ids"", ""suricata""]",Suricata: Alert - SURICATA STREAM 3way handshake excessive different SYNs,002,CibleWazuh,,,/var/log/suricata/eve.json,,0,,,1
2026-07-14T15:31:03.104+0000,86601,3,"[""ids"", ""suricata""]",Suricata: Alert - SURICATA STREAM 3way handshake excessive different SYNs,002,CibleWazuh,,,/var/log/suricata/eve.json,,0,,,1
2026-07-14T15:25:18.416+0000,86601,3,"[""ids"", ""suricata""]",Suricata: Alert - SURICATA STREAM 3way handshake excessive different SYNs,002,CibleWazuh,,,/var/log/suricata/eve.json,,0,,,1
2026-07-14T15:26:25.315+0000,86601,3,"[""ids"", ""suricata""]",Suricata: Alert - SURICATA STREAM 3way handshake excessive different SYNs,002,CibleWazuh,,,/var/log/suricata/eve.json,,0,,,1
2026-07-14T15:25:36.198+0000,86601,3,"[""ids"", ""suricata""]",Suricata: Alert - SURICATA STREAM 3way handshake excessive different SYNs,002,CibleWazuh,,,/var/log/suricata/eve.json,,0,,,1
2026-07-14T15:25:38.912+0000,86601,3,"[""ids"", ""suricata""]",Suricata: Alert - SURICATA STREAM 3way handshake excessive different SYNs,002,CibleWazuh,,,/var/log/suricata/eve.json,,0,,,1
2026-07-14T15:25:05.888+0000,86601,3,"[""ids"", ""suricata""]",Suricata: Alert - SURICATA STREAM 3way handshake excessive different SYNs,002,CibleWazuh,,,/var/log/suricata/eve.json,,0,,,1
2026-07-14T15:24:55.010+0000,86601,3,"[""ids"", ""suricata""]",Suricata: Alert - SURICATA STREAM 3way handshake excessive different SYNs,002,CibleWazuh,,,/var/log/suricata/eve.json,,0,,,1
2026-07-14T14:18:35.418+0000,5760,5,"[""syslog"", ""sshd"", ""authentication_failed""]",sshd: authentication failed.,002,CibleWazuh,192.168.30.10,vboxuser,journald,Jul 14 14:18:33 CibleWazuh sshd[8216]: Failed password for vboxuser from 192.168.30.10 port 54426 ssh2,1,TG-0002,malicious_bruteforce,0
2026-07-14T15:25:42.441+0000,86601,3,"[""ids"", ""suricata""]",Suricata: Alert - SURICATA STREAM 3way handshake excessive different SYNs,002,CibleWazuh,,,/var/log/suricata/eve.json,,0,,,1
2026-07-14T15:25:20.983+0000,86601,3,"[""ids"", ""suricata""]",Suricata: Alert - SURICATA STREAM 3way handshake excessive different SYNs,002,CibleWazuh,,,/var/log/suricata/eve.json,,0,,,1
2026-07-14T15:30:57.317+0000,86601,3,"[""ids"", ""suricata""]",Suricata: Alert - SURICATA STREAM 3way handshake excessive different SYNs,002,CibleWazuh,,,/var/log/suricata/eve.json,,0,,,1
2026-07-14T15:25:18.646+0000,86601,3,"[""ids"", ""suricata""]",Suricata: Alert - SURICATA STREAM 3way handshake excessive different SYNs,002,CibleWazuh,,,/var/log/suricata/eve.json,,0,,,1
2026-07-14T15:31:00.351+0000,86601,3,"[""ids"", ""suricata""]",Suricata: Alert - SURICATA STREAM 3way handshake excessive different SYNs,002,CibleWazuh,,,/var/log/suricata/eve.json,,0,,,1
2026-07-14T15:37:59.541+0000,86601,3,"[""ids"", ""suricata""]",Suricata: Alert - SURICATA STREAM 3way handshake excessive different SYNs,002,CibleWazuh,,,/var/log/suricata/eve.json,,0,,,1
2026-07-14T15:25:17.731+0000,86601,3,"[""ids"", ""suricata""]",Suricata: Alert - SURICATA STREAM 3way handshake excessive different SYNs,002,CibleWazuh,,,/var/log/suricata/eve.json,,0,,,1
2026-07-14T15:25:11.296+0000,86601,3,"[""ids"", ""suricata""]",Suricata: Alert - SURICATA STREAM 3way handshake excessive different SYNs,002,CibleWazuh,,,/var/log/suricata/eve.json,,0,,,1
2026-07-14T15:26:26.159+0000,86601,3,"[""ids"", ""suricata""]",Suricata: Alert - SURICATA STREAM 3way handshake excessive different SYNs,002,CibleWazuh,,,/var/log/suricata/eve.json,,0,,,1
2026-07-14T15:30:54.590+0000,86601,3,"[""ids"", ""suricata""]",Suricata: Alert - SURICATA STREAM 3way handshake excessive different SYNs,002,CibleWazuh,,,/var/log/suricata/eve.json,,0,,,1
2026-07-14T15:25:04.316+0000,86601,3,"[""ids"", ""suricata""]",Suricata: Alert - SURICATA STREAM 3way handshake excessive different SYNs,002,CibleWazuh,,,/var/log/suricata/eve.json,,0,,,1
2026-07-14T15:27:55.400+0000,86601,3,"[""ids"", ""suricata""]",Suricata: Alert - SURICATA STREAM 3way handshake excessive different SYNs,002,CibleWazuh,,,/var/log/suricata/eve.json,,0,,,1
2026-07-14T15:25:07.825+0000,86601,3,"[""ids"", ""suricata""]",Suricata: Alert - SURICATA STREAM 3way handshake excessive different SYNs,002,CibleWazuh,,,/var/log/suricata/eve.json,,0,,,1
2026-07-14T15:31:11.702+0000,86601,3,"[""ids"", ""suricata""]",Suricata: Alert - SURICATA STREAM 3way handshake excessive different SYNs,002,CibleWazuh,,,/var/log/suricata/eve.json,,0,,,1
2026-07-14T15:37:56.403+0000,86601,3,"[""ids"", ""suricata""]",Suricata: Alert - SURICATA STREAM 3way handshake excessive different SYNs,002,CibleWazuh,,,/var/log/suricata/eve.json,,0,,,1
2026-07-14T15:30:52.170+0000,86601,3,"[""ids"", ""suricata""]",Suricata: Alert - SURICATA STREAM 3way handshake excessive different SYNs,002,CibleWazuh,,,/var/log/suricata/eve.json,,0,,,1
2026-07-14T15:30:59.842+0000,86601,3,"[""ids"", ""suricata""]",Suricata: Alert - SURICATA STREAM 3way handshake excessive different SYNs,002,CibleWazuh,,,/var/log/suricata/eve.json,,0,,,1
2026-07-14T15:31:12.279+0000,86601,3,"[""ids"", ""suricata""]",Suricata: Alert - SURICATA STREAM 3way handshake excessive different SYNs,002,CibleWazuh,,,/var/log/suricata/eve.json,,0,,,1
2026-07-14T15:25:05.387+0000,86601,3,"[""ids"", ""suricata""]",Suricata: Alert - SURICATA STREAM 3way handshake excessive different SYNs,002,CibleWazuh,,,/var/log/suricata/eve.json,,0,,,1
2026-07-14T15:37:44.240+0000,86601,3,"[""ids"", ""suricata""]",Suricata: Alert - SURICATA STREAM 3way handshake excessive different SYNs,002,CibleWazuh,,,/var/log/suricata/eve.json,,0,,,1
2026-07-14T15:26:24.708+0000,86601,3,"[""ids"", ""suricata""]",Suricata: Alert - SURICATA STREAM 3way handshake excessive different SYNs,002,CibleWazuh,,,/var/log/suricata/eve.json,,0,,,1
2026-07-14T15:26:17.581+0000,86601,3,"[""ids"", ""suricata""]",Suricata: Alert - SURICATA STREAM 3way handshake excessive different SYNs,002,CibleWazuh,,,/var/log/suricata/eve.json,,0,,,1
2026-07-14T15:24:55.099+0000,86601,3,"[""ids"", ""suricata""]",Suricata: Alert - SURICATA STREAM 3way handshake excessive different SYNs,002,CibleWazuh,,,/var/log/suricata/eve.json,,0,,,1
2026-07-14T15:27:57.584+0000,86601,3,"[""ids"", ""suricata""]",Suricata: Alert - SURICATA STREAM 3way handshake excessive different SYNs,002,CibleWazuh,,,/var/log/suricata/eve.json,,0,,,1
2026-07-14T15:25:12.058+0000,86601,3,"[""ids"", ""suricata""]",Suricata: Alert - SURICATA STREAM 3way handshake excessive different SYNs,002,CibleWazuh,,,/var/log/suricata/eve.json,,0,,,1
2026-07-14T15:37:43.079+0000,86601,3,"[""ids"", ""suricata""]",Suricata: Alert - SURICATA STREAM 3way handshake excessive different SYNs,002,CibleWazuh,,,/var/log/suricata/eve.json,,0,,,1
2026-07-14T15:37:55.119+0000,86601,3,"[""ids"", ""suricata""]",Suricata: Alert - SURICATA STREAM 3way handshake excessive different SYNs,002,CibleWazuh,,,/var/log/suricata/eve.json,,0,,,1
2026-07-14T15:27:57.177+0000,86601,3,"[""ids"", ""suricata""]",Suricata: Alert - SURICATA STREAM 3way handshake excessive different SYNs,002,CibleWazuh,,,/var/log/suricata/eve.json,,0,,,1
2026-07-14T15:26:23.862+0000,86601,3,"[""ids"", ""suricata""]",Suricata: Alert - SURICATA STREAM 3way handshake excessive different SYNs,002,CibleWazuh,,,/var/log/suricata/eve.json,,0,,,1
2026-07-14T15:37:52.999+0000,86601,3,"[""ids"", ""suricata""]",Suricata: Alert - SURICATA STREAM 3way handshake excessive different SYNs,002,CibleWazuh,,,/var/log/suricata/eve.json,,0,,,1
2026-07-14T15:25:06.190+0000,86601,3,"[""ids"", ""suricata""]",Suricata: Alert - SURICATA STREAM 3way handshake excessive different SYNs,002,CibleWazuh,,,/var/log/suricata/eve.json,,0,,,1
2026-07-14T15:37:52.354+0000,86601,3,"[""ids"", ""suricata""]",Suricata: Alert - SURICATA STREAM 3way handshake excessive different SYNs,002,CibleWazuh,,,/var/log/suricata/eve.json,,0,,,1
2026-07-14T15:31:04.049+0000,86601,3,"[""ids"", ""suricata""]",Suricata: Alert - SURICATA STREAM 3way handshake excessive different SYNs,002,CibleWazuh,,,/var/log/suricata/eve.json,,0,,,1
2026-07-14T15:24:55.124+0000,86601,3,"[""ids"", ""suricata""]",Suricata: Alert - SURICATA STREAM 3way handshake excessive different SYNs,002,CibleWazuh,,,/var/log/suricata/eve.json,,0,,,1
2026-07-14T15:27:39.782+0000,86601,3,"[""ids"", ""suricata""]",Suricata: Alert - SURICATA STREAM 3way handshake excessive different SYNs,002,CibleWazuh,,,/var/log/suricata/eve.json,,0,,,1
2026-07-14T15:24:56.674+0000,86601,3,"[""ids"", ""suricata""]",Suricata: Alert - SURICATA STREAM 3way handshake excessive different SYNs,002,CibleWazuh,,,/var/log/suricata/eve.json,,0,,,1
2026-07-14T15:37:59.124+0000,86601,3,"[""ids"", ""suricata""]",Suricata: Alert - SURICATA STREAM 3way handshake excessive different SYNs,002,CibleWazuh,,,/var/log/suricata/eve.json,,0,,,1
2026-07-14T15:25:31.400+0000,86601,3,"[""ids"", ""suricata""]",Suricata: Alert - SURICATA STREAM 3way handshake excessive different SYNs,002,CibleWazuh,,,/var/log/suricata/eve.json,,0,,,1
2026-07-14T15:24:59.350+0000,86601,3,"[""ids"", ""suricata""]",Suricata: Alert - SURICATA STREAM 3way handshake excessive different SYNs,002,CibleWazuh,,,/var/log/suricata/eve.json,,0,,,1
2026-07-14T15:27:41.311+0000,86601,3,"[""ids"", ""suricata""]",Suricata: Alert - SURICATA STREAM 3way handshake excessive different SYNs,002,CibleWazuh,,,/var/log/suricata/eve.json,,0,,,1
2026-07-14T15:25:14.028+0000,86601,3,"[""ids"", ""suricata""]",Suricata: Alert - SURICATA STREAM 3way handshake excessive different SYNs,002,CibleWazuh,,,/var/log/suricata/eve.json,,0,,,1
2026-07-14T15:25:21.979+0000,86601,3,"[""ids"", ""suricata""]",Suricata: Alert - SURICATA STREAM 3way handshake excessive different SYNs,002,CibleWazuh,,,/var/log/suricata/eve.json,,0,,,1
2026-07-14T15:27:54.584+0000,86601,3,"[""ids"", ""suricata""]",Suricata: Alert - SURICATA STREAM 3way handshake excessive different SYNs,002,CibleWazuh,,,/var/log/suricata/eve.json,,0,,,1
2026-07-14T15:37:43.521+0000,86601,3,"[""ids"", ""suricata""]",Suricata: Alert - SURICATA STREAM 3way handshake excessive different SYNs,002,CibleWazuh,,,/var/log/suricata/eve.json,,0,,,1
2026-07-14T15:25:12.964+0000,86601,3,"[""ids"", ""suricata""]",Suricata: Alert - SURICATA STREAM 3way handshake excessive different SYNs,002,CibleWazuh,,,/var/log/suricata/eve.json,,0,,,1
2026-07-14T15:27:56.413+0000,86601,3,"[""ids"", ""suricata""]",Suricata: Alert - SURICATA STREAM 3way handshake excessive different SYNs,002,CibleWazuh,,,/var/log/suricata/eve.json,,0,,,1
2026-07-14T15:27:56.073+0000,86601,3,"[""ids"", ""suricata""]",Suricata: Alert - SURICATA STREAM 3way handshake excessive different SYNs,002,CibleWazuh,,,/var/log/suricata/eve.json,,0,,,1
2026-07-14T15:37:52.912+0000,86601,3,"[""ids"", ""suricata""]",Suricata: Alert - SURICATA STREAM 3way handshake excessive different SYNs,002,CibleWazuh,,,/var/log/suricata/eve.json,,0,,,1
2026-07-14T15:25:17.628+0000,86601,3,"[""ids"", ""suricata""]",Suricata: Alert - SURICATA STREAM 3way handshake excessive different SYNs,002,CibleWazuh,,,/var/log/suricata/eve.json,,0,,,1
2026-07-14T15:25:36.414+0000,86601,3,"[""ids"", ""suricata""]",Suricata: Alert - SURICATA STREAM 3way handshake excessive different SYNs,002,CibleWazuh,,,/var/log/suricata/eve.json,,0,,,1
2026-07-14T15:31:15.980+0000,86601,3,"[""ids"", ""suricata""]",Suricata: Alert - SURICATA STREAM 3way handshake excessive different SYNs,002,CibleWazuh,,,/var/log/suricata/eve.json,,0,,,1
2026-07-14T15:25:28.031+0000,86601,3,"[""ids"", ""suricata""]",Suricata: Alert - SURICATA STREAM 3way handshake excessive different SYNs,002,CibleWazuh,,,/var/log/suricata/eve.json,,0,,,1
2026-07-14T15:25:09.340+0000,86601,3,"[""ids"", ""suricata""]",Suricata: Alert - SURICATA STREAM 3way handshake excessive different SYNs,002,CibleWazuh,,,/var/log/suricata/eve.json,,0,,,1
2026-07-14T15:25:34.313+0000,86601,3,"[""ids"", ""suricata""]",Suricata: Alert - SURICATA STREAM 3way handshake excessive different SYNs,002,CibleWazuh,,,/var/log/suricata/eve.json,,0,,,1
2026-07-14T15:27:49.484+0000,86601,3,"[""ids"", ""suricata""]",Suricata: Alert - SURICATA STREAM 3way handshake excessive different SYNs,002,CibleWazuh,,,/var/log/suricata/eve.json,,0,,,1
2026-07-14T15:25:03.931+0000,86601,3,"[""ids"", ""suricata""]",Suricata: Alert - SURICATA STREAM 3way handshake excessive different SYNs,002,CibleWazuh,,,/var/log/suricata/eve.json,,0,,,1
2026-07-14T15:27:50.960+0000,86601,3,"[""ids"", ""suricata""]",Suricata: Alert - SURICATA STREAM 3way handshake excessive different SYNs,002,CibleWazuh,,,/var/log/suricata/eve.json,,0,,,1
2026-07-14T15:27:53.975+0000,86601,3,"[""ids"", ""suricata""]",Suricata: Alert - SURICATA STREAM 3way handshake excessive different SYNs,002,CibleWazuh,,,/var/log/suricata/eve.json,,0,,,1
2026-07-14T15:25:21.964+0000,86601,3,"[""ids"", ""suricata""]",Suricata: Alert - SURICATA STREAM 3way handshake excessive different SYNs,002,CibleWazuh,,,/var/log/suricata/eve.json,,0,,,1
2026-07-14T15:37:57.016+0000,86601,3,"[""ids"", ""suricata""]",Suricata: Alert - SURICATA STREAM 3way handshake excessive different SYNs,002,CibleWazuh,,,/var/log/suricata/eve.json,,0,,,1
2026-07-14T15:25:37.953+0000,86601,3,"[""ids"", ""suricata""]",Suricata: Alert - SURICATA STREAM 3way handshake excessive different SYNs,002,CibleWazuh,,,/var/log/suricata/eve.json,,0,,,1
2026-07-14T15:25:35.500+0000,86601,3,"[""ids"", ""suricata""]",Suricata: Alert - SURICATA STREAM 3way handshake excessive different SYNs,002,CibleWazuh,,,/var/log/suricata/eve.json,,0,,,1
2026-07-14T15:25:20.163+0000,86601,3,"[""ids"", ""suricata""]",Suricata: Alert - SURICATA STREAM 3way handshake excessive different SYNs,002,CibleWazuh,,,/var/log/suricata/eve.json,,0,,,1
2026-07-14T15:38:01.756+0000,86601,3,"[""ids"", ""suricata""]",Suricata: Alert - SURICATA STREAM 3way handshake excessive different SYNs,002,CibleWazuh,,,/var/log/suricata/eve.json,,0,,,1
2026-07-14T15:30:57.892+0000,86601,3,"[""ids"", ""suricata""]",Suricata: Alert - SURICATA STREAM 3way handshake excessive different SYNs,002,CibleWazuh,,,/var/log/suricata/eve.json,,0,,,1
2026-07-14T15:18:11.034+0000,5715,3,"[""syslog"", ""sshd"", ""authentication_success""]",sshd: authentication success.,002,CibleWazuh,192.168.30.3,vboxuser,journald,Jul 14 15:18:10 CibleWazuh sshd[13954]: Accepted publickey for vboxuser from 192.168.30.3 port 52400 ssh2: ED25519 SHA256:20bmF6ePWf19PC7lAtzvSHwmvgK6SuGC7RGzx0eI6UY,1,PARROT-NMAP-01,malicious_nmap,0
2026-07-14T15:26:12.980+0000,86601,3,"[""ids"", ""suricata""]",Suricata: Alert - SURICATA STREAM 3way handshake excessive different SYNs,002,CibleWazuh,,,/var/log/suricata/eve.json,,0,,,1
2026-07-14T15:18:11.065+0000,5502,3,"[""pam"", ""syslog""]",PAM: Login session closed.,002,CibleWazuh,,vboxuser,journald,Jul 14 15:18:10 CibleWazuh sshd[13954]: pam_unix(sshd:session): session closed for user vboxuser,1,PARROT-NMAP-01,malicious_nmap,0
2026-07-14T15:31:13.542+0000,86601,3,"[""ids"", ""suricata""]",Suricata: Alert - SURICATA STREAM 3way handshake excessive different SYNs,002,CibleWazuh,,,/var/log/suricata/eve.json,,0,,,1
2026-07-14T15:25:38.248+0000,86601,3,"[""ids"", ""suricata""]",Suricata: Alert - SURICATA STREAM 3way handshake excessive different SYNs,002,CibleWazuh,,,/var/log/suricata/eve.json,,0,,,1
2026-07-14T15:25:02.883+0000,86601,3,"[""ids"", ""suricata""]",Suricata: Alert - SURICATA STREAM 3way handshake excessive different SYNs,002,CibleWazuh,,,/var/log/suricata/eve.json,,0,,,1
2026-07-14T15:25:41.449+0000,86601,3,"[""ids"", ""suricata""]",Suricata: Alert - SURICATA STREAM 3way handshake excessive different SYNs,002,CibleWazuh,,,/var/log/suricata/eve.json,,0,,,1
2026-07-14T15:31:08.280+0000,86601,3,"[""ids"", ""suricata""]",Suricata: Alert - SURICATA STREAM 3way handshake excessive different SYNs,002,CibleWazuh,,,/var/log/suricata/eve.json,,0,,,1
2026-07-14T15:27:49.622+0000,86601,3,"[""ids"", ""suricata""]",Suricata: Alert - SURICATA STREAM 3way handshake excessive different SYNs,002,CibleWazuh,,,/var/log/suricata/eve.json,,0,,,1
2026-07-14T15:27:41.249+0000,86601,3,"[""ids"", ""suricata""]",Suricata: Alert - SURICATA STREAM 3way handshake excessive different SYNs,002,CibleWazuh,,,/var/log/suricata/eve.json,,0,,,1
2026-07-14T15:31:13.016+0000,86601,3,"[""ids"", ""suricata""]",Suricata: Alert - SURICATA STREAM 3way handshake excessive different SYNs,002,CibleWazuh,,,/var/log/suricata/eve.json,,0,,,1
2026-07-14T15:37:58.848+0000,86601,3,"[""ids"", ""suricata""]",Suricata: Alert - SURICATA STREAM 3way handshake excessive different SYNs,002,CibleWazuh,,,/var/log/suricata/eve.json,,0,,,1
2026-07-14T15:31:08.516+0000,86601,3,"[""ids"", ""suricata""]",Suricata: Alert - SURICATA STREAM 3way handshake excessive different SYNs,002,CibleWazuh,,,/var/log/suricata/eve.json,,0,,,1
2026-07-14T15:24:56.250+0000,86601,3,"[""ids"", ""suricata""]",Suricata: Alert - SURICATA STREAM 3way handshake excessive different SYNs,002,CibleWazuh,,,/var/log/suricata/eve.json,,0,,,1
2026-07-14T15:37:58.940+0000,86601,3,"[""ids"", ""suricata""]",Suricata: Alert - SURICATA STREAM 3way handshake excessive different SYNs,002,CibleWazuh,,,/var/log/suricata/eve.json,,0,,,1
2026-07-14T15:37:52.011+0000,86601,3,"[""ids"", ""suricata""]",Suricata: Alert - SURICATA STREAM 3way handshake excessive different SYNs,002,CibleWazuh,,,/var/log/suricata/eve.json,,0,,,1
2026-07-14T15:26:19.975+0000,86601,3,"[""ids"", ""suricata""]",Suricata: Alert - SURICATA STREAM 3way handshake excessive different SYNs,002,CibleWazuh,,,/var/log/suricata/eve.json,,0,,,1
2026-07-14T15:37:52.008+0000,86601,3,"[""ids"", ""suricata""]",Suricata: Alert - SURICATA STREAM 3way handshake excessive different SYNs,002,CibleWazuh,,,/var/log/suricata/eve.json,,0,,,1
2026-07-14T15:31:05.321+0000,86601,3,"[""ids"", ""suricata""]",Suricata: Alert - SURICATA STREAM 3way handshake excessive different SYNs,002,CibleWazuh,,,/var/log/suricata/eve.json,,0,,,1
2026-07-14T15:25:15.731+0000,86601,3,"[""ids"", ""suricata""]",Suricata: Alert - SURICATA STREAM 3way handshake excessive different SYNs,002,CibleWazuh,,,/var/log/suricata/eve.json,,0,,,1
2026-07-14T15:27:45.481+0000,86601,3,"[""ids"", ""suricata""]",Suricata: Alert - SURICATA STREAM 3way handshake excessive different SYNs,002,CibleWazuh,,,/var/log/suricata/eve.json,,0,,,1
2026-07-14T15:25:42.720+0000,86601,3,"[""ids"", ""suricata""]",Suricata: Alert - SURICATA STREAM 3way handshake excessive different SYNs,002,CibleWazuh,,,/var/log/suricata/eve.json,,0,,,1
2026-07-14T15:38:02.922+0000,86601,3,"[""ids"", ""suricata""]",Suricata: Alert - SURICATA STREAM 3way handshake excessive different SYNs,002,CibleWazuh,,,/var/log/suricata/eve.json,,0,,,1
2026-07-14T15:26:27.839+0000,86601,3,"[""ids"", ""suricata""]",Suricata: Alert - SURICATA STREAM 3way handshake excessive different SYNs,002,CibleWazuh,,,/var/log/suricata/eve.json,,0,,,1
2026-07-14T15:31:02.602+0000,86601,3,"[""ids"", ""suricata""]",Suricata: Alert - SURICATA STREAM 3way handshake excessive different SYNs,002,CibleWazuh,,,/var/log/suricata/eve.json,,0,,,1
2026-07-14T15:25:18.774+0000,86601,3,"[""ids"", ""suricata""]",Suricata: Alert - SURICATA STREAM 3way handshake excessive different SYNs,002,CibleWazuh,,,/var/log/suricata/eve.json,,0,,,1
2026-07-14T15:25:18.765+0000,86601,3,"[""ids"", ""suricata""]",Suricata: Alert - SURICATA STREAM 3way handshake excessive different SYNs,002,CibleWazuh,,,/var/log/suricata/eve.json,,0,,,1
2026-07-14T15:27:55.887+0000,86601,3,"[""ids"", ""suricata""]",Suricata: Alert - SURICATA STREAM 3way handshake excessive different SYNs,002,CibleWazuh,,,/var/log/suricata/eve.json,,0,,,1
2026-07-14T15:26:14.182+0000,86601,3,"[""ids"", ""suricata""]",Suricata: Alert - SURICATA STREAM 3way handshake excessive different SYNs,002,CibleWazuh,,,/var/log/suricata/eve.json,,0,,,1
2026-07-14T15:37:59.567+0000,86601,3,"[""ids"", ""suricata""]",Suricata: Alert - SURICATA STREAM 3way handshake excessive different SYNs,002,CibleWazuh,,,/var/log/suricata/eve.json,,0,,,1
2026-07-14T15:26:11.545+0000,86601,3,"[""ids"", ""suricata""]",Suricata: Alert - SURICATA STREAM 3way handshake excessive different SYNs,002,CibleWazuh,,,/var/log/suricata/eve.json,,0,,,1
2026-07-14T15:37:58.285+0000,86601,3,"[""ids"", ""suricata""]",Suricata: Alert - SURICATA STREAM 3way handshake excessive different SYNs,002,CibleWazuh,,,/var/log/suricata/eve.json,,0,,,1
2026-07-14T15:25:14.237+0000,86601,3,"[""ids"", ""suricata""]",Suricata: Alert - SURICATA STREAM 3way handshake excessive different SYNs,002,CibleWazuh,,,/var/log/suricata/eve.json,,0,,,1
2026-07-14T15:31:12.941+0000,86601,3,"[""ids"", ""suricata""]",Suricata: Alert - SURICATA STREAM 3way handshake excessive different SYNs,002,CibleWazuh,,,/var/log/suricata/eve.json,,0,,,1
2026-07-14T15:31:13.707+0000,86601,3,"[""ids"", ""suricata""]",Suricata: Alert - SURICATA STREAM 3way handshake excessive different SYNs,002,CibleWazuh,,,/var/log/suricata/eve.json,,0,,,1
2026-07-14T15:26:14.827+0000,86601,3,"[""ids"", ""suricata""]",Suricata: Alert - SURICATA STREAM 3way handshake excessive different SYNs,002,CibleWazuh,,,/var/log/suricata/eve.json,,0,,,1
2026-07-14T15:38:02.662+0000,86601,3,"[""ids"", ""suricata""]",Suricata: Alert - SURICATA STREAM 3way handshake excessive different SYNs,002,CibleWazuh,,,/var/log/suricata/eve.json,,0,,,1
2026-07-14T15:26:21.276+0000,86601,3,"[""ids"", ""suricata""]",Suricata: Alert - SURICATA STREAM 3way handshake excessive different SYNs,002,CibleWazuh,,,/var/log/suricata/eve.json,,0,,,1
2026-07-14T15:27:47.928+0000,86601,3,"[""ids"", ""suricata""]",Suricata: Alert - SURICATA STREAM 3way handshake excessive different SYNs,002,CibleWazuh,,,/var/log/suricata/eve.json,,0,,,1
2026-07-14T15:18:11.088+0000,5501,3,"[""pam"", ""syslog"", ""authentication_success""]",PAM: Login session opened.,002,CibleWazuh,,root,journald,Jul 14 15:18:10 CibleWazuh sudo[14054]: pam_unix(sudo:session): session opened for user root(uid=0) by (uid=1000),1,PARROT-NMAP-01,malicious_nmap,0
2026-07-14T14:18:13.569+0000,2904,7,"[""syslog"", ""dpkg"", ""config_changed""]",Dpkg (Debian Package) half configured.,002,CibleWazuh,,,/var/log/dpkg.log,2026-07-14 16:18:12 status half-configured libmemcached11:amd64 1.0.18-4.2ubuntu4,0,,,0
2026-07-14T15:37:52.348+0000,86601,3,"[""ids"", ""suricata""]",Suricata: Alert - SURICATA STREAM 3way handshake excessive different SYNs,002,CibleWazuh,,,/var/log/suricata/eve.json,,0,,,1
2026-07-14T15:25:33.380+0000,86601,3,"[""ids"", ""suricata""]",Suricata: Alert - SURICATA STREAM 3way handshake excessive different SYNs,002,CibleWazuh,,,/var/log/suricata/eve.json,,0,,,1
2026-07-14T15:26:22.896+0000,86601,3,"[""ids"", ""suricata""]",Suricata: Alert - SURICATA STREAM 3way handshake excessive different SYNs,002,CibleWazuh,,,/var/log/suricata/eve.json,,0,,,1
2026-07-14T15:31:05.402+0000,86601,3,"[""ids"", ""suricata""]",Suricata: Alert - SURICATA STREAM 3way handshake excessive different SYNs,002,CibleWazuh,,,/var/log/suricata/eve.json,,0,,,1
2026-07-14T15:24:56.748+0000,86601,3,"[""ids"", ""suricata""]",Suricata: Alert - SURICATA STREAM 3way handshake excessive different SYNs,002,CibleWazuh,,,/var/log/suricata/eve.json,,0,,,1
2026-07-14T15:31:11.700+0000,86601,3,"[""ids"", ""suricata""]",Suricata: Alert - SURICATA STREAM 3way handshake excessive different SYNs,002,CibleWazuh,,,/var/log/suricata/eve.json,,0,,,1
2026-07-14T15:37:44.173+0000,86601,3,"[""ids"", ""suricata""]",Suricata: Alert - SURICATA STREAM 3way handshake excessive different SYNs,002,CibleWazuh,,,/var/log/suricata/eve.json,,0,,,1
2026-07-14T15:25:11.330+0000,86601,3,"[""ids"", ""suricata""]",Suricata: Alert - SURICATA STREAM 3way handshake excessive different SYNs,002,CibleWazuh,,,/var/log/suricata/eve.json,,0,,,1
2026-07-14T15:27:33.481+0000,86601,3,"[""ids"", ""suricata""]",Suricata: Alert - SURICATA STREAM 3way handshake excessive different SYNs,002,CibleWazuh,,,/var/log/suricata/eve.json,,0,,,1
2026-07-14T15:31:14.567+0000,86601,3,"[""ids"", ""suricata""]",Suricata: Alert - SURICATA STREAM 3way handshake excessive different SYNs,002,CibleWazuh,,,/var/log/suricata/eve.json,,0,,,1
2026-07-14T15:18:11.055+0000,5501,3,"[""pam"", ""syslog"", ""authentication_success""]",PAM: Login session opened.,002,CibleWazuh,,root,journald,Jul 14 15:18:10 CibleWazuh sudo[13993]: pam_unix(sudo:session): session opened for user root(uid=0) by (uid=1000),1,PARROT-NMAP-01,malicious_nmap,0
2026-07-14T15:25:06.197+0000,86601,3,"[""ids"", ""suricata""]",Suricata: Alert - SURICATA STREAM 3way handshake excessive different SYNs,002,CibleWazuh,,,/var/log/suricata/eve.json,,0,,,1
2026-07-14T15:26:22.139+0000,86601,3,"[""ids"", ""suricata""]",Suricata: Alert - SURICATA STREAM 3way handshake excessive different SYNs,002,CibleWazuh,,,/var/log/suricata/eve.json,,0,,,1
2026-07-14T15:25:37.091+0000,86601,3,"[""ids"", ""suricata""]",Suricata: Alert - SURICATA STREAM 3way handshake excessive different SYNs,002,CibleWazuh,,,/var/log/suricata/eve.json,,0,,,1
2026-07-14T15:31:11.517+0000,86601,3,"[""ids"", ""suricata""]",Suricata: Alert - SURICATA STREAM 3way handshake excessive different SYNs,002,CibleWazuh,,,/var/log/suricata/eve.json,,0,,,1
2026-07-14T15:31:05.068+0000,86601,3,"[""ids"", ""suricata""]",Suricata: Alert - SURICATA STREAM 3way handshake excessive different SYNs,002,CibleWazuh,,,/var/log/suricata/eve.json,,0,,,1
2026-07-14T15:24:59.771+0000,86601,3,"[""ids"", ""suricata""]",Suricata: Alert - SURICATA STREAM 3way handshake excessive different SYNs,002,CibleWazuh,,,/var/log/suricata/eve.json,,0,,,1
2026-07-14T15:27:45.666+0000,86601,3,"[""ids"", ""suricata""]",Suricata: Alert - SURICATA STREAM 3way handshake excessive different SYNs,002,CibleWazuh,,,/var/log/suricata/eve.json,,0,,,1
2026-07-14T15:24:53.848+0000,86601,3,"[""ids"", ""suricata""]",Suricata: Alert - SURICATA STREAM 3way handshake excessive different SYNs,002,CibleWazuh,,,/var/log/suricata/eve.json,,0,,,1
2026-07-14T15:27:49.347+0000,86601,3,"[""ids"", ""suricata""]",Suricata: Alert - SURICATA STREAM 3way handshake excessive different SYNs,002,CibleWazuh,,,/var/log/suricata/eve.json,,0,,,1
2026-07-14T15:25:43.275+0000,86601,3,"[""ids"", ""suricata""]",Suricata: Alert - SURICATA STREAM 3way handshake excessive different SYNs,002,CibleWazuh,,,/var/log/suricata/eve.json,,0,,,1
2026-07-14T15:25:32.024+0000,86601,3,"[""ids"", ""suricata""]",Suricata: Alert - SURICATA STREAM 3way handshake excessive different SYNs,002,CibleWazuh,,,/var/log/suricata/eve.json,,0,,,1
2026-07-14T15:30:57.668+0000,86601,3,"[""ids"", ""suricata""]",Suricata: Alert - SURICATA STREAM 3way handshake excessive different SYNs,002,CibleWazuh,,,/var/log/suricata/eve.json,,0,,,1
2026-07-14T15:25:04.445+0000,86601,3,"[""ids"", ""suricata""]",Suricata: Alert - SURICATA STREAM 3way handshake excessive different SYNs,002,CibleWazuh,,,/var/log/suricata/eve.json,,0,,,1
2026-07-14T15:25:20.795+0000,86601,3,"[""ids"", ""suricata""]",Suricata: Alert - SURICATA STREAM 3way handshake excessive different SYNs,002,CibleWazuh,,,/var/log/suricata/eve.json,,0,,,1
2026-07-14T15:30:59.583+0000,86601,3,"[""ids"", ""suricata""]",Suricata: Alert - SURICATA STREAM 3way handshake excessive different SYNs,002,CibleWazuh,,,/var/log/suricata/eve.json,,0,,,1
2026-07-14T14:58:26.599+0000,5502,3,"[""pam"", ""syslog""]",PAM: Login session closed.,002,CibleWazuh,,vboxuser,journald,Jul 14 14:58:25 CibleWazuh sshd[12306]: pam_unix(sshd:session): session closed for user vboxuser,0,,,0
2026-07-14T15:25:01.709+0000,86601,3,"[""ids"", ""suricata""]",Suricata: Alert - SURICATA STREAM 3way handshake excessive different SYNs,002,CibleWazuh,,,/var/log/suricata/eve.json,,0,,,1
2026-07-14T15:37:45.172+0000,86601,3,"[""ids"", ""suricata""]",Suricata: Alert - SURICATA STREAM 3way handshake excessive different SYNs,002,CibleWazuh,,,/var/log/suricata/eve.json,,0,,,1
2026-07-14T15:27:55.817+0000,86601,3,"[""ids"", ""suricata""]",Suricata: Alert - SURICATA STREAM 3way handshake excessive different SYNs,002,CibleWazuh,,,/var/log/suricata/eve.json,,0,,,1
2026-07-14T15:25:27.278+0000,86601,3,"[""ids"", ""suricata""]",Suricata: Alert - SURICATA STREAM 3way handshake excessive different SYNs,002,CibleWazuh,,,/var/log/suricata/eve.json,,0,,,1
2026-07-14T15:27:48.174+0000,86601,3,"[""ids"", ""suricata""]",Suricata: Alert - SURICATA STREAM 3way handshake excessive different SYNs,002,CibleWazuh,,,/var/log/suricata/eve.json,,0,,,1
2026-07-14T15:31:07.169+0000,86601,3,"[""ids"", ""suricata""]",Suricata: Alert - SURICATA STREAM 3way handshake excessive different SYNs,002,CibleWazuh,,,/var/log/suricata/eve.json,,0,,,1
2026-07-14T15:25:13.494+0000,86601,3,"[""ids"", ""suricata""]",Suricata: Alert - SURICATA STREAM 3way handshake excessive different SYNs,002,CibleWazuh,,,/var/log/suricata/eve.json,,0,,,1
2026-07-14T15:24:58.656+0000,86601,3,"[""ids"", ""suricata""]",Suricata: Alert - SURICATA STREAM 3way handshake excessive different SYNs,002,CibleWazuh,,,/var/log/suricata/eve.json,,0,,,1
2026-07-14T15:27:48.993+0000,86601,3,"[""ids"", ""suricata""]",Suricata: Alert - SURICATA STREAM 3way handshake excessive different SYNs,002,CibleWazuh,,,/var/log/suricata/eve.json,,0,,,1
2026-07-14T15:31:08.510+0000,86601,3,"[""ids"", ""suricata""]",Suricata: Alert - SURICATA STREAM 3way handshake excessive different SYNs,002,CibleWazuh,,,/var/log/suricata/eve.json,,0,,,1
2026-07-14T15:27:53.290+0000,86601,3,"[""ids"", ""suricata""]",Suricata: Alert - SURICATA STREAM 3way handshake excessive different SYNs,002,CibleWazuh,,,/var/log/suricata/eve.json,,0,,,1
2026-07-14T15:26:13.482+0000,86601,3,"[""ids"", ""suricata""]",Suricata: Alert - SURICATA STREAM 3way handshake excessive different SYNs,002,CibleWazuh,,,/var/log/suricata/eve.json,,0,,,1
2026-07-14T15:24:59.304+0000,86601,3,"[""ids"", ""suricata""]",Suricata: Alert - SURICATA STREAM 3way handshake excessive different SYNs,002,CibleWazuh,,,/var/log/suricata/eve.json,,0,,,1
2026-07-14T15:27:39.553+0000,86601,3,"[""ids"", ""suricata""]",Suricata: Alert - SURICATA STREAM 3way handshake excessive different SYNs,002,CibleWazuh,,,/var/log/suricata/eve.json,,0,,,1
2026-07-14T15:31:18.170+0000,86601,3,"[""ids"", ""suricata""]",Suricata: Alert - SURICATA STREAM 3way handshake excessive different SYNs,002,CibleWazuh,,,/var/log/suricata/eve.json,,0,,,1
2026-07-14T15:25:00.305+0000,86601,3,"[""ids"", ""suricata""]",Suricata: Alert - SURICATA STREAM 3way handshake excessive different SYNs,002,CibleWazuh,,,/var/log/suricata/eve.json,,0,,,1
2026-07-14T15:31:12.834+0000,86601,3,"[""ids"", ""suricata""]",Suricata: Alert - SURICATA STREAM 3way handshake excessive different SYNs,002,CibleWazuh,,,/var/log/suricata/eve.json,,0,,,1
2026-07-14T15:38:01.534+0000,86601,3,"[""ids"", ""suricata""]",Suricata: Alert - SURICATA STREAM 3way handshake excessive different SYNs,002,CibleWazuh,,,/var/log/suricata/eve.json,,0,,,1
2026-07-14T15:30:58.530+0000,86601,3,"[""ids"", ""suricata""]",Suricata: Alert - SURICATA STREAM 3way handshake excessive different SYNs,002,CibleWazuh,,,/var/log/suricata/eve.json,,0,,,1
2026-07-14T15:25:14.675+0000,86601,3,"[""ids"", ""suricata""]",Suricata: Alert - SURICATA STREAM 3way handshake excessive different SYNs,002,CibleWazuh,,,/var/log/suricata/eve.json,,0,,,1
2026-07-14T15:31:15.303+0000,86601,3,"[""ids"", ""suricata""]",Suricata: Alert - SURICATA STREAM 3way handshake excessive different SYNs,002,CibleWazuh,,,/var/log/suricata/eve.json,,0,,,1
2026-07-14T15:25:33.371+0000,86601,3,"[""ids"", ""suricata""]",Suricata: Alert - SURICATA STREAM 3way handshake excessive different SYNs,002,CibleWazuh,,,/var/log/suricata/eve.json,,0,,,1
2026-07-14T14:58:02.556+0000,5760,5,"[""syslog"", ""sshd"", ""authentication_failed""]",sshd: authentication failed.,002,CibleWazuh,192.168.30.10,vboxuser,journald,Jul 14 14:58:01 CibleWazuh sshd[12255]: Failed password for vboxuser from 192.168.30.10 port 42316 ssh2,1,TG-0030,malicious_bruteforce,0
2026-07-14T15:26:11.480+0000,86601,3,"[""ids"", ""suricata""]",Suricata: Alert - SURICATA STREAM 3way handshake excessive different SYNs,002,CibleWazuh,,,/var/log/suricata/eve.json,,0,,,1
2026-07-14T15:31:14.532+0000,86601,3,"[""ids"", ""suricata""]",Suricata: Alert - SURICATA STREAM 3way handshake excessive different SYNs,002,CibleWazuh,,,/var/log/suricata/eve.json,,0,,,1
2026-07-14T15:31:18.329+0000,86601,3,"[""ids"", ""suricata""]",Suricata: Alert - SURICATA STREAM 3way handshake excessive different SYNs,002,CibleWazuh,,,/var/log/suricata/eve.json,,0,,,1
2026-07-14T14:07:50.873+0000,40704,5,"[""local"", ""systemd""]",Systemd: Service exited due to a failure.,000,UbuntuWazuh,,,journald,"Jul 14 14:07:49 UbuntuWazuh systemd[1]: wazuh-inference.service: Main process exited, code=exited, status=1/FAILURE",0,,,0
2026-07-14T15:31:02.591+0000,86601,3,"[""ids"", ""suricata""]",Suricata: Alert - SURICATA STREAM 3way handshake excessive different SYNs,002,CibleWazuh,,,/var/log/suricata/eve.json,,0,,,1
2026-07-14T15:37:43.629+0000,86601,3,"[""ids"", ""suricata""]",Suricata: Alert - SURICATA STREAM 3way handshake excessive different SYNs,002,CibleWazuh,,,/var/log/suricata/eve.json,,0,,,1
2026-07-14T15:25:03.006+0000,86601,3,"[""ids"", ""suricata""]",Suricata: Alert - SURICATA STREAM 3way handshake excessive different SYNs,002,CibleWazuh,,,/var/log/suricata/eve.json,,0,,,1
2026-07-14T15:37:44.482+0000,86601,3,"[""ids"", ""suricata""]",Suricata: Alert - SURICATA STREAM 3way handshake excessive different SYNs,002,CibleWazuh,,,/var/log/suricata/eve.json,,0,,,1
2026-07-14T15:31:06.228+0000,86601,3,"[""ids"", ""suricata""]",Suricata: Alert - SURICATA STREAM 3way handshake excessive different SYNs,002,CibleWazuh,,,/var/log/suricata/eve.json,,0,,,1
2026-07-14T15:25:12.829+0000,86601,3,"[""ids"", ""suricata""]",Suricata: Alert - SURICATA STREAM 3way handshake excessive different SYNs,002,CibleWazuh,,,/var/log/suricata/eve.json,,0,,,1
2026-07-14T15:26:11.582+0000,86601,3,"[""ids"", ""suricata""]",Suricata: Alert - SURICATA STREAM 3way handshake excessive different SYNs,002,CibleWazuh,,,/var/log/suricata/eve.json,,0,,,1
2026-07-14T15:27:58.172+0000,86601,3,"[""ids"", ""suricata""]",Suricata: Alert - SURICATA STREAM 3way handshake excessive different SYNs,002,CibleWazuh,,,/var/log/suricata/eve.json,,0,,,1
2026-07-14T15:27:49.231+0000,86601,3,"[""ids"", ""suricata""]",Suricata: Alert - SURICATA STREAM 3way handshake excessive different SYNs,002,CibleWazuh,,,/var/log/suricata/eve.json,,0,,,1
2026-07-14T15:27:44.948+0000,86601,3,"[""ids"", ""suricata""]",Suricata: Alert - SURICATA STREAM 3way handshake excessive different SYNs,002,CibleWazuh,,,/var/log/suricata/eve.json,,0,,,1
2026-07-14T15:25:15.575+0000,86601,3,"[""ids"", ""suricata""]",Suricata: Alert - SURICATA STREAM 3way handshake excessive different SYNs,002,CibleWazuh,,,/var/log/suricata/eve.json,,0,,,1
2026-07-14T15:24:57.357+0000,86601,3,"[""ids"", ""suricata""]",Suricata: Alert - SURICATA STREAM 3way handshake excessive different SYNs,002,CibleWazuh,,,/var/log/suricata/eve.json,,0,,,1
2026-07-14T15:31:03.457+0000,86601,3,"[""ids"", ""suricata""]",Suricata: Alert - SURICATA STREAM 3way handshake excessive different SYNs,002,CibleWazuh,,,/var/log/suricata/eve.json,,0,,,1
2026-07-14T15:24:57.549+0000,86601,3,"[""ids"", ""suricata""]",Suricata: Alert - SURICATA STREAM 3way handshake excessive different SYNs,002,CibleWazuh,,,/var/log/suricata/eve.json,,0,,,1
2026-07-14T15:30:56.068+0000,86601,3,"[""ids"", ""suricata""]",Suricata: Alert - SURICATA STREAM 3way handshake excessive different SYNs,002,CibleWazuh,,,/var/log/suricata/eve.json,,0,,,1
2026-07-14T15:31:02.248+0000,86601,3,"[""ids"", ""suricata""]",Suricata: Alert - SURICATA STREAM 3way handshake excessive different SYNs,002,CibleWazuh,,,/var/log/suricata/eve.json,,0,,,1
2026-07-14T14:58:02.556+0000,5760,5,"[""syslog"", ""sshd"", ""authentication_failed""]",sshd: authentication failed.,002,CibleWazuh,192.168.30.10,vboxuser,journald,Jul 14 14:58:01 CibleWazuh sshd[12254]: Failed password for vboxuser from 192.168.30.10 port 42300 ssh2,1,TG-0030,malicious_bruteforce,0
2026-07-14T15:25:15.558+0000,86601,3,"[""ids"", ""suricata""]",Suricata: Alert - SURICATA STREAM 3way handshake excessive different SYNs,002,CibleWazuh,,,/var/log/suricata/eve.json,,0,,,1
2026-07-14T15:31:00.912+0000,86601,3,"[""ids"", ""suricata""]",Suricata: Alert - SURICATA STREAM 3way handshake excessive different SYNs,002,CibleWazuh,,,/var/log/suricata/eve.json,,0,,,1
2026-07-14T15:27:58.239+0000,86601,3,"[""ids"", ""suricata""]",Suricata: Alert - ET SCAN Port scan detected,002,CibleWazuh,,,/var/log/suricata/eve.json,,0,,,1
2026-07-14T15:25:23.784+0000,86601,3,"[""ids"", ""suricata""]",Suricata: Alert - SURICATA STREAM 3way handshake excessive different SYNs,002,CibleWazuh,,,/var/log/suricata/eve.json,,0,,,1
2026-07-14T15:24:57.795+0000,86601,3,"[""ids"", ""suricata""]",Suricata: Alert - SURICATA STREAM 3way handshake excessive different SYNs,002,CibleWazuh,,,/var/log/suricata/eve.json,,0,,,1
2026-07-14T15:37:54.893+0000,86601,3,"[""ids"", ""suricata""]",Suricata: Alert - SURICATA STREAM 3way handshake excessive different SYNs,002,CibleWazuh,,,/var/log/suricata/eve.json,,0,,,1
2026-07-14T15:25:15.496+0000,86601,3,"[""ids"", ""suricata""]",Suricata: Alert - SURICATA STREAM 3way handshake excessive different SYNs,002,CibleWazuh,,,/var/log/suricata/eve.json,,0,,,1
2026-07-14T14:41:01.788+0000,5501,3,"[""pam"", ""syslog"", ""authentication_success""]",PAM: Login session opened.,000,UbuntuWazuh,,root,journald,Jul 14 14:41:01 UbuntuWazuh sudo[23703]: pam_unix(sudo:session): session opened for user root(uid=0) by vboxuser(uid=0),0,,,0
2026-07-14T14:18:29.387+0000,5402,3,"[""syslog"", ""sudo""]",Successful sudo to ROOT executed.,002,CibleWazuh,,root,journald,Jul 14 14:18:28 CibleWazuh sudo[8206]: vboxuser : PWD=/home/vboxuser/wazuh-test/traffic-generator ; USER=root ; COMMAND=/usr/bin/python3 main.py --config config.yaml --duration 120,1,TG-0002,malicious_bruteforce,0
2026-07-14T15:30:57.144+0000,86601,3,"[""ids"", ""suricata""]",Suricata: Alert - SURICATA STREAM 3way handshake excessive different SYNs,002,CibleWazuh,,,/var/log/suricata/eve.json,,0,,,1
2026-07-14T15:24:59.025+0000,86601,3,"[""ids"", ""suricata""]",Suricata: Alert - SURICATA STREAM 3way handshake excessive different SYNs,002,CibleWazuh,,,/var/log/suricata/eve.json,,0,,,1
2026-07-14T14:59:42.683+0000,5501,3,"[""pam"", ""syslog"", ""authentication_success""]",PAM: Login session opened.,002,CibleWazuh,,root,journald,Jul 14 14:59:41 CibleWazuh sudo[12653]: pam_unix(sudo:session): session opened for user root(uid=0) by (uid=1000),0,,,0
2026-07-14T15:37:57.062+0000,86601,3,"[""ids"", ""suricata""]",Suricata: Alert - SURICATA STREAM 3way handshake excessive different SYNs,002,CibleWazuh,,,/var/log/suricata/eve.json,,0,,,1
2026-07-14T15:37:53.596+0000,86601,3,"[""ids"", ""suricata""]",Suricata: Alert - SURICATA STREAM 3way handshake excessive different SYNs,002,CibleWazuh,,,/var/log/suricata/eve.json,,0,,,1
2026-07-14T15:38:02.198+0000,86601,3,"[""ids"", ""suricata""]",Suricata: Alert - SURICATA STREAM 3way handshake excessive different SYNs,002,CibleWazuh,,,/var/log/suricata/eve.json,,0,,,1
2026-07-14T15:25:34.049+0000,86601,3,"[""ids"", ""suricata""]",Suricata: Alert - SURICATA STREAM 3way handshake excessive different SYNs,002,CibleWazuh,,,/var/log/suricata/eve.json,,0,,,1
2026-07-14T15:26:13.573+0000,86601,3,"[""ids"", ""suricata""]",Suricata: Alert - SURICATA STREAM 3way handshake excessive different SYNs,002,CibleWazuh,,,/var/log/suricata/eve.json,,0,,,1
2026-07-14T15:31:07.754+0000,86601,3,"[""ids"", ""suricata""]",Suricata: Alert - SURICATA STREAM 3way handshake excessive different SYNs,002,CibleWazuh,,,/var/log/suricata/eve.json,,0,,,1
2026-07-14T15:27:45.724+0000,86601,3,"[""ids"", ""suricata""]",Suricata: Alert - SURICATA STREAM 3way handshake excessive different SYNs,002,CibleWazuh,,,/var/log/suricata/eve.json,,0,,,1
2026-07-14T15:27:53.120+0000,86601,3,"[""ids"", ""suricata""]",Suricata: Alert - SURICATA STREAM 3way handshake excessive different SYNs,002,CibleWazuh,,,/var/log/suricata/eve.json,,0,,,1
2026-07-14T15:24:54.769+0000,86601,3,"[""ids"", ""suricata""]",Suricata: Alert - SURICATA STREAM 3way handshake excessive different SYNs,002,CibleWazuh,,,/var/log/suricata/eve.json,,0,,,1
2026-07-14T15:25:40.999+0000,86601,3,"[""ids"", ""suricata""]",Suricata: Alert - SURICATA STREAM 3way handshake excessive different SYNs,002,CibleWazuh,,,/var/log/suricata/eve.json,,0,,,1
2026-07-14T15:37:52.017+0000,86601,3,"[""ids"", ""suricata""]",Suricata: Alert - SURICATA STREAM 3way handshake excessive different SYNs,002,CibleWazuh,,,/var/log/suricata/eve.json,,0,,,1
2026-07-14T14:51:54.385+0000,86601,3,"[""ids"", ""suricata""]",Suricata: Alert - ET SCAN NMAP TCP connect -sT,002,CibleWazuh,,,/var/log/suricata/eve.json,,0,,,1
2026-07-14T15:27:47.259+0000,86601,3,"[""ids"", ""suricata""]",Suricata: Alert - SURICATA STREAM 3way handshake excessive different SYNs,002,CibleWazuh,,,/var/log/suricata/eve.json,,0,,,1
2026-07-14T15:27:42.307+0000,86601,3,"[""ids"", ""suricata""]",Suricata: Alert - SURICATA STREAM 3way handshake excessive different SYNs,002,CibleWazuh,,,/var/log/suricata/eve.json,,0,,,1
2026-07-14T15:26:20.266+0000,86601,3,"[""ids"", ""suricata""]",Suricata: Alert - SURICATA STREAM 3way handshake excessive different SYNs,002,CibleWazuh,,,/var/log/suricata/eve.json,,0,,,1
2026-07-14T15:27:55.959+0000,86601,3,"[""ids"", ""suricata""]",Suricata: Alert - SURICATA STREAM 3way handshake excessive different SYNs,002,CibleWazuh,,,/var/log/suricata/eve.json,,0,,,1
2026-07-14T14:18:29.377+0000,5715,3,"[""syslog"", ""sshd"", ""authentication_success""]",sshd: authentication success.,002,CibleWazuh,192.168.30.3,vboxuser,journald,Jul 14 14:18:28 CibleWazuh sshd[8169]: Accepted publickey for vboxuser from 192.168.30.3 port 49144 ssh2: ED25519 SHA256:20bmF6ePWf19PC7lAtzvSHwmvgK6SuGC7RGzx0eI6UY,1,TG-0002,malicious_bruteforce,0
2026-07-14T15:30:50.230+0000,86601,3,"[""ids"", ""suricata""]",Suricata: Alert - SURICATA STREAM 3way handshake excessive different SYNs,002,CibleWazuh,,,/var/log/suricata/eve.json,,0,,,1
2026-07-14T15:24:55.236+0000,86601,3,"[""ids"", ""suricata""]",Suricata: Alert - SURICATA STREAM 3way handshake excessive different SYNs,002,CibleWazuh,,,/var/log/suricata/eve.json,,0,,,1
2026-07-14T15:25:39.789+0000,86601,3,"[""ids"", ""suricata""]",Suricata: Alert - SURICATA STREAM 3way handshake excessive different SYNs,002,CibleWazuh,,,/var/log/suricata/eve.json,,0,,,1
2026-07-14T15:31:12.709+0000,86601,3,"[""ids"", ""suricata""]",Suricata: Alert - SURICATA STREAM 3way handshake excessive different SYNs,002,CibleWazuh,,,/var/log/suricata/eve.json,,0,,,1
2026-07-14T15:26:22.984+0000,86601,3,"[""ids"", ""suricata""]",Suricata: Alert - SURICATA STREAM 3way handshake excessive different SYNs,002,CibleWazuh,,,/var/log/suricata/eve.json,,0,,,1
2026-07-14T15:37:44.199+0000,86601,3,"[""ids"", ""suricata""]",Suricata: Alert - SURICATA STREAM 3way handshake excessive different SYNs,002,CibleWazuh,,,/var/log/suricata/eve.json,,0,,,1
2026-07-14T15:31:13.265+0000,86601,3,"[""ids"", ""suricata""]",Suricata: Alert - SURICATA STREAM 3way handshake excessive different SYNs,002,CibleWazuh,,,/var/log/suricata/eve.json,,0,,,1
2026-07-14T15:26:19.047+0000,86601,3,"[""ids"", ""suricata""]",Suricata: Alert - SURICATA STREAM 3way handshake excessive different SYNs,002,CibleWazuh,,,/var/log/suricata/eve.json,,0,,,1
2026-07-14T15:26:27.670+0000,86601,3,"[""ids"", ""suricata""]",Suricata: Alert - SURICATA STREAM 3way handshake excessive different SYNs,002,CibleWazuh,,,/var/log/suricata/eve.json,,0,,,1
2026-07-14T15:27:48.101+0000,86601,3,"[""ids"", ""suricata""]",Suricata: Alert - SURICATA STREAM 3way handshake excessive different SYNs,002,CibleWazuh,,,/var/log/suricata/eve.json,,0,,,1
2026-07-14T14:06:56.714+0000,40704,5,"[""local"", ""systemd""]",Systemd: Service exited due to a failure.,000,UbuntuWazuh,,,journald,"Jul 14 14:06:54 UbuntuWazuh systemd[1]: wazuh-inference.service: Main process exited, code=exited, status=1/FAILURE",0,,,0
2026-07-14T15:26:17.439+0000,86601,3,"[""ids"", ""suricata""]",Suricata: Alert - SURICATA STREAM 3way handshake excessive different SYNs,002,CibleWazuh,,,/var/log/suricata/eve.json,,0,,,1
2026-07-14T15:31:00.888+0000,86601,3,"[""ids"", ""suricata""]",Suricata: Alert - SURICATA STREAM 3way handshake excessive different SYNs,002,CibleWazuh,,,/var/log/suricata/eve.json,,0,,,1
2026-07-14T15:27:57.762+0000,86601,3,"[""ids"", ""suricata""]",Suricata: Alert - SURICATA STREAM 3way handshake excessive different SYNs,002,CibleWazuh,,,/var/log/suricata/eve.json,,0,,,1
2026-07-14T15:25:31.430+0000,86601,3,"[""ids"", ""suricata""]",Suricata: Alert - SURICATA STREAM 3way handshake excessive different SYNs,002,CibleWazuh,,,/var/log/suricata/eve.json,,0,,,1
2026-07-14T15:25:41.317+0000,86601,3,"[""ids"", ""suricata""]",Suricata: Alert - SURICATA STREAM 3way handshake excessive different SYNs,002,CibleWazuh,,,/var/log/suricata/eve.json,,0,,,1
2026-07-14T15:37:42.647+0000,86601,3,"[""ids"", ""suricata""]",Suricata: Alert - SURICATA STREAM 3way handshake excessive different SYNs,002,CibleWazuh,,,/var/log/suricata/eve.json,,0,,,1
2026-07-14T15:26:25.647+0000,86601,3,"[""ids"", ""suricata""]",Suricata: Alert - SURICATA STREAM 3way handshake excessive different SYNs,002,CibleWazuh,,,/var/log/suricata/eve.json,,0,,,1
2026-07-14T15:25:07.594+0000,86601,3,"[""ids"", ""suricata""]",Suricata: Alert - SURICATA STREAM 3way handshake excessive different SYNs,002,CibleWazuh,,,/var/log/suricata/eve.json,,0,,,1
2026-07-14T15:31:06.774+0000,86601,3,"[""ids"", ""suricata""]",Suricata: Alert - SURICATA STREAM 3way handshake excessive different SYNs,002,CibleWazuh,,,/var/log/suricata/eve.json,,0,,,1
2026-07-14T15:24:54.880+0000,86601,3,"[""ids"", ""suricata""]",Suricata: Alert - SURICATA STREAM 3way handshake excessive different SYNs,002,CibleWazuh,,,/var/log/suricata/eve.json,,0,,,1
2026-07-14T15:25:26.889+0000,86601,3,"[""ids"", ""suricata""]",Suricata: Alert - SURICATA STREAM 3way handshake excessive different SYNs,002,CibleWazuh,,,/var/log/suricata/eve.json,,0,,,1
2026-07-14T15:25:13.072+0000,86601,3,"[""ids"", ""suricata""]",Suricata: Alert - SURICATA STREAM 3way handshake excessive different SYNs,002,CibleWazuh,,,/var/log/suricata/eve.json,,0,,,1
2026-07-14T15:25:37.112+0000,86601,3,"[""ids"", ""suricata""]",Suricata: Alert - SURICATA STREAM 3way handshake excessive different SYNs,002,CibleWazuh,,,/var/log/suricata/eve.json,,0,,,1
2026-07-14T15:31:13.416+0000,86601,3,"[""ids"", ""suricata""]",Suricata: Alert - SURICATA STREAM 3way handshake excessive different SYNs,002,CibleWazuh,,,/var/log/suricata/eve.json,,0,,,1
2026-07-14T15:26:24.578+0000,86601,3,"[""ids"", ""suricata""]",Suricata: Alert - SURICATA STREAM 3way handshake excessive different SYNs,002,CibleWazuh,,,/var/log/suricata/eve.json,,0,,,1
2026-07-14T15:37:56.768+0000,86601,3,"[""ids"", ""suricata""]",Suricata: Alert - SURICATA STREAM 3way handshake excessive different SYNs,002,CibleWazuh,,,/var/log/suricata/eve.json,,0,,,1
2026-07-14T14:18:31.372+0000,5760,5,"[""syslog"", ""sshd"", ""authentication_failed""]",sshd: authentication failed.,002,CibleWazuh,192.168.30.10,vboxuser,journald,Jul 14 14:18:30 CibleWazuh sshd[8217]: Failed password for vboxuser from 192.168.30.10 port 54454 ssh2,1,TG-0002,malicious_bruteforce,0
2026-07-14T15:27:49.500+0000,86601,3,"[""ids"", ""suricata""]",Suricata: Alert - SURICATA STREAM 3way handshake excessive different SYNs,002,CibleWazuh,,,/var/log/suricata/eve.json,,0,,,1
2026-07-14T15:27:49.332+0000,86601,3,"[""ids"", ""suricata""]",Suricata: Alert - SURICATA STREAM 3way handshake excessive different SYNs,002,CibleWazuh,,,/var/log/suricata/eve.json,,0,,,1
2026-07-14T15:26:27.820+0000,86601,3,"[""ids"", ""suricata""]",Suricata: Alert - SURICATA STREAM 3way handshake excessive different SYNs,002,CibleWazuh,,,/var/log/suricata/eve.json,,0,,,1
2026-07-14T15:25:17.353+0000,86601,3,"[""ids"", ""suricata""]",Suricata: Alert - SURICATA STREAM 3way handshake excessive different SYNs,002,CibleWazuh,,,/var/log/suricata/eve.json,,0,,,1
2026-07-14T15:36:48.598+0000,86601,3,"[""ids"", ""suricata""]",Suricata: Alert - ET SCAN Port scan detected,002,CibleWazuh,,,/var/log/suricata/eve.json,,0,,,1
2026-07-14T15:25:40.583+0000,86601,3,"[""ids"", ""suricata""]",Suricata: Alert - SURICATA STREAM 3way handshake excessive different SYNs,002,CibleWazuh,,,/var/log/suricata/eve.json,,0,,,1
2026-07-14T15:30:58.600+0000,86601,3,"[""ids"", ""suricata""]",Suricata: Alert - SURICATA STREAM 3way handshake excessive different SYNs,002,CibleWazuh,,,/var/log/suricata/eve.json,,0,,,1
2026-07-14T15:38:02.114+0000,86601,3,"[""ids"", ""suricata""]",Suricata: Alert - SURICATA STREAM 3way handshake excessive different SYNs,002,CibleWazuh,,,/var/log/suricata/eve.json,,0,,,1
2026-07-14T15:25:16.089+0000,86601,3,"[""ids"", ""suricata""]",Suricata: Alert - SURICATA STREAM 3way handshake excessive different SYNs,002,CibleWazuh,,,/var/log/suricata/eve.json,,0,,,1
2026-07-14T15:25:40.989+0000,86601,3,"[""ids"", ""suricata""]",Suricata: Alert - SURICATA STREAM 3way handshake excessive different SYNs,002,CibleWazuh,,,/var/log/suricata/eve.json,,0,,,1
2026-07-14T15:27:40.200+0000,86601,3,"[""ids"", ""suricata""]",Suricata: Alert - SURICATA STREAM 3way handshake excessive different SYNs,002,CibleWazuh,,,/var/log/suricata/eve.json,,0,,,1
2026-07-14T15:31:10.418+0000,86601,3,"[""ids"", ""suricata""]",Suricata: Alert - SURICATA STREAM 3way handshake excessive different SYNs,002,CibleWazuh,,,/var/log/suricata/eve.json,,0,,,1
2026-07-14T15:37:53.115+0000,86601,3,"[""ids"", ""suricata""]",Suricata: Alert - SURICATA STREAM 3way handshake excessive different SYNs,002,CibleWazuh,,,/var/log/suricata/eve.json,,0,,,1
2026-07-14T15:37:52.393+0000,86601,3,"[""ids"", ""suricata""]",Suricata: Alert - SURICATA STREAM 3way handshake excessive different SYNs,002,CibleWazuh,,,/var/log/suricata/eve.json,,0,,,1
2026-07-14T15:37:57.104+0000,86601,3,"[""ids"", ""suricata""]",Suricata: Alert - SURICATA STREAM 3way handshake excessive different SYNs,002,CibleWazuh,,,/var/log/suricata/eve.json,,0,,,1
2026-07-14T15:25:22.162+0000,86601,3,"[""ids"", ""suricata""]",Suricata: Alert - SURICATA STREAM 3way handshake excessive different SYNs,002,CibleWazuh,,,/var/log/suricata/eve.json,,0,,,1
2026-07-14T15:31:09.640+0000,86601,3,"[""ids"", ""suricata""]",Suricata: Alert - SURICATA STREAM 3way handshake excessive different SYNs,002,CibleWazuh,,,/var/log/suricata/eve.json,,0,,,1
2026-07-14T15:24:54.942+0000,86601,3,"[""ids"", ""suricata""]",Suricata: Alert - SURICATA STREAM 3way handshake excessive different SYNs,002,CibleWazuh,,,/var/log/suricata/eve.json,,0,,,1
2026-07-14T15:25:10.732+0000,86601,3,"[""ids"", ""suricata""]",Suricata: Alert - SURICATA STREAM 3way handshake excessive different SYNs,002,CibleWazuh,,,/var/log/suricata/eve.json,,0,,,1
2026-07-14T15:27:33.421+0000,86601,3,"[""ids"", ""suricata""]",Suricata: Alert - SURICATA STREAM 3way handshake excessive different SYNs,002,CibleWazuh,,,/var/log/suricata/eve.json,,0,,,1
2026-07-14T15:31:10.266+0000,86601,3,"[""ids"", ""suricata""]",Suricata: Alert - SURICATA STREAM 3way handshake excessive different SYNs,002,CibleWazuh,,,/var/log/suricata/eve.json,,0,,,1
2026-07-14T15:37:54.039+0000,86601,3,"[""ids"", ""suricata""]",Suricata: Alert - SURICATA STREAM 3way handshake excessive different SYNs,002,CibleWazuh,,,/var/log/suricata/eve.json,,0,,,1
2026-07-14T15:26:16.121+0000,86601,3,"[""ids"", ""suricata""]",Suricata: Alert - SURICATA STREAM 3way handshake excessive different SYNs,002,CibleWazuh,,,/var/log/suricata/eve.json,,0,,,1
2026-07-14T15:25:30.545+0000,86601,3,"[""ids"", ""suricata""]",Suricata: Alert - SURICATA STREAM 3way handshake excessive different SYNs,002,CibleWazuh,,,/var/log/suricata/eve.json,,0,,,1
2026-07-14T15:26:17.642+0000,86601,3,"[""ids"", ""suricata""]",Suricata: Alert - SURICATA STREAM 3way handshake excessive different SYNs,002,CibleWazuh,,,/var/log/suricata/eve.json,,0,,,1
2026-07-14T15:37:52.571+0000,86601,3,"[""ids"", ""suricata""]",Suricata: Alert - SURICATA STREAM 3way handshake excessive different SYNs,002,CibleWazuh,,,/var/log/suricata/eve.json,,0,,,1
2026-07-14T15:38:02.696+0000,86601,3,"[""ids"", ""suricata""]",Suricata: Alert - SURICATA STREAM 3way handshake excessive different SYNs,002,CibleWazuh,,,/var/log/suricata/eve.json,,0,,,1
2026-07-14T15:24:58.489+0000,86601,3,"[""ids"", ""suricata""]",Suricata: Alert - SURICATA STREAM 3way handshake excessive different SYNs,002,CibleWazuh,,,/var/log/suricata/eve.json,,0,,,1
2026-07-14T15:27:45.397+0000,86601,3,"[""ids"", ""suricata""]",Suricata: Alert - SURICATA STREAM 3way handshake excessive different SYNs,002,CibleWazuh,,,/var/log/suricata/eve.json,,0,,,1
2026-07-14T15:38:00.135+0000,86601,3,"[""ids"", ""suricata""]",Suricata: Alert - SURICATA STREAM 3way handshake excessive different SYNs,002,CibleWazuh,,,/var/log/suricata/eve.json,,0,,,1
2026-07-14T15:24:59.245+0000,86601,3,"[""ids"", ""suricata""]",Suricata: Alert - SURICATA STREAM 3way handshake excessive different SYNs,002,CibleWazuh,,,/var/log/suricata/eve.json,,0,,,1
2026-07-14T15:25:08.750+0000,86601,3,"[""ids"", ""suricata""]",Suricata: Alert - SURICATA STREAM 3way handshake excessive different SYNs,002,CibleWazuh,,,/var/log/suricata/eve.json,,0,,,1
2026-07-14T15:25:01.615+0000,86601,3,"[""ids"", ""suricata""]",Suricata: Alert - SURICATA STREAM 3way handshake excessive different SYNs,002,CibleWazuh,,,/var/log/suricata/eve.json,,0,,,1
2026-07-14T15:31:17.841+0000,86601,3,"[""ids"", ""suricata""]",Suricata: Alert - SURICATA STREAM 3way handshake excessive different SYNs,002,CibleWazuh,,,/var/log/suricata/eve.json,,0,,,1
2026-07-14T15:25:06.508+0000,86601,3,"[""ids"", ""suricata""]",Suricata: Alert - SURICATA STREAM 3way handshake excessive different SYNs,002,CibleWazuh,,,/var/log/suricata/eve.json,,0,,,1
2026-07-14T15:25:31.358+0000,86601,3,"[""ids"", ""suricata""]",Suricata: Alert - SURICATA STREAM 3way handshake excessive different SYNs,002,CibleWazuh,,,/var/log/suricata/eve.json,,0,,,1
2026-07-14T15:25:39.088+0000,86601,3,"[""ids"", ""suricata""]",Suricata: Alert - SURICATA STREAM 3way handshake excessive different SYNs,002,CibleWazuh,,,/var/log/suricata/eve.json,,0,,,1
2026-07-14T15:37:52.973+0000,86601,3,"[""ids"", ""suricata""]",Suricata: Alert - SURICATA STREAM 3way handshake excessive different SYNs,002,CibleWazuh,,,/var/log/suricata/eve.json,,0,,,1
2026-07-14T15:27:37.370+0000,86601,3,"[""ids"", ""suricata""]",Suricata: Alert - SURICATA STREAM 3way handshake excessive different SYNs,002,CibleWazuh,,,/var/log/suricata/eve.json,,0,,,1
2026-07-14T15:25:28.421+0000,86601,3,"[""ids"", ""suricata""]",Suricata: Alert - SURICATA STREAM 3way handshake excessive different SYNs,002,CibleWazuh,,,/var/log/suricata/eve.json,,0,,,1
2026-07-14T15:25:00.549+0000,86601,3,"[""ids"", ""suricata""]",Suricata: Alert - SURICATA STREAM 3way handshake excessive different SYNs,002,CibleWazuh,,,/var/log/suricata/eve.json,,0,,,1
2026-07-14T15:37:59.487+0000,86601,3,"[""ids"", ""suricata""]",Suricata: Alert - SURICATA STREAM 3way handshake excessive different SYNs,002,CibleWazuh,,,/var/log/suricata/eve.json,,0,,,1
2026-07-14T15:25:31.196+0000,86601,3,"[""ids"", ""suricata""]",Suricata: Alert - SURICATA STREAM 3way handshake excessive different SYNs,002,CibleWazuh,,,/var/log/suricata/eve.json,,0,,,1
2026-07-14T15:38:00.390+0000,86601,3,"[""ids"", ""suricata""]",Suricata: Alert - SURICATA STREAM 3way handshake excessive different SYNs,002,CibleWazuh,,,/var/log/suricata/eve.json,,0,,,1
2026-07-14T15:25:24.207+0000,86601,3,"[""ids"", ""suricata""]",Suricata: Alert - SURICATA STREAM 3way handshake excessive different SYNs,002,CibleWazuh,,,/var/log/suricata/eve.json,,0,,,1
2026-07-14T15:25:20.728+0000,86601,3,"[""ids"", ""suricata""]",Suricata: Alert - SURICATA STREAM 3way handshake excessive different SYNs,002,CibleWazuh,,,/var/log/suricata/eve.json,,0,,,1
2026-07-14T15:26:10.862+0000,86601,3,"[""ids"", ""suricata""]",Suricata: Alert - SURICATA STREAM 3way handshake excessive different SYNs,002,CibleWazuh,,,/var/log/suricata/eve.json,,0,,,1
2026-07-14T15:24:59.340+0000,86601,3,"[""ids"", ""suricata""]",Suricata: Alert - SURICATA STREAM 3way handshake excessive different SYNs,002,CibleWazuh,,,/var/log/suricata/eve.json,,0,,,1
2026-07-14T15:27:52.472+0000,86601,3,"[""ids"", ""suricata""]",Suricata: Alert - SURICATA STREAM 3way handshake excessive different SYNs,002,CibleWazuh,,,/var/log/suricata/eve.json,,0,,,1
2026-07-14T15:26:24.578+0000,86601,3,"[""ids"", ""suricata""]",Suricata: Alert - SURICATA STREAM 3way handshake excessive different SYNs,002,CibleWazuh,,,/var/log/suricata/eve.json,,0,,,1
2026-07-14T15:25:29.496+0000,86601,3,"[""ids"", ""suricata""]",Suricata: Alert - SURICATA STREAM 3way handshake excessive different SYNs,002,CibleWazuh,,,/var/log/suricata/eve.json,,0,,,1
2026-07-14T15:31:16.322+0000,86601,3,"[""ids"", ""suricata""]",Suricata: Alert - SURICATA STREAM 3way handshake excessive different SYNs,002,CibleWazuh,,,/var/log/suricata/eve.json,,0,,,1
2026-07-14T15:25:21.871+0000,86601,3,"[""ids"", ""suricata""]",Suricata: Alert - SURICATA STREAM 3way handshake excessive different SYNs,002,CibleWazuh,,,/var/log/suricata/eve.json,,0,,,1
2026-07-14T15:27:44.890+0000,86601,3,"[""ids"", ""suricata""]",Suricata: Alert - SURICATA STREAM 3way handshake excessive different SYNs,002,CibleWazuh,,,/var/log/suricata/eve.json,,0,,,1
2026-07-14T15:25:34.231+0000,86601,3,"[""ids"", ""suricata""]",Suricata: Alert - SURICATA STREAM 3way handshake excessive different SYNs,002,CibleWazuh,,,/var/log/suricata/eve.json,,0,,,1
2026-07-14T15:25:20.402+0000,86601,3,"[""ids"", ""suricata""]",Suricata: Alert - SURICATA STREAM 3way handshake excessive different SYNs,002,CibleWazuh,,,/var/log/suricata/eve.json,,0,,,1
2026-07-14T15:25:24.453+0000,86601,3,"[""ids"", ""suricata""]",Suricata: Alert - SURICATA STREAM 3way handshake excessive different SYNs,002,CibleWazuh,,,/var/log/suricata/eve.json,,0,,,1
2026-07-14T15:27:48.921+0000,86601,3,"[""ids"", ""suricata""]",Suricata: Alert - SURICATA STREAM 3way handshake excessive different SYNs,002,CibleWazuh,,,/var/log/suricata/eve.json,,0,,,1
2026-07-14T15:26:11.946+0000,86601,3,"[""ids"", ""suricata""]",Suricata: Alert - SURICATA STREAM 3way handshake excessive different SYNs,002,CibleWazuh,,,/var/log/suricata/eve.json,,0,,,1
2026-07-14T15:25:01.610+0000,86601,3,"[""ids"", ""suricata""]",Suricata: Alert - SURICATA STREAM 3way handshake excessive different SYNs,002,CibleWazuh,,,/var/log/suricata/eve.json,,0,,,1
2026-07-14T15:25:02.624+0000,86601,3,"[""ids"", ""suricata""]",Suricata: Alert - SURICATA STREAM 3way handshake excessive different SYNs,002,CibleWazuh,,,/var/log/suricata/eve.json,,0,,,1
2026-07-14T15:26:22.875+0000,86601,3,"[""ids"", ""suricata""]",Suricata: Alert - SURICATA STREAM 3way handshake excessive different SYNs,002,CibleWazuh,,,/var/log/suricata/eve.json,,0,,,1
2026-07-14T15:26:18.215+0000,86601,3,"[""ids"", ""suricata""]",Suricata: Alert - SURICATA STREAM 3way handshake excessive different SYNs,002,CibleWazuh,,,/var/log/suricata/eve.json,,0,,,1
2026-07-14T15:31:07.923+0000,86601,3,"[""ids"", ""suricata""]",Suricata: Alert - SURICATA STREAM 3way handshake excessive different SYNs,002,CibleWazuh,,,/var/log/suricata/eve.json,,0,,,1
2026-07-14T15:25:19.151+0000,86601,3,"[""ids"", ""suricata""]",Suricata: Alert - SURICATA STREAM 3way handshake excessive different SYNs,002,CibleWazuh,,,/var/log/suricata/eve.json,,0,,,1
2026-07-14T15:26:13.345+0000,86601,3,"[""ids"", ""suricata""]",Suricata: Alert - SURICATA STREAM 3way handshake excessive different SYNs,002,CibleWazuh,,,/var/log/suricata/eve.json,,0,,,1
2026-07-14T15:27:47.648+0000,86601,3,"[""ids"", ""suricata""]",Suricata: Alert - SURICATA STREAM 3way handshake excessive different SYNs,002,CibleWazuh,,,/var/log/suricata/eve.json,,0,,,1
2026-07-14T15:37:59.485+0000,86601,3,"[""ids"", ""suricata""]",Suricata: Alert - SURICATA STREAM 3way handshake excessive different SYNs,002,CibleWazuh,,,/var/log/suricata/eve.json,,0,,,1
2026-07-14T15:37:44.217+0000,86601,3,"[""ids"", ""suricata""]",Suricata: Alert - SURICATA STREAM 3way handshake excessive different SYNs,002,CibleWazuh,,,/var/log/suricata/eve.json,,0,,,1
2026-07-14T15:25:08.632+0000,86601,3,"[""ids"", ""suricata""]",Suricata: Alert - SURICATA STREAM 3way handshake excessive different SYNs,002,CibleWazuh,,,/var/log/suricata/eve.json,,0,,,1
2026-07-14T15:26:18.086+0000,86601,3,"[""ids"", ""suricata""]",Suricata: Alert - SURICATA STREAM 3way handshake excessive different SYNs,002,CibleWazuh,,,/var/log/suricata/eve.json,,0,,,1
2026-07-14T15:30:54.702+0000,86601,3,"[""ids"", ""suricata""]",Suricata: Alert - SURICATA STREAM 3way handshake excessive different SYNs,002,CibleWazuh,,,/var/log/suricata/eve.json,,0,,,1
2026-07-14T15:25:31.767+0000,86601,3,"[""ids"", ""suricata""]",Suricata: Alert - SURICATA STREAM 3way handshake excessive different SYNs,002,CibleWazuh,,,/var/log/suricata/eve.json,,0,,,1
2026-07-14T15:26:25.423+0000,86601,3,"[""ids"", ""suricata""]",Suricata: Alert - SURICATA STREAM 3way handshake excessive different SYNs,002,CibleWazuh,,,/var/log/suricata/eve.json,,0,,,1
2026-07-14T15:26:06.760+0000,86601,3,"[""ids"", ""suricata""]",Suricata: Alert - SURICATA STREAM 3way handshake excessive different SYNs,002,CibleWazuh,,,/var/log/suricata/eve.json,,0,,,1
2026-07-14T15:27:43.468+0000,86601,3,"[""ids"", ""suricata""]",Suricata: Alert - SURICATA STREAM 3way handshake excessive different SYNs,002,CibleWazuh,,,/var/log/suricata/eve.json,,0,,,1
2026-07-14T15:25:20.347+0000,86601,3,"[""ids"", ""suricata""]",Suricata: Alert - SURICATA STREAM 3way handshake excessive different SYNs,002,CibleWazuh,,,/var/log/suricata/eve.json,,0,,,1
2026-07-14T15:37:43.378+0000,86601,3,"[""ids"", ""suricata""]",Suricata: Alert - SURICATA STREAM 3way handshake excessive different SYNs,002,CibleWazuh,,,/var/log/suricata/eve.json,,0,,,1
2026-07-14T15:30:55.884+0000,86601,3,"[""ids"", ""suricata""]",Suricata: Alert - SURICATA STREAM 3way handshake excessive different SYNs,002,CibleWazuh,,,/var/log/suricata/eve.json,,0,,,1
2026-07-14T15:26:23.423+0000,86601,3,"[""ids"", ""suricata""]",Suricata: Alert - SURICATA STREAM 3way handshake excessive different SYNs,002,CibleWazuh,,,/var/log/suricata/eve.json,,0,,,1
2026-07-14T15:25:24.836+0000,86601,3,"[""ids"", ""suricata""]",Suricata: Alert - SURICATA STREAM 3way handshake excessive different SYNs,002,CibleWazuh,,,/var/log/suricata/eve.json,,0,,,1
2026-07-14T15:27:50.089+0000,86601,3,"[""ids"", ""suricata""]",Suricata: Alert - SURICATA STREAM 3way handshake excessive different SYNs,002,CibleWazuh,,,/var/log/suricata/eve.json,,0,,,1
2026-07-14T15:31:15.679+0000,86601,3,"[""ids"", ""suricata""]",Suricata: Alert - SURICATA STREAM 3way handshake excessive different SYNs,002,CibleWazuh,,,/var/log/suricata/eve.json,,0,,,1
2026-07-14T15:26:20.542+0000,86601,3,"[""ids"", ""suricata""]",Suricata: Alert - SURICATA STREAM 3way handshake excessive different SYNs,002,CibleWazuh,,,/var/log/suricata/eve.json,,0,,,1
2026-07-14T15:37:55.987+0000,86601,3,"[""ids"", ""suricata""]",Suricata: Alert - SURICATA STREAM 3way handshake excessive different SYNs,002,CibleWazuh,,,/var/log/suricata/eve.json,,0,,,1
2026-07-14T15:27:57.262+0000,86601,3,"[""ids"", ""suricata""]",Suricata: Alert - SURICATA STREAM 3way handshake excessive different SYNs,002,CibleWazuh,,,/var/log/suricata/eve.json,,0,,,1
2026-07-14T15:24:54.203+0000,86601,3,"[""ids"", ""suricata""]",Suricata: Alert - SURICATA STREAM 3way handshake excessive different SYNs,002,CibleWazuh,,,/var/log/suricata/eve.json,,0,,,1
2026-07-14T15:24:56.095+0000,86601,3,"[""ids"", ""suricata""]",Suricata: Alert - SURICATA STREAM 3way handshake excessive different SYNs,002,CibleWazuh,,,/var/log/suricata/eve.json,,0,,,1
2026-07-14T15:37:58.192+0000,86601,3,"[""ids"", ""suricata""]",Suricata: Alert - SURICATA STREAM 3way handshake excessive different SYNs,002,CibleWazuh,,,/var/log/suricata/eve.json,,0,,,1
2026-07-14T15:25:36.984+0000,86601,3,"[""ids"", ""suricata""]",Suricata: Alert - SURICATA STREAM 3way handshake excessive different SYNs,002,CibleWazuh,,,/var/log/suricata/eve.json,,0,,,1
2026-07-14T15:37:52.014+0000,86601,3,"[""ids"", ""suricata""]",Suricata: Alert - SURICATA STREAM 3way handshake excessive different SYNs,002,CibleWazuh,,,/var/log/suricata/eve.json,,0,,,1
2026-07-14T15:25:36.309+0000,86601,3,"[""ids"", ""suricata""]",Suricata: Alert - SURICATA STREAM 3way handshake excessive different SYNs,002,CibleWazuh,,,/var/log/suricata/eve.json,,0,,,1
2026-07-14T15:31:10.985+0000,86601,3,"[""ids"", ""suricata""]",Suricata: Alert - SURICATA STREAM 3way handshake excessive different SYNs,002,CibleWazuh,,,/var/log/suricata/eve.json,,0,,,1
2026-07-14T15:25:24.868+0000,86601,3,"[""ids"", ""suricata""]",Suricata: Alert - SURICATA STREAM 3way handshake excessive different SYNs,002,CibleWazuh,,,/var/log/suricata/eve.json,,0,,,1
2026-07-14T15:31:02.211+0000,86601,3,"[""ids"", ""suricata""]",Suricata: Alert - SURICATA STREAM 3way handshake excessive different SYNs,002,CibleWazuh,,,/var/log/suricata/eve.json,,0,,,1
2026-07-14T15:26:22.077+0000,86601,3,"[""ids"", ""suricata""]",Suricata: Alert - SURICATA STREAM 3way handshake excessive different SYNs,002,CibleWazuh,,,/var/log/suricata/eve.json,,0,,,1
2026-07-14T14:58:24.593+0000,5503,5,"[""pam"", ""syslog"", ""authentication_failed""]",PAM: User login failed.,002,CibleWazuh,192.168.30.10,vboxuser,journald,Jul 14 14:58:23 CibleWazuh sshd[12308]: pam_unix(sshd:auth): authentication failure; logname= uid=0 euid=0 tty=ssh ruser= rhost=192.168.30.10  user=vboxuser,1,TG-0031,malicious_bruteforce,0
2026-07-14T15:25:41.643+0000,86601,3,"[""ids"", ""suricata""]",Suricata: Alert - SURICATA STREAM 3way handshake excessive different SYNs,002,CibleWazuh,,,/var/log/suricata/eve.json,,0,,,1
2026-07-14T15:25:17.146+0000,86601,3,"[""ids"", ""suricata""]",Suricata: Alert - SURICATA STREAM 3way handshake excessive different SYNs,002,CibleWazuh,,,/var/log/suricata/eve.json,,0,,,1
2026-07-14T15:37:51.953+0000,86601,3,"[""ids"", ""suricata""]",Suricata: Alert - SURICATA STREAM 3way handshake excessive different SYNs,002,CibleWazuh,,,/var/log/suricata/eve.json,,0,,,1
2026-07-14T15:25:23.700+0000,86601,3,"[""ids"", ""suricata""]",Suricata: Alert - SURICATA STREAM 3way handshake excessive different SYNs,002,CibleWazuh,,,/var/log/suricata/eve.json,,0,,,1
2026-07-14T15:31:13.181+0000,86601,3,"[""ids"", ""suricata""]",Suricata: Alert - SURICATA STREAM 3way handshake excessive different SYNs,002,CibleWazuh,,,/var/log/suricata/eve.json,,0,,,1
2026-07-14T15:24:56.336+0000,86601,3,"[""ids"", ""suricata""]",Suricata: Alert - SURICATA STREAM 3way handshake excessive different SYNs,002,CibleWazuh,,,/var/log/suricata/eve.json,,0,,,1
2026-07-14T15:31:02.553+0000,86601,3,"[""ids"", ""suricata""]",Suricata: Alert - SURICATA STREAM 3way handshake excessive different SYNs,002,CibleWazuh,,,/var/log/suricata/eve.json,,0,,,1
2026-07-14T15:31:17.981+0000,86601,3,"[""ids"", ""suricata""]",Suricata: Alert - SURICATA STREAM 3way handshake excessive different SYNs,002,CibleWazuh,,,/var/log/suricata/eve.json,,0,,,1
2026-07-14T15:27:51.505+0000,86601,3,"[""ids"", ""suricata""]",Suricata: Alert - SURICATA STREAM 3way handshake excessive different SYNs,002,CibleWazuh,,,/var/log/suricata/eve.json,,0,,,1
2026-07-14T15:37:43.827+0000,86601,3,"[""ids"", ""suricata""]",Suricata: Alert - SURICATA STREAM 3way handshake excessive different SYNs,002,CibleWazuh,,,/var/log/suricata/eve.json,,0,,,1
2026-07-14T15:25:10.232+0000,86601,3,"[""ids"", ""suricata""]",Suricata: Alert - SURICATA STREAM 3way handshake excessive different SYNs,002,CibleWazuh,,,/var/log/suricata/eve.json,,0,,,1
2026-07-14T15:25:05.202+0000,86601,3,"[""ids"", ""suricata""]",Suricata: Alert - SURICATA STREAM 3way handshake excessive different SYNs,002,CibleWazuh,,,/var/log/suricata/eve.json,,0,,,1
2026-07-14T15:37:55.955+0000,86601,3,"[""ids"", ""suricata""]",Suricata: Alert - SURICATA STREAM 3way handshake excessive different SYNs,002,CibleWazuh,,,/var/log/suricata/eve.json,,0,,,1
2026-07-14T15:25:39.576+0000,86601,3,"[""ids"", ""suricata""]",Suricata: Alert - SURICATA STREAM 3way handshake excessive different SYNs,002,CibleWazuh,,,/var/log/suricata/eve.json,,0,,,1
2026-07-14T15:25:29.980+0000,86601,3,"[""ids"", ""suricata""]",Suricata: Alert - SURICATA STREAM 3way handshake excessive different SYNs,002,CibleWazuh,,,/var/log/suricata/eve.json,,0,,,1
2026-07-14T15:37:57.917+0000,86601,3,"[""ids"", ""suricata""]",Suricata: Alert - SURICATA STREAM 3way handshake excessive different SYNs,002,CibleWazuh,,,/var/log/suricata/eve.json,,0,,,1
2026-07-14T15:25:09.715+0000,86601,3,"[""ids"", ""suricata""]",Suricata: Alert - SURICATA STREAM 3way handshake excessive different SYNs,002,CibleWazuh,,,/var/log/suricata/eve.json,,0,,,1
2026-07-14T15:31:15.512+0000,86601,3,"[""ids"", ""suricata""]",Suricata: Alert - SURICATA STREAM 3way handshake excessive different SYNs,002,CibleWazuh,,,/var/log/suricata/eve.json,,0,,,1
2026-07-14T15:25:01.908+0000,86601,3,"[""ids"", ""suricata""]",Suricata: Alert - SURICATA STREAM 3way handshake excessive different SYNs,002,CibleWazuh,,,/var/log/suricata/eve.json,,0,,,1
2026-07-14T15:31:10.751+0000,86601,3,"[""ids"", ""suricata""]",Suricata: Alert - SURICATA STREAM 3way handshake excessive different SYNs,002,CibleWazuh,,,/var/log/suricata/eve.json,,0,,,1
2026-07-14T15:31:07.348+0000,86601,3,"[""ids"", ""suricata""]",Suricata: Alert - SURICATA STREAM 3way handshake excessive different SYNs,002,CibleWazuh,,,/var/log/suricata/eve.json,,0,,,1
2026-07-14T15:31:07.620+0000,86601,3,"[""ids"", ""suricata""]",Suricata: Alert - SURICATA STREAM 3way handshake excessive different SYNs,002,CibleWazuh,,,/var/log/suricata/eve.json,,0,,,1
2026-07-14T15:38:02.276+0000,86601,3,"[""ids"", ""suricata""]",Suricata: Alert - SURICATA STREAM 3way handshake excessive different SYNs,002,CibleWazuh,,,/var/log/suricata/eve.json,,0,,,1
2026-07-14T15:27:51.466+0000,86601,3,"[""ids"", ""suricata""]",Suricata: Alert - SURICATA STREAM 3way handshake excessive different SYNs,002,CibleWazuh,,,/var/log/suricata/eve.json,,0,,,1
2026-07-14T15:27:50.191+0000,86601,3,"[""ids"", ""suricata""]",Suricata: Alert - SURICATA STREAM 3way handshake excessive different SYNs,002,CibleWazuh,,,/var/log/suricata/eve.json,,0,,,1
2026-07-14T15:25:40.168+0000,86601,3,"[""ids"", ""suricata""]",Suricata: Alert - SURICATA STREAM 3way handshake excessive different SYNs,002,CibleWazuh,,,/var/log/suricata/eve.json,,0,,,1
2026-07-14T15:30:57.548+0000,86601,3,"[""ids"", ""suricata""]",Suricata: Alert - SURICATA STREAM 3way handshake excessive different SYNs,002,CibleWazuh,,,/var/log/suricata/eve.json,,0,,,1
2026-07-14T15:24:58.577+0000,86601,3,"[""ids"", ""suricata""]",Suricata: Alert - SURICATA STREAM 3way handshake excessive different SYNs,002,CibleWazuh,,,/var/log/suricata/eve.json,,0,,,1
2026-07-14T15:31:13.104+0000,86601,3,"[""ids"", ""suricata""]",Suricata: Alert - SURICATA STREAM 3way handshake excessive different SYNs,002,CibleWazuh,,,/var/log/suricata/eve.json,,0,,,1
2026-07-14T15:25:38.820+0000,86601,3,"[""ids"", ""suricata""]",Suricata: Alert - SURICATA STREAM 3way handshake excessive different SYNs,002,CibleWazuh,,,/var/log/suricata/eve.json,,0,,,1
2026-07-14T15:37:51.953+0000,86601,3,"[""ids"", ""suricata""]",Suricata: Alert - SURICATA STREAM 3way handshake excessive different SYNs,002,CibleWazuh,,,/var/log/suricata/eve.json,,0,,,1
2026-07-14T15:31:00.299+0000,203,9,"[""wazuh"", ""agent_flooding""]",Agent event queue is full. Events may be lost.,002,CibleWazuh,,,wazuh-agent,wazuh: Agent buffer: 'full'.,0,,,0
2026-07-14T15:26:10.677+0000,86601,3,"[""ids"", ""suricata""]",Suricata: Alert - SURICATA STREAM 3way handshake excessive different SYNs,002,CibleWazuh,,,/var/log/suricata/eve.json,,0,,,1
2026-07-14T15:25:12.072+0000,86601,3,"[""ids"", ""suricata""]",Suricata: Alert - SURICATA STREAM 3way handshake excessive different SYNs,002,CibleWazuh,,,/var/log/suricata/eve.json,,0,,,1
2026-07-14T15:25:10.494+0000,86601,3,"[""ids"", ""suricata""]",Suricata: Alert - SURICATA STREAM 3way handshake excessive different SYNs,002,CibleWazuh,,,/var/log/suricata/eve.json,,0,,,1
2026-07-14T15:25:28.245+0000,86601,3,"[""ids"", ""suricata""]",Suricata: Alert - SURICATA STREAM 3way handshake excessive different SYNs,002,CibleWazuh,,,/var/log/suricata/eve.json,,0,,,1
2026-07-14T15:25:24.701+0000,86601,3,"[""ids"", ""suricata""]",Suricata: Alert - SURICATA STREAM 3way handshake excessive different SYNs,002,CibleWazuh,,,/var/log/suricata/eve.json,,0,,,1
2026-07-14T15:30:57.232+0000,86601,3,"[""ids"", ""suricata""]",Suricata: Alert - SURICATA STREAM 3way handshake excessive different SYNs,002,CibleWazuh,,,/var/log/suricata/eve.json,,0,,,1
2026-07-14T15:25:18.196+0000,86601,3,"[""ids"", ""suricata""]",Suricata: Alert - SURICATA STREAM 3way handshake excessive different SYNs,002,CibleWazuh,,,/var/log/suricata/eve.json,,0,,,1
2026-07-14T15:31:06.108+0000,86601,3,"[""ids"", ""suricata""]",Suricata: Alert - SURICATA STREAM 3way handshake excessive different SYNs,002,CibleWazuh,,,/var/log/suricata/eve.json,,0,,,1
2026-07-14T15:25:33.983+0000,86601,3,"[""ids"", ""suricata""]",Suricata: Alert - SURICATA STREAM 3way handshake excessive different SYNs,002,CibleWazuh,,,/var/log/suricata/eve.json,,0,,,1
2026-07-14T15:25:35.985+0000,86601,3,"[""ids"", ""suricata""]",Suricata: Alert - SURICATA STREAM 3way handshake excessive different SYNs,002,CibleWazuh,,,/var/log/suricata/eve.json,,0,,,1
2026-07-14T15:27:54.816+0000,86601,3,"[""ids"", ""suricata""]",Suricata: Alert - SURICATA STREAM 3way handshake excessive different SYNs,002,CibleWazuh,,,/var/log/suricata/eve.json,,0,,,1
2026-07-14T15:30:48.201+0000,86601,3,"[""ids"", ""suricata""]",Suricata: Alert - SURICATA STREAM 3way handshake excessive different SYNs,002,CibleWazuh,,,/var/log/suricata/eve.json,,0,,,1
2026-07-14T15:27:40.547+0000,86601,3,"[""ids"", ""suricata""]",Suricata: Alert - SURICATA STREAM 3way handshake excessive different SYNs,002,CibleWazuh,,,/var/log/suricata/eve.json,,0,,,1
2026-07-14T15:26:08.743+0000,86601,3,"[""ids"", ""suricata""]",Suricata: Alert - SURICATA STREAM 3way handshake excessive different SYNs,002,CibleWazuh,,,/var/log/suricata/eve.json,,0,,,1
2026-07-14T15:25:30.979+0000,86601,3,"[""ids"", ""suricata""]",Suricata: Alert - SURICATA STREAM 3way handshake excessive different SYNs,002,CibleWazuh,,,/var/log/suricata/eve.json,,0,,,1
2026-07-14T15:25:20.003+0000,86601,3,"[""ids"", ""suricata""]",Suricata: Alert - SURICATA STREAM 3way handshake excessive different SYNs,002,CibleWazuh,,,/var/log/suricata/eve.json,,0,,,1
2026-07-14T15:38:00.959+0000,86601,3,"[""ids"", ""suricata""]",Suricata: Alert - SURICATA STREAM 3way handshake excessive different SYNs,002,CibleWazuh,,,/var/log/suricata/eve.json,,0,,,1
2026-07-14T15:25:28.488+0000,86601,3,"[""ids"", ""suricata""]",Suricata: Alert - SURICATA STREAM 3way handshake excessive different SYNs,002,CibleWazuh,,,/var/log/suricata/eve.json,,0,,,1
2026-07-14T15:25:34.740+0000,86601,3,"[""ids"", ""suricata""]",Suricata: Alert - SURICATA STREAM 3way handshake excessive different SYNs,002,CibleWazuh,,,/var/log/suricata/eve.json,,0,,,1
2026-07-14T15:25:07.538+0000,86601,3,"[""ids"", ""suricata""]",Suricata: Alert - SURICATA STREAM 3way handshake excessive different SYNs,002,CibleWazuh,,,/var/log/suricata/eve.json,,0,,,1
2026-07-14T15:31:00.800+0000,86601,3,"[""ids"", ""suricata""]",Suricata: Alert - SURICATA STREAM 3way handshake excessive different SYNs,002,CibleWazuh,,,/var/log/suricata/eve.json,,0,,,1
2026-07-14T15:27:48.722+0000,86601,3,"[""ids"", ""suricata""]",Suricata: Alert - SURICATA STREAM 3way handshake excessive different SYNs,002,CibleWazuh,,,/var/log/suricata/eve.json,,0,,,1
2026-07-14T15:25:10.568+0000,86601,3,"[""ids"", ""suricata""]",Suricata: Alert - SURICATA STREAM 3way handshake excessive different SYNs,002,CibleWazuh,,,/var/log/suricata/eve.json,,0,,,1
2026-07-14T15:27:39.846+0000,86601,3,"[""ids"", ""suricata""]",Suricata: Alert - SURICATA STREAM 3way handshake excessive different SYNs,002,CibleWazuh,,,/var/log/suricata/eve.json,,0,,,1
2026-07-14T14:01:28.916+0000,2902,7,"[""syslog"", ""dpkg"", ""config_changed""]",New dpkg (Debian Package) installed.,000,UbuntuWazuh,,,/var/log/dpkg.log,2026-07-14 14:01:28 status installed ssh:all 1:9.6p1-3ubuntu13.18,0,,,0
2026-07-14T14:18:35.419+0000,5763,10,"[""syslog"", ""sshd"", ""authentication_failures""]",sshd: brute force trying to get access to the system. Authentication failed.,002,CibleWazuh,192.168.30.10,vboxuser,journald,Jul 14 14:18:33 CibleWazuh sshd[8215]: Failed password for vboxuser from 192.168.30.10 port 54428 ssh2,1,TG-0002,malicious_bruteforce,0
2026-07-14T15:31:09.072+0000,86601,3,"[""ids"", ""suricata""]",Suricata: Alert - SURICATA STREAM 3way handshake excessive different SYNs,002,CibleWazuh,,,/var/log/suricata/eve.json,,0,,,1
2026-07-14T15:25:11.453+0000,86601,3,"[""ids"", ""suricata""]",Suricata: Alert - SURICATA STREAM 3way handshake excessive different SYNs,002,CibleWazuh,,,/var/log/suricata/eve.json,,0,,,1
2026-07-14T15:25:05.406+0000,86601,3,"[""ids"", ""suricata""]",Suricata: Alert - SURICATA STREAM 3way handshake excessive different SYNs,002,CibleWazuh,,,/var/log/suricata/eve.json,,0,,,1
2026-07-14T15:25:27.437+0000,86601,3,"[""ids"", ""suricata""]",Suricata: Alert - SURICATA STREAM 3way handshake excessive different SYNs,002,CibleWazuh,,,/var/log/suricata/eve.json,,0,,,1
2026-07-14T15:25:09.625+0000,86601,3,"[""ids"", ""suricata""]",Suricata: Alert - SURICATA STREAM 3way handshake excessive different SYNs,002,CibleWazuh,,,/var/log/suricata/eve.json,,0,,,1
2026-07-14T15:27:56.751+0000,86601,3,"[""ids"", ""suricata""]",Suricata: Alert - SURICATA STREAM 3way handshake excessive different SYNs,002,CibleWazuh,,,/var/log/suricata/eve.json,,0,,,1
2026-07-14T15:25:36.389+0000,86601,3,"[""ids"", ""suricata""]",Suricata: Alert - SURICATA STREAM 3way handshake excessive different SYNs,002,CibleWazuh,,,/var/log/suricata/eve.json,,0,,,1
2026-07-14T15:24:57.853+0000,86601,3,"[""ids"", ""suricata""]",Suricata: Alert - SURICATA STREAM 3way handshake excessive different SYNs,002,CibleWazuh,,,/var/log/suricata/eve.json,,0,,,1
2026-07-14T15:25:04.908+0000,86601,3,"[""ids"", ""suricata""]",Suricata: Alert - SURICATA STREAM 3way handshake excessive different SYNs,002,CibleWazuh,,,/var/log/suricata/eve.json,,0,,,1
2026-07-14T15:31:11.003+0000,86601,3,"[""ids"", ""suricata""]",Suricata: Alert - SURICATA STREAM 3way handshake excessive different SYNs,002,CibleWazuh,,,/var/log/suricata/eve.json,,0,,,1
2026-07-14T15:31:04.859+0000,86601,3,"[""ids"", ""suricata""]",Suricata: Alert - SURICATA STREAM 3way handshake excessive different SYNs,002,CibleWazuh,,,/var/log/suricata/eve.json,,0,,,1
2026-07-14T15:37:54.435+0000,86601,3,"[""ids"", ""suricata""]",Suricata: Alert - SURICATA STREAM 3way handshake excessive different SYNs,002,CibleWazuh,,,/var/log/suricata/eve.json,,0,,,1
2026-07-14T15:27:46.959+0000,86601,3,"[""ids"", ""suricata""]",Suricata: Alert - SURICATA STREAM 3way handshake excessive different SYNs,002,CibleWazuh,,,/var/log/suricata/eve.json,,0,,,1
2026-07-14T15:37:59.814+0000,86601,3,"[""ids"", ""suricata""]",Suricata: Alert - SURICATA STREAM 3way handshake excessive different SYNs,002,CibleWazuh,,,/var/log/suricata/eve.json,,0,,,1
2026-07-14T15:31:08.267+0000,86601,3,"[""ids"", ""suricata""]",Suricata: Alert - SURICATA STREAM 3way handshake excessive different SYNs,002,CibleWazuh,,,/var/log/suricata/eve.json,,0,,,1
2026-07-14T15:31:06.504+0000,203,9,"[""wazuh"", ""agent_flooding""]",Agent event queue is full. Events may be lost.,002,CibleWazuh,,,wazuh-agent,wazuh: Agent buffer: 'full'.,0,,,0
2026-07-14T15:26:06.677+0000,86601,3,"[""ids"", ""suricata""]",Suricata: Alert - SURICATA STREAM 3way handshake excessive different SYNs,002,CibleWazuh,,,/var/log/suricata/eve.json,,0,,,1
2026-07-14T15:31:03.292+0000,86601,3,"[""ids"", ""suricata""]",Suricata: Alert - SURICATA STREAM 3way handshake excessive different SYNs,002,CibleWazuh,,,/var/log/suricata/eve.json,,0,,,1
2026-07-14T15:31:12.283+0000,86601,3,"[""ids"", ""suricata""]",Suricata: Alert - SURICATA STREAM 3way handshake excessive different SYNs,002,CibleWazuh,,,/var/log/suricata/eve.json,,0,,,1
2026-07-14T15:27:41.903+0000,86601,3,"[""ids"", ""suricata""]",Suricata: Alert - SURICATA STREAM 3way handshake excessive different SYNs,002,CibleWazuh,,,/var/log/suricata/eve.json,,0,,,1
2026-07-14T15:38:00.972+0000,86601,3,"[""ids"", ""suricata""]",Suricata: Alert - SURICATA STREAM 3way handshake excessive different SYNs,002,CibleWazuh,,,/var/log/suricata/eve.json,,0,,,1
2026-07-14T15:31:09.386+0000,86601,3,"[""ids"", ""suricata""]",Suricata: Alert - SURICATA STREAM 3way handshake excessive different SYNs,002,CibleWazuh,,,/var/log/suricata/eve.json,,0,,,1
2026-07-14T15:26:14.776+0000,86601,3,"[""ids"", ""suricata""]",Suricata: Alert - SURICATA STREAM 3way handshake excessive different SYNs,002,CibleWazuh,,,/var/log/suricata/eve.json,,0,,,1
2026-07-14T15:37:52.720+0000,86601,3,"[""ids"", ""suricata""]",Suricata: Alert - SURICATA STREAM 3way handshake excessive different SYNs,002,CibleWazuh,,,/var/log/suricata/eve.json,,0,,,1
2026-07-14T15:19:29.438+0000,203,9,"[""wazuh"", ""agent_flooding""]",Agent event queue is full. Events may be lost.,002,CibleWazuh,,,wazuh-agent,wazuh: Agent buffer: 'full'.,1,PARROT-HYDRA-01,malicious_bruteforce,0
2026-07-14T15:27:56.250+0000,86601,3,"[""ids"", ""suricata""]",Suricata: Alert - SURICATA STREAM 3way handshake excessive different SYNs,002,CibleWazuh,,,/var/log/suricata/eve.json,,0,,,1
2026-07-14T15:37:57.354+0000,86601,3,"[""ids"", ""suricata""]",Suricata: Alert - SURICATA STREAM 3way handshake excessive different SYNs,002,CibleWazuh,,,/var/log/suricata/eve.json,,0,,,1
2026-07-14T15:31:15.498+0000,86601,3,"[""ids"", ""suricata""]",Suricata: Alert - SURICATA STREAM 3way handshake excessive different SYNs,002,CibleWazuh,,,/var/log/suricata/eve.json,,0,,,1
2026-07-14T15:26:21.972+0000,86601,3,"[""ids"", ""suricata""]",Suricata: Alert - SURICATA STREAM 3way handshake excessive different SYNs,002,CibleWazuh,,,/var/log/suricata/eve.json,,0,,,1
2026-07-14T15:25:26.736+0000,86601,3,"[""ids"", ""suricata""]",Suricata: Alert - SURICATA STREAM 3way handshake excessive different SYNs,002,CibleWazuh,,,/var/log/suricata/eve.json,,0,,,1
2026-07-14T15:25:31.806+0000,86601,3,"[""ids"", ""suricata""]",Suricata: Alert - SURICATA STREAM 3way handshake excessive different SYNs,002,CibleWazuh,,,/var/log/suricata/eve.json,,0,,,1
2026-07-14T15:25:39.159+0000,86601,3,"[""ids"", ""suricata""]",Suricata: Alert - SURICATA STREAM 3way handshake excessive different SYNs,002,CibleWazuh,,,/var/log/suricata/eve.json,,0,,,1
2026-07-14T15:31:11.021+0000,86601,3,"[""ids"", ""suricata""]",Suricata: Alert - SURICATA STREAM 3way handshake excessive different SYNs,002,CibleWazuh,,,/var/log/suricata/eve.json,,0,,,1
2026-07-14T15:25:03.609+0000,86601,3,"[""ids"", ""suricata""]",Suricata: Alert - SURICATA STREAM 3way handshake excessive different SYNs,002,CibleWazuh,,,/var/log/suricata/eve.json,,0,,,1
2026-07-14T15:26:20.771+0000,86601,3,"[""ids"", ""suricata""]",Suricata: Alert - SURICATA STREAM 3way handshake excessive different SYNs,002,CibleWazuh,,,/var/log/suricata/eve.json,,0,,,1
2026-07-14T15:27:47.634+0000,86601,3,"[""ids"", ""suricata""]",Suricata: Alert - SURICATA STREAM 3way handshake excessive different SYNs,002,CibleWazuh,,,/var/log/suricata/eve.json,,0,,,1
2026-07-14T15:27:51.100+0000,86601,3,"[""ids"", ""suricata""]",Suricata: Alert - SURICATA STREAM 3way handshake excessive different SYNs,002,CibleWazuh,,,/var/log/suricata/eve.json,,0,,,1
2026-07-14T15:25:34.332+0000,86601,3,"[""ids"", ""suricata""]",Suricata: Alert - SURICATA STREAM 3way handshake excessive different SYNs,002,CibleWazuh,,,/var/log/suricata/eve.json,,0,,,1
2026-07-14T15:37:52.054+0000,86601,3,"[""ids"", ""suricata""]",Suricata: Alert - SURICATA STREAM 3way handshake excessive different SYNs,002,CibleWazuh,,,/var/log/suricata/eve.json,,0,,,1
2026-07-14T15:30:57.760+0000,86601,3,"[""ids"", ""suricata""]",Suricata: Alert - SURICATA STREAM 3way handshake excessive different SYNs,002,CibleWazuh,,,/var/log/suricata/eve.json,,0,,,1
2026-07-14T15:31:13.406+0000,86601,3,"[""ids"", ""suricata""]",Suricata: Alert - SURICATA STREAM 3way handshake excessive different SYNs,002,CibleWazuh,,,/var/log/suricata/eve.json,,0,,,1
2026-07-14T15:37:57.917+0000,86601,3,"[""ids"", ""suricata""]",Suricata: Alert - SURICATA STREAM 3way handshake excessive different SYNs,002,CibleWazuh,,,/var/log/suricata/eve.json,,0,,,1
2026-07-14T15:25:32.852+0000,86601,3,"[""ids"", ""suricata""]",Suricata: Alert - SURICATA STREAM 3way handshake excessive different SYNs,002,CibleWazuh,,,/var/log/suricata/eve.json,,0,,,1
2026-07-14T15:24:58.621+0000,86601,3,"[""ids"", ""suricata""]",Suricata: Alert - SURICATA STREAM 3way handshake excessive different SYNs,002,CibleWazuh,,,/var/log/suricata/eve.json,,0,,,1
2026-07-14T15:25:10.145+0000,86601,3,"[""ids"", ""suricata""]",Suricata: Alert - SURICATA STREAM 3way handshake excessive different SYNs,002,CibleWazuh,,,/var/log/suricata/eve.json,,0,,,1
2026-07-14T15:25:30.729+0000,86601,3,"[""ids"", ""suricata""]",Suricata: Alert - SURICATA STREAM 3way handshake excessive different SYNs,002,CibleWazuh,,,/var/log/suricata/eve.json,,0,,,1
2026-07-14T15:25:29.437+0000,86601,3,"[""ids"", ""suricata""]",Suricata: Alert - SURICATA STREAM 3way handshake excessive different SYNs,002,CibleWazuh,,,/var/log/suricata/eve.json,,0,,,1
2026-07-14T15:25:01.966+0000,86601,3,"[""ids"", ""suricata""]",Suricata: Alert - SURICATA STREAM 3way handshake excessive different SYNs,002,CibleWazuh,,,/var/log/suricata/eve.json,,0,,,1
2026-07-14T15:31:00.146+0000,86601,3,"[""ids"", ""suricata""]",Suricata: Alert - SURICATA STREAM 3way handshake excessive different SYNs,002,CibleWazuh,,,/var/log/suricata/eve.json,,0,,,1
2026-07-14T15:21:44.623+0000,5715,3,"[""syslog"", ""sshd"", ""authentication_success""]",sshd: authentication success.,002,CibleWazuh,192.168.30.3,vboxuser,journald,Jul 14 15:21:27 CibleWazuh sshd[14154]: Accepted publickey for vboxuser from 192.168.30.3 port 35724 ssh2: ED25519 SHA256:20bmF6ePWf19PC7lAtzvSHwmvgK6SuGC7RGzx0eI6UY,1,PARROT-HYDRA-01,malicious_bruteforce,0
2026-07-14T15:26:13.420+0000,86601,3,"[""ids"", ""suricata""]",Suricata: Alert - SURICATA STREAM 3way handshake excessive different SYNs,002,CibleWazuh,,,/var/log/suricata/eve.json,,0,,,1
2026-07-14T15:25:15.037+0000,86601,3,"[""ids"", ""suricata""]",Suricata: Alert - SURICATA STREAM 3way handshake excessive different SYNs,002,CibleWazuh,,,/var/log/suricata/eve.json,,0,,,1
2026-07-14T15:26:12.406+0000,86601,3,"[""ids"", ""suricata""]",Suricata: Alert - SURICATA STREAM 3way handshake excessive different SYNs,002,CibleWazuh,,,/var/log/suricata/eve.json,,0,,,1
2026-07-14T15:25:06.674+0000,86601,3,"[""ids"", ""suricata""]",Suricata: Alert - SURICATA STREAM 3way handshake excessive different SYNs,002,CibleWazuh,,,/var/log/suricata/eve.json,,0,,,1
2026-07-14T15:25:41.183+0000,86601,3,"[""ids"", ""suricata""]",Suricata: Alert - SURICATA STREAM 3way handshake excessive different SYNs,002,CibleWazuh,,,/var/log/suricata/eve.json,,0,,,1
2026-07-14T15:25:04.425+0000,86601,3,"[""ids"", ""suricata""]",Suricata: Alert - SURICATA STREAM 3way handshake excessive different SYNs,002,CibleWazuh,,,/var/log/suricata/eve.json,,0,,,1
2026-07-14T15:31:13.911+0000,86601,3,"[""ids"", ""suricata""]",Suricata: Alert - SURICATA STREAM 3way handshake excessive different SYNs,002,CibleWazuh,,,/var/log/suricata/eve.json,,0,,,1
2026-07-14T15:27:42.212+0000,86601,3,"[""ids"", ""suricata""]",Suricata: Alert - SURICATA STREAM 3way handshake excessive different SYNs,002,CibleWazuh,,,/var/log/suricata/eve.json,,0,,,1
2026-07-14T15:31:08.587+0000,86601,3,"[""ids"", ""suricata""]",Suricata: Alert - SURICATA STREAM 3way handshake excessive different SYNs,002,CibleWazuh,,,/var/log/suricata/eve.json,,0,,,1
2026-07-14T15:25:29.123+0000,86601,3,"[""ids"", ""suricata""]",Suricata: Alert - SURICATA STREAM 3way handshake excessive different SYNs,002,CibleWazuh,,,/var/log/suricata/eve.json,,0,,,1
2026-07-14T15:26:14.817+0000,86601,3,"[""ids"", ""suricata""]",Suricata: Alert - SURICATA STREAM 3way handshake excessive different SYNs,002,CibleWazuh,,,/var/log/suricata/eve.json,,0,,,1
2026-07-14T15:26:25.793+0000,86601,3,"[""ids"", ""suricata""]",Suricata: Alert - SURICATA STREAM 3way handshake excessive different SYNs,002,CibleWazuh,,,/var/log/suricata/eve.json,,0,,,1
2026-07-14T15:26:20.410+0000,86601,3,"[""ids"", ""suricata""]",Suricata: Alert - SURICATA STREAM 3way handshake excessive different SYNs,002,CibleWazuh,,,/var/log/suricata/eve.json,,0,,,1
2026-07-14T15:31:08.542+0000,86601,3,"[""ids"", ""suricata""]",Suricata: Alert - SURICATA STREAM 3way handshake excessive different SYNs,002,CibleWazuh,,,/var/log/suricata/eve.json,,0,,,1
2026-07-14T15:27:55.035+0000,86601,3,"[""ids"", ""suricata""]",Suricata: Alert - SURICATA STREAM 3way handshake excessive different SYNs,002,CibleWazuh,,,/var/log/suricata/eve.json,,0,,,1
2026-07-14T15:25:32.305+0000,86601,3,"[""ids"", ""suricata""]",Suricata: Alert - SURICATA STREAM 3way handshake excessive different SYNs,002,CibleWazuh,,,/var/log/suricata/eve.json,,0,,,1
2026-07-14T15:25:14.197+0000,86601,3,"[""ids"", ""suricata""]",Suricata: Alert - SURICATA STREAM 3way handshake excessive different SYNs,002,CibleWazuh,,,/var/log/suricata/eve.json,,0,,,1
2026-07-14T15:18:11.024+0000,86601,3,"[""ids"", ""suricata""]",Suricata: Alert - ET SCAN NMAP -sV version,002,CibleWazuh,,,/var/log/suricata/eve.json,,1,PARROT-NMAP-01,malicious_nmap,1
2026-07-14T15:24:57.549+0000,86601,3,"[""ids"", ""suricata""]",Suricata: Alert - SURICATA STREAM 3way handshake excessive different SYNs,002,CibleWazuh,,,/var/log/suricata/eve.json,,0,,,1
2026-07-14T15:25:32.821+0000,86601,3,"[""ids"", ""suricata""]",Suricata: Alert - SURICATA STREAM 3way handshake excessive different SYNs,002,CibleWazuh,,,/var/log/suricata/eve.json,,0,,,1
2026-07-14T15:31:05.642+0000,86601,3,"[""ids"", ""suricata""]",Suricata: Alert - SURICATA STREAM 3way handshake excessive different SYNs,002,CibleWazuh,,,/var/log/suricata/eve.json,,0,,,1
2026-07-14T15:26:16.887+0000,86601,3,"[""ids"", ""suricata""]",Suricata: Alert - SURICATA STREAM 3way handshake excessive different SYNs,002,CibleWazuh,,,/var/log/suricata/eve.json,,0,,,1
2026-07-14T15:27:39.449+0000,86601,3,"[""ids"", ""suricata""]",Suricata: Alert - SURICATA STREAM 3way handshake excessive different SYNs,002,CibleWazuh,,,/var/log/suricata/eve.json,,0,,,1
2026-07-14T15:30:54.522+0000,86601,3,"[""ids"", ""suricata""]",Suricata: Alert - SURICATA STREAM 3way handshake excessive different SYNs,002,CibleWazuh,,,/var/log/suricata/eve.json,,0,,,1
2026-07-14T15:27:35.434+0000,86601,3,"[""ids"", ""suricata""]",Suricata: Alert - SURICATA STREAM 3way handshake excessive different SYNs,002,CibleWazuh,,,/var/log/suricata/eve.json,,0,,,1
2026-07-14T15:31:10.372+0000,86601,3,"[""ids"", ""suricata""]",Suricata: Alert - SURICATA STREAM 3way handshake excessive different SYNs,002,CibleWazuh,,,/var/log/suricata/eve.json,,0,,,1
2026-07-14T15:26:28.074+0000,86601,3,"[""ids"", ""suricata""]",Suricata: Alert - SURICATA STREAM 3way handshake excessive different SYNs,002,CibleWazuh,,,/var/log/suricata/eve.json,,0,,,1
2026-07-14T15:25:16.549+0000,86601,3,"[""ids"", ""suricata""]",Suricata: Alert - SURICATA STREAM 3way handshake excessive different SYNs,002,CibleWazuh,,,/var/log/suricata/eve.json,,0,,,1
2026-07-14T15:31:15.868+0000,86601,3,"[""ids"", ""suricata""]",Suricata: Alert - SURICATA STREAM 3way handshake excessive different SYNs,002,CibleWazuh,,,/var/log/suricata/eve.json,,0,,,1
2026-07-14T15:25:17.748+0000,86601,3,"[""ids"", ""suricata""]",Suricata: Alert - SURICATA STREAM 3way handshake excessive different SYNs,002,CibleWazuh,,,/var/log/suricata/eve.json,,0,,,1
2026-07-14T15:26:18.493+0000,86601,3,"[""ids"", ""suricata""]",Suricata: Alert - SURICATA STREAM 3way handshake excessive different SYNs,002,CibleWazuh,,,/var/log/suricata/eve.json,,0,,,1
2026-07-14T15:37:43.804+0000,86601,3,"[""ids"", ""suricata""]",Suricata: Alert - SURICATA STREAM 3way handshake excessive different SYNs,002,CibleWazuh,,,/var/log/suricata/eve.json,,0,,,1
2026-07-14T15:25:35.233+0000,86601,3,"[""ids"", ""suricata""]",Suricata: Alert - SURICATA STREAM 3way handshake excessive different SYNs,002,CibleWazuh,,,/var/log/suricata/eve.json,,0,,,1
2026-07-14T15:25:12.544+0000,86601,3,"[""ids"", ""suricata""]",Suricata: Alert - SURICATA STREAM 3way handshake excessive different SYNs,002,CibleWazuh,,,/var/log/suricata/eve.json,,0,,,1
2026-07-14T15:27:56.585+0000,86601,3,"[""ids"", ""suricata""]",Suricata: Alert - SURICATA STREAM 3way handshake excessive different SYNs,002,CibleWazuh,,,/var/log/suricata/eve.json,,0,,,1
2026-07-14T15:37:55.382+0000,86601,3,"[""ids"", ""suricata""]",Suricata: Alert - SURICATA STREAM 3way handshake excessive different SYNs,002,CibleWazuh,,,/var/log/suricata/eve.json,,0,,,1
2026-07-14T15:31:11.819+0000,86601,3,"[""ids"", ""suricata""]",Suricata: Alert - SURICATA STREAM 3way handshake excessive different SYNs,002,CibleWazuh,,,/var/log/suricata/eve.json,,0,,,1
2026-07-14T15:25:33.221+0000,86601,3,"[""ids"", ""suricata""]",Suricata: Alert - SURICATA STREAM 3way handshake excessive different SYNs,002,CibleWazuh,,,/var/log/suricata/eve.json,,0,,,1
2026-07-14T15:27:53.386+0000,86601,3,"[""ids"", ""suricata""]",Suricata: Alert - SURICATA STREAM 3way handshake excessive different SYNs,002,CibleWazuh,,,/var/log/suricata/eve.json,,0,,,1
2026-07-14T15:37:52.013+0000,86601,3,"[""ids"", ""suricata""]",Suricata: Alert - SURICATA STREAM 3way handshake excessive different SYNs,002,CibleWazuh,,,/var/log/suricata/eve.json,,0,,,1
2026-07-14T15:26:17.354+0000,86601,3,"[""ids"", ""suricata""]",Suricata: Alert - SURICATA STREAM 3way handshake excessive different SYNs,002,CibleWazuh,,,/var/log/suricata/eve.json,,0,,,1
2026-07-14T15:26:27.544+0000,86601,3,"[""ids"", ""suricata""]",Suricata: Alert - SURICATA STREAM 3way handshake excessive different SYNs,002,CibleWazuh,,,/var/log/suricata/eve.json,,0,,,1
2026-07-14T15:25:38.678+0000,86601,3,"[""ids"", ""suricata""]",Suricata: Alert - SURICATA STREAM 3way handshake excessive different SYNs,002,CibleWazuh,,,/var/log/suricata/eve.json,,0,,,1
2026-07-14T15:25:22.644+0000,86601,3,"[""ids"", ""suricata""]",Suricata: Alert - SURICATA STREAM 3way handshake excessive different SYNs,002,CibleWazuh,,,/var/log/suricata/eve.json,,0,,,1
2026-07-14T15:25:10.418+0000,86601,3,"[""ids"", ""suricata""]",Suricata: Alert - SURICATA STREAM 3way handshake excessive different SYNs,002,CibleWazuh,,,/var/log/suricata/eve.json,,0,,,1
2026-07-14T15:37:58.518+0000,86601,3,"[""ids"", ""suricata""]",Suricata: Alert - SURICATA STREAM 3way handshake excessive different SYNs,002,CibleWazuh,,,/var/log/suricata/eve.json,,0,,,1
2026-07-14T15:27:33.433+0000,86601,3,"[""ids"", ""suricata""]",Suricata: Alert - SURICATA STREAM 3way handshake excessive different SYNs,002,CibleWazuh,,,/var/log/suricata/eve.json,,0,,,1
2026-07-14T15:25:06.423+0000,86601,3,"[""ids"", ""suricata""]",Suricata: Alert - SURICATA STREAM 3way handshake excessive different SYNs,002,CibleWazuh,,,/var/log/suricata/eve.json,,0,,,1
2026-07-14T15:25:08.567+0000,86601,3,"[""ids"", ""suricata""]",Suricata: Alert - SURICATA STREAM 3way handshake excessive different SYNs,002,CibleWazuh,,,/var/log/suricata/eve.json,,0,,,1
2026-07-14T15:24:57.553+0000,86601,3,"[""ids"", ""suricata""]",Suricata: Alert - SURICATA STREAM 3way handshake excessive different SYNs,002,CibleWazuh,,,/var/log/suricata/eve.json,,0,,,1
2026-07-14T15:25:09.217+0000,86601,3,"[""ids"", ""suricata""]",Suricata: Alert - SURICATA STREAM 3way handshake excessive different SYNs,002,CibleWazuh,,,/var/log/suricata/eve.json,,0,,,1
2026-07-14T15:24:55.051+0000,86601,3,"[""ids"", ""suricata""]",Suricata: Alert - SURICATA STREAM 3way handshake excessive different SYNs,002,CibleWazuh,,,/var/log/suricata/eve.json,,0,,,1
2026-07-14T15:25:33.584+0000,86601,3,"[""ids"", ""suricata""]",Suricata: Alert - SURICATA STREAM 3way handshake excessive different SYNs,002,CibleWazuh,,,/var/log/suricata/eve.json,,0,,,1
2026-07-14T15:31:09.581+0000,86601,3,"[""ids"", ""suricata""]",Suricata: Alert - SURICATA STREAM 3way handshake excessive different SYNs,002,CibleWazuh,,,/var/log/suricata/eve.json,,0,,,1
2026-07-14T15:27:42.912+0000,86601,3,"[""ids"", ""suricata""]",Suricata: Alert - SURICATA STREAM 3way handshake excessive different SYNs,002,CibleWazuh,,,/var/log/suricata/eve.json,,0,,,1
2026-07-14T15:31:18.414+0000,86601,3,"[""ids"", ""suricata""]",Suricata: Alert - SURICATA STREAM 3way handshake excessive different SYNs,002,CibleWazuh,,,/var/log/suricata/eve.json,,0,,,1
2026-07-14T15:25:15.066+0000,86601,3,"[""ids"", ""suricata""]",Suricata: Alert - SURICATA STREAM 3way handshake excessive different SYNs,002,CibleWazuh,,,/var/log/suricata/eve.json,,0,,,1
2026-07-14T15:37:52.440+0000,86601,3,"[""ids"", ""suricata""]",Suricata: Alert - SURICATA STREAM 3way handshake excessive different SYNs,002,CibleWazuh,,,/var/log/suricata/eve.json,,0,,,1
2026-07-14T15:24:56.263+0000,86601,3,"[""ids"", ""suricata""]",Suricata: Alert - SURICATA STREAM 3way handshake excessive different SYNs,002,CibleWazuh,,,/var/log/suricata/eve.json,,0,,,1
2026-07-14T15:25:36.604+0000,86601,3,"[""ids"", ""suricata""]",Suricata: Alert - SURICATA STREAM 3way handshake excessive different SYNs,002,CibleWazuh,,,/var/log/suricata/eve.json,,0,,,1
2026-07-14T15:37:52.017+0000,86601,3,"[""ids"", ""suricata""]",Suricata: Alert - SURICATA STREAM 3way handshake excessive different SYNs,002,CibleWazuh,,,/var/log/suricata/eve.json,,0,,,1
2026-07-14T15:27:44.034+0000,86601,3,"[""ids"", ""suricata""]",Suricata: Alert - SURICATA STREAM 3way handshake excessive different SYNs,002,CibleWazuh,,,/var/log/suricata/eve.json,,0,,,1
2026-07-14T15:37:54.587+0000,86601,3,"[""ids"", ""suricata""]",Suricata: Alert - SURICATA STREAM 3way handshake excessive different SYNs,002,CibleWazuh,,,/var/log/suricata/eve.json,,0,,,1
2026-07-14T15:24:55.863+0000,86601,3,"[""ids"", ""suricata""]",Suricata: Alert - SURICATA STREAM 3way handshake excessive different SYNs,002,CibleWazuh,,,/var/log/suricata/eve.json,,0,,,1
2026-07-14T15:25:38.410+0000,86601,3,"[""ids"", ""suricata""]",Suricata: Alert - SURICATA STREAM 3way handshake excessive different SYNs,002,CibleWazuh,,,/var/log/suricata/eve.json,,0,,,1
2026-07-14T15:24:50.122+0000,86601,3,"[""ids"", ""suricata""]",Suricata: Alert - SURICATA STREAM 3way handshake excessive different SYNs,002,CibleWazuh,,,/var/log/suricata/eve.json,,0,,,1
2026-07-14T15:25:28.135+0000,86601,3,"[""ids"", ""suricata""]",Suricata: Alert - SURICATA STREAM 3way handshake excessive different SYNs,002,CibleWazuh,,,/var/log/suricata/eve.json,,0,,,1
2026-07-14T15:24:52.729+0000,86601,3,"[""ids"", ""suricata""]",Suricata: Alert - SURICATA STREAM 3way handshake excessive different SYNs,002,CibleWazuh,,,/var/log/suricata/eve.json,,0,,,1
2026-07-14T15:31:07.917+0000,86601,3,"[""ids"", ""suricata""]",Suricata: Alert - SURICATA STREAM 3way handshake excessive different SYNs,002,CibleWazuh,,,/var/log/suricata/eve.json,,0,,,1
2026-07-14T15:24:58.153+0000,86601,3,"[""ids"", ""suricata""]",Suricata: Alert - SURICATA STREAM 3way handshake excessive different SYNs,002,CibleWazuh,,,/var/log/suricata/eve.json,,0,,,1
2026-07-14T15:31:17.005+0000,86601,3,"[""ids"", ""suricata""]",Suricata: Alert - SURICATA STREAM 3way handshake excessive different SYNs,002,CibleWazuh,,,/var/log/suricata/eve.json,,0,,,1
2026-07-14T15:38:00.612+0000,86601,3,"[""ids"", ""suricata""]",Suricata: Alert - SURICATA STREAM 3way handshake excessive different SYNs,002,CibleWazuh,,,/var/log/suricata/eve.json,,0,,,1
2026-07-14T15:25:01.403+0000,86601,3,"[""ids"", ""suricata""]",Suricata: Alert - SURICATA STREAM 3way handshake excessive different SYNs,002,CibleWazuh,,,/var/log/suricata/eve.json,,0,,,1
2026-07-14T15:30:59.352+0000,86601,3,"[""ids"", ""suricata""]",Suricata: Alert - SURICATA STREAM 3way handshake excessive different SYNs,002,CibleWazuh,,,/var/log/suricata/eve.json,,0,,,1
2026-07-14T15:25:06.820+0000,86601,3,"[""ids"", ""suricata""]",Suricata: Alert - SURICATA STREAM 3way handshake excessive different SYNs,002,CibleWazuh,,,/var/log/suricata/eve.json,,0,,,1
2026-07-14T15:31:08.304+0000,86601,3,"[""ids"", ""suricata""]",Suricata: Alert - SURICATA STREAM 3way handshake excessive different SYNs,002,CibleWazuh,,,/var/log/suricata/eve.json,,0,,,1
2026-07-14T15:37:53.477+0000,86601,3,"[""ids"", ""suricata""]",Suricata: Alert - SURICATA STREAM 3way handshake excessive different SYNs,002,CibleWazuh,,,/var/log/suricata/eve.json,,0,,,1
2026-07-14T15:37:55.808+0000,86601,3,"[""ids"", ""suricata""]",Suricata: Alert - SURICATA STREAM 3way handshake excessive different SYNs,002,CibleWazuh,,,/var/log/suricata/eve.json,,0,,,1
2026-07-14T15:26:26.653+0000,86601,3,"[""ids"", ""suricata""]",Suricata: Alert - SURICATA STREAM 3way handshake excessive different SYNs,002,CibleWazuh,,,/var/log/suricata/eve.json,,0,,,1
2026-07-14T15:27:50.502+0000,86601,3,"[""ids"", ""suricata""]",Suricata: Alert - SURICATA STREAM 3way handshake excessive different SYNs,002,CibleWazuh,,,/var/log/suricata/eve.json,,0,,,1
2026-07-14T15:25:19.888+0000,86601,3,"[""ids"", ""suricata""]",Suricata: Alert - SURICATA STREAM 3way handshake excessive different SYNs,002,CibleWazuh,,,/var/log/suricata/eve.json,,0,,,1
2026-07-14T15:25:30.425+0000,86601,3,"[""ids"", ""suricata""]",Suricata: Alert - SURICATA STREAM 3way handshake excessive different SYNs,002,CibleWazuh,,,/var/log/suricata/eve.json,,0,,,1
2026-07-14T15:37:57.178+0000,86601,3,"[""ids"", ""suricata""]",Suricata: Alert - SURICATA STREAM 3way handshake excessive different SYNs,002,CibleWazuh,,,/var/log/suricata/eve.json,,0,,,1
2026-07-14T15:25:34.409+0000,86601,3,"[""ids"", ""suricata""]",Suricata: Alert - SURICATA STREAM 3way handshake excessive different SYNs,002,CibleWazuh,,,/var/log/suricata/eve.json,,0,,,1
2026-07-14T15:37:57.918+0000,86601,3,"[""ids"", ""suricata""]",Suricata: Alert - SURICATA STREAM 3way handshake excessive different SYNs,002,CibleWazuh,,,/var/log/suricata/eve.json,,0,,,1
2026-07-14T15:39:12.904+0000,86601,3,"[""ids"", ""suricata""]",Suricata: Alert - ET SCAN NMAP SYN scan -sS,002,CibleWazuh,,,/var/log/suricata/eve.json,,0,,,1
2026-07-14T15:25:14.956+0000,86601,3,"[""ids"", ""suricata""]",Suricata: Alert - SURICATA STREAM 3way handshake excessive different SYNs,002,CibleWazuh,,,/var/log/suricata/eve.json,,0,,,1
2026-07-14T15:25:07.328+0000,86601,3,"[""ids"", ""suricata""]",Suricata: Alert - SURICATA STREAM 3way handshake excessive different SYNs,002,CibleWazuh,,,/var/log/suricata/eve.json,,0,,,1
2026-07-14T15:25:36.766+0000,86601,3,"[""ids"", ""suricata""]",Suricata: Alert - SURICATA STREAM 3way handshake excessive different SYNs,002,CibleWazuh,,,/var/log/suricata/eve.json,,0,,,1
2026-07-14T15:25:38.533+0000,86601,3,"[""ids"", ""suricata""]",Suricata: Alert - SURICATA STREAM 3way handshake excessive different SYNs,002,CibleWazuh,,,/var/log/suricata/eve.json,,0,,,1
2026-07-14T15:26:17.794+0000,86601,3,"[""ids"", ""suricata""]",Suricata: Alert - SURICATA STREAM 3way handshake excessive different SYNs,002,CibleWazuh,,,/var/log/suricata/eve.json,,0,,,1
2026-07-14T15:25:15.603+0000,86601,3,"[""ids"", ""suricata""]",Suricata: Alert - SURICATA STREAM 3way handshake excessive different SYNs,002,CibleWazuh,,,/var/log/suricata/eve.json,,0,,,1
2026-07-14T15:25:38.186+0000,86601,3,"[""ids"", ""suricata""]",Suricata: Alert - SURICATA STREAM 3way handshake excessive different SYNs,002,CibleWazuh,,,/var/log/suricata/eve.json,,0,,,1
2026-07-14T15:27:49.332+0000,86601,3,"[""ids"", ""suricata""]",Suricata: Alert - SURICATA STREAM 3way handshake excessive different SYNs,002,CibleWazuh,,,/var/log/suricata/eve.json,,0,,,1
2026-07-14T15:24:59.151+0000,86601,3,"[""ids"", ""suricata""]",Suricata: Alert - SURICATA STREAM 3way handshake excessive different SYNs,002,CibleWazuh,,,/var/log/suricata/eve.json,,0,,,1
2026-07-14T15:37:54.685+0000,86601,3,"[""ids"", ""suricata""]",Suricata: Alert - SURICATA STREAM 3way handshake excessive different SYNs,002,CibleWazuh,,,/var/log/suricata/eve.json,,0,,,1
2026-07-14T15:30:54.582+0000,86601,3,"[""ids"", ""suricata""]",Suricata: Alert - SURICATA STREAM 3way handshake excessive different SYNs,002,CibleWazuh,,,/var/log/suricata/eve.json,,0,,,1
2026-07-14T15:31:12.759+0000,86601,3,"[""ids"", ""suricata""]",Suricata: Alert - SURICATA STREAM 3way handshake excessive different SYNs,002,CibleWazuh,,,/var/log/suricata/eve.json,,0,,,1
2026-07-14T15:25:18.234+0000,86601,3,"[""ids"", ""suricata""]",Suricata: Alert - SURICATA STREAM 3way handshake excessive different SYNs,002,CibleWazuh,,,/var/log/suricata/eve.json,,0,,,1
2026-07-14T15:27:42.771+0000,86601,3,"[""ids"", ""suricata""]",Suricata: Alert - SURICATA STREAM 3way handshake excessive different SYNs,002,CibleWazuh,,,/var/log/suricata/eve.json,,0,,,1
2026-07-14T15:27:56.397+0000,86601,3,"[""ids"", ""suricata""]",Suricata: Alert - SURICATA STREAM 3way handshake excessive different SYNs,002,CibleWazuh,,,/var/log/suricata/eve.json,,0,,,1
2026-07-14T15:27:53.673+0000,86601,3,"[""ids"", ""suricata""]",Suricata: Alert - SURICATA STREAM 3way handshake excessive different SYNs,002,CibleWazuh,,,/var/log/suricata/eve.json,,0,,,1
2026-07-14T15:30:54.702+0000,86601,3,"[""ids"", ""suricata""]",Suricata: Alert - SURICATA STREAM 3way handshake excessive different SYNs,002,CibleWazuh,,,/var/log/suricata/eve.json,,0,,,1
2026-07-14T15:31:09.254+0000,86601,3,"[""ids"", ""suricata""]",Suricata: Alert - SURICATA STREAM 3way handshake excessive different SYNs,002,CibleWazuh,,,/var/log/suricata/eve.json,,0,,,1
2026-07-14T15:27:55.645+0000,86601,3,"[""ids"", ""suricata""]",Suricata: Alert - SURICATA STREAM 3way handshake excessive different SYNs,002,CibleWazuh,,,/var/log/suricata/eve.json,,0,,,1
2026-07-14T15:25:28.469+0000,86601,3,"[""ids"", ""suricata""]",Suricata: Alert - SURICATA STREAM 3way handshake excessive different SYNs,002,CibleWazuh,,,/var/log/suricata/eve.json,,0,,,1
2026-07-14T15:24:56.639+0000,86601,3,"[""ids"", ""suricata""]",Suricata: Alert - SURICATA STREAM 3way handshake excessive different SYNs,002,CibleWazuh,,,/var/log/suricata/eve.json,,0,,,1
2026-07-14T15:25:25.127+0000,86601,3,"[""ids"", ""suricata""]",Suricata: Alert - SURICATA STREAM 3way handshake excessive different SYNs,002,CibleWazuh,,,/var/log/suricata/eve.json,,0,,,1
2026-07-14T15:27:42.260+0000,86601,3,"[""ids"", ""suricata""]",Suricata: Alert - SURICATA STREAM 3way handshake excessive different SYNs,002,CibleWazuh,,,/var/log/suricata/eve.json,,0,,,1
2026-07-14T15:25:23.850+0000,86601,3,"[""ids"", ""suricata""]",Suricata: Alert - SURICATA STREAM 3way handshake excessive different SYNs,002,CibleWazuh,,,/var/log/suricata/eve.json,,0,,,1
2026-07-14T15:25:36.002+0000,86601,3,"[""ids"", ""suricata""]",Suricata: Alert - SURICATA STREAM 3way handshake excessive different SYNs,002,CibleWazuh,,,/var/log/suricata/eve.json,,0,,,1
2026-07-14T15:37:58.118+0000,86601,3,"[""ids"", ""suricata""]",Suricata: Alert - SURICATA STREAM 3way handshake excessive different SYNs,002,CibleWazuh,,,/var/log/suricata/eve.json,,0,,,1
2026-07-14T15:25:08.703+0000,86601,3,"[""ids"", ""suricata""]",Suricata: Alert - SURICATA STREAM 3way handshake excessive different SYNs,002,CibleWazuh,,,/var/log/suricata/eve.json,,0,,,1
2026-07-14T15:24:56.877+0000,86601,3,"[""ids"", ""suricata""]",Suricata: Alert - SURICATA STREAM 3way handshake excessive different SYNs,002,CibleWazuh,,,/var/log/suricata/eve.json,,0,,,1
2026-07-14T15:27:49.779+0000,86601,3,"[""ids"", ""suricata""]",Suricata: Alert - SURICATA STREAM 3way handshake excessive different SYNs,002,CibleWazuh,,,/var/log/suricata/eve.json,,0,,,1
2026-07-14T15:25:41.067+0000,86601,3,"[""ids"", ""suricata""]",Suricata: Alert - SURICATA STREAM 3way handshake excessive different SYNs,002,CibleWazuh,,,/var/log/suricata/eve.json,,0,,,1
2026-07-14T15:25:42.795+0000,86601,3,"[""ids"", ""suricata""]",Suricata: Alert - SURICATA STREAM 3way handshake excessive different SYNs,002,CibleWazuh,,,/var/log/suricata/eve.json,,0,,,1
2026-07-14T15:38:00.213+0000,86601,3,"[""ids"", ""suricata""]",Suricata: Alert - SURICATA STREAM 3way handshake excessive different SYNs,002,CibleWazuh,,,/var/log/suricata/eve.json,,0,,,1
2026-07-14T15:27:57.629+0000,86601,3,"[""ids"", ""suricata""]",Suricata: Alert - SURICATA STREAM 3way handshake excessive different SYNs,002,CibleWazuh,,,/var/log/suricata/eve.json,,0,,,1
2026-07-14T15:27:47.917+0000,86601,3,"[""ids"", ""suricata""]",Suricata: Alert - SURICATA STREAM 3way handshake excessive different SYNs,002,CibleWazuh,,,/var/log/suricata/eve.json,,0,,,1
2026-07-14T15:26:16.211+0000,86601,3,"[""ids"", ""suricata""]",Suricata: Alert - SURICATA STREAM 3way handshake excessive different SYNs,002,CibleWazuh,,,/var/log/suricata/eve.json,,0,,,1
2026-07-14T15:26:11.873+0000,86601,3,"[""ids"", ""suricata""]",Suricata: Alert - SURICATA STREAM 3way handshake excessive different SYNs,002,CibleWazuh,,,/var/log/suricata/eve.json,,0,,,1
2026-07-14T15:38:02.566+0000,86601,3,"[""ids"", ""suricata""]",Suricata: Alert - SURICATA STREAM 3way handshake excessive different SYNs,002,CibleWazuh,,,/var/log/suricata/eve.json,,0,,,1
2026-07-14T15:31:09.931+0000,86601,3,"[""ids"", ""suricata""]",Suricata: Alert - SURICATA STREAM 3way handshake excessive different SYNs,002,CibleWazuh,,,/var/log/suricata/eve.json,,0,,,1
2026-07-14T15:25:02.688+0000,86601,3,"[""ids"", ""suricata""]",Suricata: Alert - SURICATA STREAM 3way handshake excessive different SYNs,002,CibleWazuh,,,/var/log/suricata/eve.json,,0,,,1
2026-07-14T15:31:14.384+0000,86601,3,"[""ids"", ""suricata""]",Suricata: Alert - SURICATA STREAM 3way handshake excessive different SYNs,002,CibleWazuh,,,/var/log/suricata/eve.json,,0,,,1
2026-07-14T15:25:31.040+0000,86601,3,"[""ids"", ""suricata""]",Suricata: Alert - SURICATA STREAM 3way handshake excessive different SYNs,002,CibleWazuh,,,/var/log/suricata/eve.json,,0,,,1
2026-07-14T15:37:54.588+0000,86601,3,"[""ids"", ""suricata""]",Suricata: Alert - SURICATA STREAM 3way handshake excessive different SYNs,002,CibleWazuh,,,/var/log/suricata/eve.json,,0,,,1
2026-07-14T15:25:12.248+0000,86601,3,"[""ids"", ""suricata""]",Suricata: Alert - SURICATA STREAM 3way handshake excessive different SYNs,002,CibleWazuh,,,/var/log/suricata/eve.json,,0,,,1
2026-07-14T15:25:15.033+0000,86601,3,"[""ids"", ""suricata""]",Suricata: Alert - SURICATA STREAM 3way handshake excessive different SYNs,002,CibleWazuh,,,/var/log/suricata/eve.json,,0,,,1
2026-07-14T15:25:39.818+0000,86601,3,"[""ids"", ""suricata""]",Suricata: Alert - SURICATA STREAM 3way handshake excessive different SYNs,002,CibleWazuh,,,/var/log/suricata/eve.json,,0,,,1
2026-07-14T15:18:11.060+0000,5502,3,"[""pam"", ""syslog""]",PAM: Login session closed.,002,CibleWazuh,,root,journald,Jul 14 15:18:10 CibleWazuh sudo[13993]: pam_unix(sudo:session): session closed for user root,1,PARROT-NMAP-01,malicious_nmap,0
2026-07-14T15:25:24.891+0000,86601,3,"[""ids"", ""suricata""]",Suricata: Alert - SURICATA STREAM 3way handshake excessive different SYNs,002,CibleWazuh,,,/var/log/suricata/eve.json,,0,,,1
2026-07-14T15:27:51.984+0000,86601,3,"[""ids"", ""suricata""]",Suricata: Alert - SURICATA STREAM 3way handshake excessive different SYNs,002,CibleWazuh,,,/var/log/suricata/eve.json,,0,,,1
2026-07-14T15:30:52.345+0000,86601,3,"[""ids"", ""suricata""]",Suricata: Alert - SURICATA STREAM 3way handshake excessive different SYNs,002,CibleWazuh,,,/var/log/suricata/eve.json,,0,,,1
2026-07-14T15:27:52.121+0000,86601,3,"[""ids"", ""suricata""]",Suricata: Alert - SURICATA STREAM 3way handshake excessive different SYNs,002,CibleWazuh,,,/var/log/suricata/eve.json,,0,,,1
2026-07-14T15:25:35.323+0000,86601,3,"[""ids"", ""suricata""]",Suricata: Alert - SURICATA STREAM 3way handshake excessive different SYNs,002,CibleWazuh,,,/var/log/suricata/eve.json,,0,,,1
2026-07-14T15:38:02.922+0000,86601,3,"[""ids"", ""suricata""]",Suricata: Alert - SURICATA STREAM 3way handshake excessive different SYNs,002,CibleWazuh,,,/var/log/suricata/eve.json,,0,,,1
2026-07-14T15:27:42.721+0000,86601,3,"[""ids"", ""suricata""]",Suricata: Alert - SURICATA STREAM 3way handshake excessive different SYNs,002,CibleWazuh,,,/var/log/suricata/eve.json,,0,,,1
2026-07-14T15:30:59.339+0000,86601,3,"[""ids"", ""suricata""]",Suricata: Alert - SURICATA STREAM 3way handshake excessive different SYNs,002,CibleWazuh,,,/var/log/suricata/eve.json,,0,,,1
2026-07-14T15:31:07.989+0000,86601,3,"[""ids"", ""suricata""]",Suricata: Alert - SURICATA STREAM 3way handshake excessive different SYNs,002,CibleWazuh,,,/var/log/suricata/eve.json,,0,,,1
2026-07-14T15:26:26.297+0000,86601,3,"[""ids"", ""suricata""]",Suricata: Alert - SURICATA STREAM 3way handshake excessive different SYNs,002,CibleWazuh,,,/var/log/suricata/eve.json,,0,,,1
2026-07-14T15:26:24.204+0000,86601,3,"[""ids"", ""suricata""]",Suricata: Alert - SURICATA STREAM 3way handshake excessive different SYNs,002,CibleWazuh,,,/var/log/suricata/eve.json,,0,,,1
2026-07-14T15:27:39.828+0000,86601,3,"[""ids"", ""suricata""]",Suricata: Alert - SURICATA STREAM 3way handshake excessive different SYNs,002,CibleWazuh,,,/var/log/suricata/eve.json,,0,,,1
2026-07-14T15:27:44.757+0000,86601,3,"[""ids"", ""suricata""]",Suricata: Alert - SURICATA STREAM 3way handshake excessive different SYNs,002,CibleWazuh,,,/var/log/suricata/eve.json,,0,,,1
2026-07-14T15:37:58.133+0000,86601,3,"[""ids"", ""suricata""]",Suricata: Alert - SURICATA STREAM 3way handshake excessive different SYNs,002,CibleWazuh,,,/var/log/suricata/eve.json,,0,,,1
2026-07-14T15:25:24.321+0000,86601,3,"[""ids"", ""suricata""]",Suricata: Alert - SURICATA STREAM 3way handshake excessive different SYNs,002,CibleWazuh,,,/var/log/suricata/eve.json,,0,,,1
2026-07-14T15:30:59.410+0000,86601,3,"[""ids"", ""suricata""]",Suricata: Alert - SURICATA STREAM 3way handshake excessive different SYNs,002,CibleWazuh,,,/var/log/suricata/eve.json,,0,,,1
2026-07-14T15:25:40.593+0000,86601,3,"[""ids"", ""suricata""]",Suricata: Alert - SURICATA STREAM 3way handshake excessive different SYNs,002,CibleWazuh,,,/var/log/suricata/eve.json,,0,,,1
2026-07-14T15:27:41.829+0000,86601,3,"[""ids"", ""suricata""]",Suricata: Alert - SURICATA STREAM 3way handshake excessive different SYNs,002,CibleWazuh,,,/var/log/suricata/eve.json,,0,,,1
2026-07-14T15:38:02.660+0000,86601,3,"[""ids"", ""suricata""]",Suricata: Alert - SURICATA STREAM 3way handshake excessive different SYNs,002,CibleWazuh,,,/var/log/suricata/eve.json,,0,,,1
2026-07-14T15:25:20.607+0000,86601,3,"[""ids"", ""suricata""]",Suricata: Alert - SURICATA STREAM 3way handshake excessive different SYNs,002,CibleWazuh,,,/var/log/suricata/eve.json,,0,,,1
2026-07-14T15:31:17.852+0000,86601,3,"[""ids"", ""suricata""]",Suricata: Alert - SURICATA STREAM 3way handshake excessive different SYNs,002,CibleWazuh,,,/var/log/suricata/eve.json,,0,,,1
2026-07-14T15:27:47.831+0000,86601,3,"[""ids"", ""suricata""]",Suricata: Alert - SURICATA STREAM 3way handshake excessive different SYNs,002,CibleWazuh,,,/var/log/suricata/eve.json,,0,,,1
2026-07-14T15:26:19.430+0000,86601,3,"[""ids"", ""suricata""]",Suricata: Alert - SURICATA STREAM 3way handshake excessive different SYNs,002,CibleWazuh,,,/var/log/suricata/eve.json,,0,,,1
2026-07-14T15:25:36.977+0000,86601,3,"[""ids"", ""suricata""]",Suricata: Alert - SURICATA STREAM 3way handshake excessive different SYNs,002,CibleWazuh,,,/var/log/suricata/eve.json,,0,,,1
2026-07-14T14:18:37.382+0000,5760,5,"[""syslog"", ""sshd"", ""authentication_failed""]",sshd: authentication failed.,002,CibleWazuh,192.168.30.10,vboxuser,journald,Jul 14 14:18:37 CibleWazuh sshd[8216]: Failed password for vboxuser from 192.168.30.10 port 54426 ssh2,1,TG-0002,malicious_bruteforce,0
2026-07-14T15:25:27.510+0000,86601,3,"[""ids"", ""suricata""]",Suricata: Alert - SURICATA STREAM 3way handshake excessive different SYNs,002,CibleWazuh,,,/var/log/suricata/eve.json,,0,,,1
2026-07-14T14:33:06.902+0000,5402,3,"[""syslog"", ""sudo""]",Successful sudo to ROOT executed.,000,UbuntuWazuh,,root,journald,Jul 14 14:33:06 UbuntuWazuh sudo[21654]: vboxuser : a password is required ; PWD=/home/vboxuser/.openclaw/workspace ; USER=root ; COMMAND=/usr/bin/systemctl restart wazuh-inference,0,,,0
2026-07-14T15:31:04.380+0000,86601,3,"[""ids"", ""suricata""]",Suricata: Alert - SURICATA STREAM 3way handshake excessive different SYNs,002,CibleWazuh,,,/var/log/suricata/eve.json,,0,,,1
2026-07-14T15:31:07.244+0000,86601,3,"[""ids"", ""suricata""]",Suricata: Alert - SURICATA STREAM 3way handshake excessive different SYNs,002,CibleWazuh,,,/var/log/suricata/eve.json,,0,,,1
2026-07-14T15:37:59.810+0000,86601,3,"[""ids"", ""suricata""]",Suricata: Alert - SURICATA STREAM 3way handshake excessive different SYNs,002,CibleWazuh,,,/var/log/suricata/eve.json,,0,,,1
2026-07-14T15:30:59.203+0000,86601,3,"[""ids"", ""suricata""]",Suricata: Alert - SURICATA STREAM 3way handshake excessive different SYNs,002,CibleWazuh,,,/var/log/suricata/eve.json,,0,,,1
2026-07-14T15:31:07.730+0000,86601,3,"[""ids"", ""suricata""]",Suricata: Alert - SURICATA STREAM 3way handshake excessive different SYNs,002,CibleWazuh,,,/var/log/suricata/eve.json,,0,,,1
2026-07-14T15:27:52.537+0000,86601,3,"[""ids"", ""suricata""]",Suricata: Alert - SURICATA STREAM 3way handshake excessive different SYNs,002,CibleWazuh,,,/var/log/suricata/eve.json,,0,,,1
2026-07-14T15:31:12.745+0000,86601,3,"[""ids"", ""suricata""]",Suricata: Alert - SURICATA STREAM 3way handshake excessive different SYNs,002,CibleWazuh,,,/var/log/suricata/eve.json,,0,,,1
2026-07-14T15:27:54.552+0000,86601,3,"[""ids"", ""suricata""]",Suricata: Alert - SURICATA STREAM 3way handshake excessive different SYNs,002,CibleWazuh,,,/var/log/suricata/eve.json,,0,,,1
2026-07-14T15:31:11.156+0000,86601,3,"[""ids"", ""suricata""]",Suricata: Alert - SURICATA STREAM 3way handshake excessive different SYNs,002,CibleWazuh,,,/var/log/suricata/eve.json,,0,,,1
2026-07-14T15:31:05.815+0000,86601,3,"[""ids"", ""suricata""]",Suricata: Alert - SURICATA STREAM 3way handshake excessive different SYNs,002,CibleWazuh,,,/var/log/suricata/eve.json,,0,,,1
2026-07-14T15:27:50.681+0000,86601,3,"[""ids"", ""suricata""]",Suricata: Alert - SURICATA STREAM 3way handshake excessive different SYNs,002,CibleWazuh,,,/var/log/suricata/eve.json,,0,,,1
2026-07-14T15:26:16.860+0000,86601,3,"[""ids"", ""suricata""]",Suricata: Alert - SURICATA STREAM 3way handshake excessive different SYNs,002,CibleWazuh,,,/var/log/suricata/eve.json,,0,,,1
2026-07-14T15:30:55.609+0000,86601,3,"[""ids"", ""suricata""]",Suricata: Alert - SURICATA STREAM 3way handshake excessive different SYNs,002,CibleWazuh,,,/var/log/suricata/eve.json,,0,,,1
2026-07-14T15:25:40.858+0000,86601,3,"[""ids"", ""suricata""]",Suricata: Alert - SURICATA STREAM 3way handshake excessive different SYNs,002,CibleWazuh,,,/var/log/suricata/eve.json,,0,,,1
2026-07-14T15:31:17.303+0000,86601,3,"[""ids"", ""suricata""]",Suricata: Alert - SURICATA STREAM 3way handshake excessive different SYNs,002,CibleWazuh,,,/var/log/suricata/eve.json,,0,,,1
2026-07-14T15:25:31.620+0000,86601,3,"[""ids"", ""suricata""]",Suricata: Alert - SURICATA STREAM 3way handshake excessive different SYNs,002,CibleWazuh,,,/var/log/suricata/eve.json,,0,,,1
2026-07-14T15:31:06.968+0000,86601,3,"[""ids"", ""suricata""]",Suricata: Alert - SURICATA STREAM 3way handshake excessive different SYNs,002,CibleWazuh,,,/var/log/suricata/eve.json,,0,,,1
2026-07-14T15:25:17.987+0000,86601,3,"[""ids"", ""suricata""]",Suricata: Alert - SURICATA STREAM 3way handshake excessive different SYNs,002,CibleWazuh,,,/var/log/suricata/eve.json,,0,,,1
2026-07-14T15:26:13.534+0000,86601,3,"[""ids"", ""suricata""]",Suricata: Alert - SURICATA STREAM 3way handshake excessive different SYNs,002,CibleWazuh,,,/var/log/suricata/eve.json,,0,,,1
2026-07-14T15:27:41.346+0000,86601,3,"[""ids"", ""suricata""]",Suricata: Alert - SURICATA STREAM 3way handshake excessive different SYNs,002,CibleWazuh,,,/var/log/suricata/eve.json,,0,,,1
2026-07-14T15:27:44.827+0000,86601,3,"[""ids"", ""suricata""]",Suricata: Alert - SURICATA STREAM 3way handshake excessive different SYNs,002,CibleWazuh,,,/var/log/suricata/eve.json,,0,,,1
2026-07-14T15:26:26.249+0000,86601,3,"[""ids"", ""suricata""]",Suricata: Alert - SURICATA STREAM 3way handshake excessive different SYNs,002,CibleWazuh,,,/var/log/suricata/eve.json,,0,,,1
2026-07-14T15:27:50.403+0000,86601,3,"[""ids"", ""suricata""]",Suricata: Alert - SURICATA STREAM 3way handshake excessive different SYNs,002,CibleWazuh,,,/var/log/suricata/eve.json,,0,,,1
2026-07-14T15:26:22.597+0000,86601,3,"[""ids"", ""suricata""]",Suricata: Alert - SURICATA STREAM 3way handshake excessive different SYNs,002,CibleWazuh,,,/var/log/suricata/eve.json,,0,,,1
2026-07-14T15:25:19.658+0000,86601,3,"[""ids"", ""suricata""]",Suricata: Alert - SURICATA STREAM 3way handshake excessive different SYNs,002,CibleWazuh,,,/var/log/suricata/eve.json,,0,,,1
2026-07-14T15:25:17.962+0000,86601,3,"[""ids"", ""suricata""]",Suricata: Alert - SURICATA STREAM 3way handshake excessive different SYNs,002,CibleWazuh,,,/var/log/suricata/eve.json,,0,,,1
2026-07-14T15:30:59.697+0000,86601,3,"[""ids"", ""suricata""]",Suricata: Alert - SURICATA STREAM 3way handshake excessive different SYNs,002,CibleWazuh,,,/var/log/suricata/eve.json,,0,,,1
2026-07-14T15:27:52.583+0000,86601,3,"[""ids"", ""suricata""]",Suricata: Alert - SURICATA STREAM 3way handshake excessive different SYNs,002,CibleWazuh,,,/var/log/suricata/eve.json,,0,,,1
2026-07-14T15:37:34.661+0000,86601,3,"[""ids"", ""suricata""]",Suricata: Alert - SURICATA STREAM 3way handshake excessive different SYNs,002,CibleWazuh,,,/var/log/suricata/eve.json,,0,,,1
2026-07-14T15:24:56.272+0000,86601,3,"[""ids"", ""suricata""]",Suricata: Alert - SURICATA STREAM 3way handshake excessive different SYNs,002,CibleWazuh,,,/var/log/suricata/eve.json,,0,,,1
2026-07-14T15:26:23.715+0000,86601,3,"[""ids"", ""suricata""]",Suricata: Alert - SURICATA STREAM 3way handshake excessive different SYNs,002,CibleWazuh,,,/var/log/suricata/eve.json,,0,,,1
2026-07-14T15:38:01.728+0000,86601,3,"[""ids"", ""suricata""]",Suricata: Alert - SURICATA STREAM 3way handshake excessive different SYNs,002,CibleWazuh,,,/var/log/suricata/eve.json,,0,,,1
2026-07-14T15:26:25.224+0000,86601,3,"[""ids"", ""suricata""]",Suricata: Alert - SURICATA STREAM 3way handshake excessive different SYNs,002,CibleWazuh,,,/var/log/suricata/eve.json,,0,,,1
2026-07-14T15:37:58.213+0000,86601,3,"[""ids"", ""suricata""]",Suricata: Alert - SURICATA STREAM 3way handshake excessive different SYNs,002,CibleWazuh,,,/var/log/suricata/eve.json,,0,,,1
2026-07-14T15:24:53.685+0000,86601,3,"[""ids"", ""suricata""]",Suricata: Alert - SURICATA STREAM 3way handshake excessive different SYNs,002,CibleWazuh,,,/var/log/suricata/eve.json,,0,,,1
2026-07-14T15:37:45.235+0000,86601,3,"[""ids"", ""suricata""]",Suricata: Alert - SURICATA STREAM 3way handshake excessive different SYNs,002,CibleWazuh,,,/var/log/suricata/eve.json,,0,,,1
2026-07-14T15:26:27.689+0000,86601,3,"[""ids"", ""suricata""]",Suricata: Alert - SURICATA STREAM 3way handshake excessive different SYNs,002,CibleWazuh,,,/var/log/suricata/eve.json,,0,,,1
2026-07-14T15:37:56.607+0000,86601,3,"[""ids"", ""suricata""]",Suricata: Alert - SURICATA STREAM 3way handshake excessive different SYNs,002,CibleWazuh,,,/var/log/suricata/eve.json,,0,,,1
2026-07-14T15:27:56.436+0000,86601,3,"[""ids"", ""suricata""]",Suricata: Alert - SURICATA STREAM 3way handshake excessive different SYNs,002,CibleWazuh,,,/var/log/suricata/eve.json,,0,,,1
2026-07-14T15:26:11.211+0000,86601,3,"[""ids"", ""suricata""]",Suricata: Alert - SURICATA STREAM 3way handshake excessive different SYNs,002,CibleWazuh,,,/var/log/suricata/eve.json,,0,,,1
2026-07-14T15:25:40.149+0000,86601,3,"[""ids"", ""suricata""]",Suricata: Alert - SURICATA STREAM 3way handshake excessive different SYNs,002,CibleWazuh,,,/var/log/suricata/eve.json,,0,,,1
2026-07-14T15:37:57.002+0000,86601,3,"[""ids"", ""suricata""]",Suricata: Alert - SURICATA STREAM 3way handshake excessive different SYNs,002,CibleWazuh,,,/var/log/suricata/eve.json,,0,,,1
2026-07-14T15:38:01.382+0000,86601,3,"[""ids"", ""suricata""]",Suricata: Alert - SURICATA STREAM 3way handshake excessive different SYNs,002,CibleWazuh,,,/var/log/suricata/eve.json,,0,,,1
2026-07-14T15:25:29.303+0000,86601,3,"[""ids"", ""suricata""]",Suricata: Alert - SURICATA STREAM 3way handshake excessive different SYNs,002,CibleWazuh,,,/var/log/suricata/eve.json,,0,,,1
2026-07-14T15:27:51.060+0000,86601,3,"[""ids"", ""suricata""]",Suricata: Alert - SURICATA STREAM 3way handshake excessive different SYNs,002,CibleWazuh,,,/var/log/suricata/eve.json,,0,,,1
2026-07-14T15:24:55.414+0000,86601,3,"[""ids"", ""suricata""]",Suricata: Alert - SURICATA STREAM 3way handshake excessive different SYNs,002,CibleWazuh,,,/var/log/suricata/eve.json,,0,,,1
2026-07-14T15:25:33.208+0000,86601,3,"[""ids"", ""suricata""]",Suricata: Alert - SURICATA STREAM 3way handshake excessive different SYNs,002,CibleWazuh,,,/var/log/suricata/eve.json,,0,,,1
2026-07-14T15:37:43.216+0000,86601,3,"[""ids"", ""suricata""]",Suricata: Alert - SURICATA STREAM 3way handshake excessive different SYNs,002,CibleWazuh,,,/var/log/suricata/eve.json,,0,,,1
2026-07-14T15:31:01.878+0000,86601,3,"[""ids"", ""suricata""]",Suricata: Alert - SURICATA STREAM 3way handshake excessive different SYNs,002,CibleWazuh,,,/var/log/suricata/eve.json,,0,,,1
2026-07-14T15:27:55.347+0000,86601,3,"[""ids"", ""suricata""]",Suricata: Alert - SURICATA STREAM 3way handshake excessive different SYNs,002,CibleWazuh,,,/var/log/suricata/eve.json,,0,,,1
2026-07-14T15:25:35.969+0000,86601,3,"[""ids"", ""suricata""]",Suricata: Alert - SURICATA STREAM 3way handshake excessive different SYNs,002,CibleWazuh,,,/var/log/suricata/eve.json,,0,,,1
2026-07-14T15:25:42.874+0000,86601,3,"[""ids"", ""suricata""]",Suricata: Alert - SURICATA STREAM 3way handshake excessive different SYNs,002,CibleWazuh,,,/var/log/suricata/eve.json,,0,,,1
2026-07-14T15:37:44.725+0000,86601,3,"[""ids"", ""suricata""]",Suricata: Alert - SURICATA STREAM 3way handshake excessive different SYNs,002,CibleWazuh,,,/var/log/suricata/eve.json,,0,,,1
2026-07-14T15:31:16.056+0000,86601,3,"[""ids"", ""suricata""]",Suricata: Alert - SURICATA STREAM 3way handshake excessive different SYNs,002,CibleWazuh,,,/var/log/suricata/eve.json,,0,,,1
2026-07-14T15:25:00.594+0000,86601,3,"[""ids"", ""suricata""]",Suricata: Alert - SURICATA STREAM 3way handshake excessive different SYNs,002,CibleWazuh,,,/var/log/suricata/eve.json,,0,,,1
2026-07-14T15:26:11.709+0000,86601,3,"[""ids"", ""suricata""]",Suricata: Alert - SURICATA STREAM 3way handshake excessive different SYNs,002,CibleWazuh,,,/var/log/suricata/eve.json,,0,,,1
2026-07-14T14:50:21.661+0000,5402,3,"[""syslog"", ""sudo""]",Successful sudo to ROOT executed.,000,UbuntuWazuh,,root,journald,Jul 14 14:50:20 UbuntuWazuh sudo[24360]: vboxuser : PWD=/home/vboxuser/.openclaw/workspace ; USER=root ; COMMAND=/usr/bin/systemctl restart wazuh-inference,0,,,0
2026-07-14T15:25:18.128+0000,86601,3,"[""ids"", ""suricata""]",Suricata: Alert - SURICATA STREAM 3way handshake excessive different SYNs,002,CibleWazuh,,,/var/log/suricata/eve.json,,0,,,1
2026-07-14T15:09:30.885+0000,86601,3,"[""ids"", ""suricata""]",Suricata: Alert - ET SCAN NMAP -sV version,002,CibleWazuh,,,/var/log/suricata/eve.json,,0,,,1
2026-07-14T15:31:09.630+0000,86601,3,"[""ids"", ""suricata""]",Suricata: Alert - SURICATA STREAM 3way handshake excessive different SYNs,002,CibleWazuh,,,/var/log/suricata/eve.json,,0,,,1
2026-07-14T15:30:56.496+0000,86601,3,"[""ids"", ""suricata""]",Suricata: Alert - SURICATA STREAM 3way handshake excessive different SYNs,002,CibleWazuh,,,/var/log/suricata/eve.json,,0,,,1
2026-07-14T15:25:26.266+0000,86601,3,"[""ids"", ""suricata""]",Suricata: Alert - SURICATA STREAM 3way handshake excessive different SYNs,002,CibleWazuh,,,/var/log/suricata/eve.json,,0,,,1
2026-07-14T15:25:20.681+0000,86601,3,"[""ids"", ""suricata""]",Suricata: Alert - SURICATA STREAM 3way handshake excessive different SYNs,002,CibleWazuh,,,/var/log/suricata/eve.json,,0,,,1
2026-07-14T15:31:07.753+0000,86601,3,"[""ids"", ""suricata""]",Suricata: Alert - SURICATA STREAM 3way handshake excessive different SYNs,002,CibleWazuh,,,/var/log/suricata/eve.json,,0,,,1
2026-07-14T15:37:51.818+0000,86601,3,"[""ids"", ""suricata""]",Suricata: Alert - SURICATA STREAM 3way handshake excessive different SYNs,002,CibleWazuh,,,/var/log/suricata/eve.json,,0,,,1
2026-07-14T15:27:42.159+0000,86601,3,"[""ids"", ""suricata""]",Suricata: Alert - SURICATA STREAM 3way handshake excessive different SYNs,002,CibleWazuh,,,/var/log/suricata/eve.json,,0,,,1
2026-07-14T15:25:09.514+0000,86601,3,"[""ids"", ""suricata""]",Suricata: Alert - SURICATA STREAM 3way handshake excessive different SYNs,002,CibleWazuh,,,/var/log/suricata/eve.json,,0,,,1
2026-07-14T15:37:57.937+0000,86601,3,"[""ids"", ""suricata""]",Suricata: Alert - SURICATA STREAM 3way handshake excessive different SYNs,002,CibleWazuh,,,/var/log/suricata/eve.json,,0,,,1
2026-07-14T15:25:26.712+0000,86601,3,"[""ids"", ""suricata""]",Suricata: Alert - SURICATA STREAM 3way handshake excessive different SYNs,002,CibleWazuh,,,/var/log/suricata/eve.json,,0,,,1
2026-07-14T15:27:44.264+0000,86601,3,"[""ids"", ""suricata""]",Suricata: Alert - SURICATA STREAM 3way handshake excessive different SYNs,002,CibleWazuh,,,/var/log/suricata/eve.json,,0,,,1
2026-07-14T15:24:57.793+0000,86601,3,"[""ids"", ""suricata""]",Suricata: Alert - SURICATA STREAM 3way handshake excessive different SYNs,002,CibleWazuh,,,/var/log/suricata/eve.json,,0,,,1
2026-07-14T15:31:04.691+0000,86601,3,"[""ids"", ""suricata""]",Suricata: Alert - SURICATA STREAM 3way handshake excessive different SYNs,002,CibleWazuh,,,/var/log/suricata/eve.json,,0,,,1
2026-07-14T15:31:03.347+0000,86601,3,"[""ids"", ""suricata""]",Suricata: Alert - SURICATA STREAM 3way handshake excessive different SYNs,002,CibleWazuh,,,/var/log/suricata/eve.json,,0,,,1
2026-07-14T15:27:45.310+0000,86601,3,"[""ids"", ""suricata""]",Suricata: Alert - SURICATA STREAM 3way handshake excessive different SYNs,002,CibleWazuh,,,/var/log/suricata/eve.json,,0,,,1
2026-07-14T15:25:28.679+0000,86601,3,"[""ids"", ""suricata""]",Suricata: Alert - SURICATA STREAM 3way handshake excessive different SYNs,002,CibleWazuh,,,/var/log/suricata/eve.json,,0,,,1
2026-07-14T15:31:02.988+0000,86601,3,"[""ids"", ""suricata""]",Suricata: Alert - SURICATA STREAM 3way handshake excessive different SYNs,002,CibleWazuh,,,/var/log/suricata/eve.json,,0,,,1
2026-07-14T15:31:08.044+0000,86601,3,"[""ids"", ""suricata""]",Suricata: Alert - SURICATA STREAM 3way handshake excessive different SYNs,002,CibleWazuh,,,/var/log/suricata/eve.json,,0,,,1
2026-07-14T15:24:59.897+0000,86601,3,"[""ids"", ""suricata""]",Suricata: Alert - SURICATA STREAM 3way handshake excessive different SYNs,002,CibleWazuh,,,/var/log/suricata/eve.json,,0,,,1
2026-07-14T15:25:40.565+0000,86601,3,"[""ids"", ""suricata""]",Suricata: Alert - SURICATA STREAM 3way handshake excessive different SYNs,002,CibleWazuh,,,/var/log/suricata/eve.json,,0,,,1
2026-07-14T15:27:57.535+0000,86601,3,"[""ids"", ""suricata""]",Suricata: Alert - SURICATA STREAM 3way handshake excessive different SYNs,002,CibleWazuh,,,/var/log/suricata/eve.json,,0,,,1
2026-07-14T15:25:21.611+0000,86601,3,"[""ids"", ""suricata""]",Suricata: Alert - SURICATA STREAM 3way handshake excessive different SYNs,002,CibleWazuh,,,/var/log/suricata/eve.json,,0,,,1
2026-07-14T14:58:24.593+0000,5503,5,"[""pam"", ""syslog"", ""authentication_failed""]",PAM: User login failed.,002,CibleWazuh,192.168.30.10,vboxuser,journald,Jul 14 14:58:23 CibleWazuh sshd[12306]: pam_unix(sshd:auth): authentication failure; logname= uid=0 euid=0 tty=ssh ruser= rhost=192.168.30.10  user=vboxuser,1,TG-0031,malicious_bruteforce,0
2026-07-14T15:26:16.137+0000,86601,3,"[""ids"", ""suricata""]",Suricata: Alert - SURICATA STREAM 3way handshake excessive different SYNs,002,CibleWazuh,,,/var/log/suricata/eve.json,,0,,,1
2026-07-14T15:25:23.700+0000,86601,3,"[""ids"", ""suricata""]",Suricata: Alert - SURICATA STREAM 3way handshake excessive different SYNs,002,CibleWazuh,,,/var/log/suricata/eve.json,,0,,,1
2026-07-14T15:31:00.722+0000,86601,3,"[""ids"", ""suricata""]",Suricata: Alert - SURICATA STREAM 3way handshake excessive different SYNs,002,CibleWazuh,,,/var/log/suricata/eve.json,,0,,,1
2026-07-14T15:37:53.536+0000,86601,3,"[""ids"", ""suricata""]",Suricata: Alert - SURICATA STREAM 3way handshake excessive different SYNs,002,CibleWazuh,,,/var/log/suricata/eve.json,,0,,,1
2026-07-14T15:30:57.358+0000,86601,3,"[""ids"", ""suricata""]",Suricata: Alert - SURICATA STREAM 3way handshake excessive different SYNs,002,CibleWazuh,,,/var/log/suricata/eve.json,,0,,,1
2026-07-14T15:31:16.841+0000,86601,3,"[""ids"", ""suricata""]",Suricata: Alert - SURICATA STREAM 3way handshake excessive different SYNs,002,CibleWazuh,,,/var/log/suricata/eve.json,,0,,,1
2026-07-14T15:31:12.422+0000,86601,3,"[""ids"", ""suricata""]",Suricata: Alert - SURICATA STREAM 3way handshake excessive different SYNs,002,CibleWazuh,,,/var/log/suricata/eve.json,,0,,,1
2026-07-14T15:31:12.595+0000,86601,3,"[""ids"", ""suricata""]",Suricata: Alert - SURICATA STREAM 3way handshake excessive different SYNs,002,CibleWazuh,,,/var/log/suricata/eve.json,,0,,,1
2026-07-14T15:24:59.069+0000,86601,3,"[""ids"", ""suricata""]",Suricata: Alert - SURICATA STREAM 3way handshake excessive different SYNs,002,CibleWazuh,,,/var/log/suricata/eve.json,,0,,,1
2026-07-14T15:25:02.633+0000,86601,3,"[""ids"", ""suricata""]",Suricata: Alert - SURICATA STREAM 3way handshake excessive different SYNs,002,CibleWazuh,,,/var/log/suricata/eve.json,,0,,,1
2026-07-14T15:25:17.528+0000,86601,3,"[""ids"", ""suricata""]",Suricata: Alert - SURICATA STREAM 3way handshake excessive different SYNs,002,CibleWazuh,,,/var/log/suricata/eve.json,,0,,,1
2026-07-14T15:25:00.851+0000,86601,3,"[""ids"", ""suricata""]",Suricata: Alert - SURICATA STREAM 3way handshake excessive different SYNs,002,CibleWazuh,,,/var/log/suricata/eve.json,,0,,,1
2026-07-14T15:27:45.139+0000,86601,3,"[""ids"", ""suricata""]",Suricata: Alert - SURICATA STREAM 3way handshake excessive different SYNs,002,CibleWazuh,,,/var/log/suricata/eve.json,,0,,,1
2026-07-14T15:25:43.391+0000,86601,3,"[""ids"", ""suricata""]",Suricata: Alert - SURICATA STREAM 3way handshake excessive different SYNs,002,CibleWazuh,,,/var/log/suricata/eve.json,,0,,,1
2026-07-14T15:31:01.484+0000,86601,3,"[""ids"", ""suricata""]",Suricata: Alert - SURICATA STREAM 3way handshake excessive different SYNs,002,CibleWazuh,,,/var/log/suricata/eve.json,,0,,,1
2026-07-14T15:26:22.242+0000,86601,3,"[""ids"", ""suricata""]",Suricata: Alert - SURICATA STREAM 3way handshake excessive different SYNs,002,CibleWazuh,,,/var/log/suricata/eve.json,,0,,,1
2026-07-14T15:37:53.798+0000,86601,3,"[""ids"", ""suricata""]",Suricata: Alert - SURICATA STREAM 3way handshake excessive different SYNs,002,CibleWazuh,,,/var/log/suricata/eve.json,,0,,,1
2026-07-14T15:25:26.150+0000,86601,3,"[""ids"", ""suricata""]",Suricata: Alert - SURICATA STREAM 3way handshake excessive different SYNs,002,CibleWazuh,,,/var/log/suricata/eve.json,,0,,,1
2026-07-14T15:24:57.197+0000,86601,3,"[""ids"", ""suricata""]",Suricata: Alert - SURICATA STREAM 3way handshake excessive different SYNs,002,CibleWazuh,,,/var/log/suricata/eve.json,,0,,,1
2026-07-14T15:25:18.176+0000,86601,3,"[""ids"", ""suricata""]",Suricata: Alert - SURICATA STREAM 3way handshake excessive different SYNs,002,CibleWazuh,,,/var/log/suricata/eve.json,,0,,,1
2026-07-14T15:27:44.650+0000,86601,3,"[""ids"", ""suricata""]",Suricata: Alert - SURICATA STREAM 3way handshake excessive different SYNs,002,CibleWazuh,,,/var/log/suricata/eve.json,,0,,,1
2026-07-14T15:26:17.354+0000,86601,3,"[""ids"", ""suricata""]",Suricata: Alert - SURICATA STREAM 3way handshake excessive different SYNs,002,CibleWazuh,,,/var/log/suricata/eve.json,,0,,,1
2026-07-14T15:37:44.411+0000,86601,3,"[""ids"", ""suricata""]",Suricata: Alert - SURICATA STREAM 3way handshake excessive different SYNs,002,CibleWazuh,,,/var/log/suricata/eve.json,,0,,,1
2026-07-14T15:27:44.042+0000,86601,3,"[""ids"", ""suricata""]",Suricata: Alert - SURICATA STREAM 3way handshake excessive different SYNs,002,CibleWazuh,,,/var/log/suricata/eve.json,,0,,,1
2026-07-14T15:27:53.290+0000,86601,3,"[""ids"", ""suricata""]",Suricata: Alert - SURICATA STREAM 3way handshake excessive different SYNs,002,CibleWazuh,,,/var/log/suricata/eve.json,,0,,,1
2026-07-14T15:27:41.541+0000,86601,3,"[""ids"", ""suricata""]",Suricata: Alert - SURICATA STREAM 3way handshake excessive different SYNs,002,CibleWazuh,,,/var/log/suricata/eve.json,,0,,,1
2026-07-14T15:26:20.333+0000,86601,3,"[""ids"", ""suricata""]",Suricata: Alert - SURICATA STREAM 3way handshake excessive different SYNs,002,CibleWazuh,,,/var/log/suricata/eve.json,,0,,,1
2026-07-14T15:31:15.969+0000,86601,3,"[""ids"", ""suricata""]",Suricata: Alert - SURICATA STREAM 3way handshake excessive different SYNs,002,CibleWazuh,,,/var/log/suricata/eve.json,,0,,,1
2026-07-14T15:31:12.290+0000,86601,3,"[""ids"", ""suricata""]",Suricata: Alert - SURICATA STREAM 3way handshake excessive different SYNs,002,CibleWazuh,,,/var/log/suricata/eve.json,,0,,,1
2026-07-14T15:25:03.513+0000,86601,3,"[""ids"", ""suricata""]",Suricata: Alert - SURICATA STREAM 3way handshake excessive different SYNs,002,CibleWazuh,,,/var/log/suricata/eve.json,,0,,,1
2026-07-14T15:38:02.723+0000,86601,3,"[""ids"", ""suricata""]",Suricata: Alert - SURICATA STREAM 3way handshake excessive different SYNs,002,CibleWazuh,,,/var/log/suricata/eve.json,,0,,,1
2026-07-14T15:37:54.295+0000,86601,3,"[""ids"", ""suricata""]",Suricata: Alert - SURICATA STREAM 3way handshake excessive different SYNs,002,CibleWazuh,,,/var/log/suricata/eve.json,,0,,,1
2026-07-14T13:38:46.096+0000,5501,3,"[""pam"", ""syslog"", ""authentication_success""]",PAM: Login session opened.,000,UbuntuWazuh,,root,journald,Jul 14 13:38:45 UbuntuWazuh sudo[7161]: pam_unix(sudo:session): session opened for user root(uid=0) by vboxuser(uid=1000),0,,,0
2026-07-14T15:37:59.783+0000,86601,3,"[""ids"", ""suricata""]",Suricata: Alert - SURICATA STREAM 3way handshake excessive different SYNs,002,CibleWazuh,,,/var/log/suricata/eve.json,,0,,,1
2026-07-14T15:25:08.432+0000,86601,3,"[""ids"", ""suricata""]",Suricata: Alert - SURICATA STREAM 3way handshake excessive different SYNs,002,CibleWazuh,,,/var/log/suricata/eve.json,,0,,,1
2026-07-14T15:18:13.060+0000,5715,3,"[""syslog"", ""sshd"", ""authentication_success""]",sshd: authentication success.,002,CibleWazuh,192.168.30.3,vboxuser,journald,Jul 14 15:18:11 CibleWazuh sshd[14076]: Accepted publickey for vboxuser from 192.168.30.3 port 52404 ssh2: ED25519 SHA256:20bmF6ePWf19PC7lAtzvSHwmvgK6SuGC7RGzx0eI6UY,1,PARROT-NMAP-01,malicious_nmap,0
2026-07-14T15:38:03.271+0000,86601,3,"[""ids"", ""suricata""]",Suricata: Alert - SURICATA STREAM 3way handshake excessive different SYNs,002,CibleWazuh,,,/var/log/suricata/eve.json,,0,,,1
2026-07-14T15:26:21.582+0000,86601,3,"[""ids"", ""suricata""]",Suricata: Alert - SURICATA STREAM 3way handshake excessive different SYNs,002,CibleWazuh,,,/var/log/suricata/eve.json,,0,,,1
2026-07-14T15:37:44.788+0000,86601,3,"[""ids"", ""suricata""]",Suricata: Alert - SURICATA STREAM 3way handshake excessive different SYNs,002,CibleWazuh,,,/var/log/suricata/eve.json,,0,,,1
2026-07-14T15:24:57.852+0000,86601,3,"[""ids"", ""suricata""]",Suricata: Alert - SURICATA STREAM 3way handshake excessive different SYNs,002,CibleWazuh,,,/var/log/suricata/eve.json,,0,,,1
2026-07-14T15:18:13.050+0000,86601,3,"[""ids"", ""suricata""]",Suricata: Alert - ET SCAN NMAP OS fingerprint,002,CibleWazuh,,,/var/log/suricata/eve.json,,1,PARROT-NMAP-01,malicious_nmap,1
2026-07-14T15:18:11.052+0000,5402,3,"[""syslog"", ""sudo""]",Successful sudo to ROOT executed.,002,CibleWazuh,,root,journald,Jul 14 15:18:10 CibleWazuh sudo[13993]: vboxuser : PWD=/home/vboxuser ; USER=root ; COMMAND=/usr/sbin/ufw allow from 192.168.30.9 to any port 22 proto tcp comment 'TEMP: ParrotOS SSH',1,PARROT-NMAP-01,malicious_nmap,0
2026-07-14T15:27:42.200+0000,86601,3,"[""ids"", ""suricata""]",Suricata: Alert - SURICATA STREAM 3way handshake excessive different SYNs,002,CibleWazuh,,,/var/log/suricata/eve.json,,0,,,1
2026-07-14T15:27:40.598+0000,86601,3,"[""ids"", ""suricata""]",Suricata: Alert - SURICATA STREAM 3way handshake excessive different SYNs,002,CibleWazuh,,,/var/log/suricata/eve.json,,0,,,1
2026-07-14T15:25:36.169+0000,86601,3,"[""ids"", ""suricata""]",Suricata: Alert - SURICATA STREAM 3way handshake excessive different SYNs,002,CibleWazuh,,,/var/log/suricata/eve.json,,0,,,1
2026-07-14T14:57:58.561+0000,5503,5,"[""pam"", ""syslog"", ""authentication_failed""]",PAM: User login failed.,002,CibleWazuh,192.168.30.10,vboxuser,journald,Jul 14 14:57:57 CibleWazuh sshd[12252]: pam_unix(sshd:auth): authentication failure; logname= uid=0 euid=0 tty=ssh ruser= rhost=192.168.30.10  user=vboxuser,1,TG-0030,malicious_bruteforce,0
2026-07-14T15:25:37.127+0000,86601,3,"[""ids"", ""suricata""]",Suricata: Alert - SURICATA STREAM 3way handshake excessive different SYNs,002,CibleWazuh,,,/var/log/suricata/eve.json,,0,,,1
2026-07-14T14:07:17.099+0000,86601,3,"[""ids"", ""suricata""]",Suricata: Alert - ET SCAN NMAP TCP connect -sT,002,CibleWazuh,,,/var/log/suricata/eve.json,,0,,,1
2026-07-14T15:27:49.456+0000,86601,3,"[""ids"", ""suricata""]",Suricata: Alert - SURICATA STREAM 3way handshake excessive different SYNs,002,CibleWazuh,,,/var/log/suricata/eve.json,,0,,,1
2026-07-14T15:27:53.895+0000,86601,3,"[""ids"", ""suricata""]",Suricata: Alert - SURICATA STREAM 3way handshake excessive different SYNs,002,CibleWazuh,,,/var/log/suricata/eve.json,,0,,,1
2026-07-14T15:24:54.586+0000,86601,3,"[""ids"", ""suricata""]",Suricata: Alert - SURICATA STREAM 3way handshake excessive different SYNs,002,CibleWazuh,,,/var/log/suricata/eve.json,,0,,,1
2026-07-14T15:37:55.399+0000,86601,3,"[""ids"", ""suricata""]",Suricata: Alert - SURICATA STREAM 3way handshake excessive different SYNs,002,CibleWazuh,,,/var/log/suricata/eve.json,,0,,,1
2026-07-14T15:27:44.511+0000,86601,3,"[""ids"", ""suricata""]",Suricata: Alert - SURICATA STREAM 3way handshake excessive different SYNs,002,CibleWazuh,,,/var/log/suricata/eve.json,,0,,,1
2026-07-14T15:26:16.932+0000,86601,3,"[""ids"", ""suricata""]",Suricata: Alert - SURICATA STREAM 3way handshake excessive different SYNs,002,CibleWazuh,,,/var/log/suricata/eve.json,,0,,,1
2026-07-14T15:37:53.305+0000,86601,3,"[""ids"", ""suricata""]",Suricata: Alert - SURICATA STREAM 3way handshake excessive different SYNs,002,CibleWazuh,,,/var/log/suricata/eve.json,,0,,,1
2026-07-14T14:14:57.368+0000,5502,3,"[""pam"", ""syslog""]",PAM: Login session closed.,002,CibleWazuh,,vboxuser,journald,Jul 14 14:14:56 CibleWazuh sshd[7172]: pam_unix(sshd:session): session closed for user vboxuser,0,,,0
2026-07-14T15:38:03.365+0000,86601,3,"[""ids"", ""suricata""]",Suricata: Alert - SURICATA STREAM 3way handshake excessive different SYNs,002,CibleWazuh,,,/var/log/suricata/eve.json,,0,,,1
2026-07-14T15:25:21.639+0000,86601,3,"[""ids"", ""suricata""]",Suricata: Alert - SURICATA STREAM 3way handshake excessive different SYNs,002,CibleWazuh,,,/var/log/suricata/eve.json,,0,,,1
2026-07-14T15:27:33.474+0000,86601,3,"[""ids"", ""suricata""]",Suricata: Alert - SURICATA STREAM 3way handshake excessive different SYNs,002,CibleWazuh,,,/var/log/suricata/eve.json,,0,,,1
2026-07-14T14:58:24.592+0000,5503,5,"[""pam"", ""syslog"", ""authentication_failed""]",PAM: User login failed.,002,CibleWazuh,192.168.30.10,vboxuser,journald,Jul 14 14:58:23 CibleWazuh sshd[12304]: pam_unix(sshd:auth): authentication failure; logname= uid=0 euid=0 tty=ssh ruser= rhost=192.168.30.10  user=vboxuser,1,TG-0031,malicious_bruteforce,0
2026-07-14T15:25:28.839+0000,86601,3,"[""ids"", ""suricata""]",Suricata: Alert - SURICATA STREAM 3way handshake excessive different SYNs,002,CibleWazuh,,,/var/log/suricata/eve.json,,0,,,1
2026-07-14T15:37:44.108+0000,86601,3,"[""ids"", ""suricata""]",Suricata: Alert - SURICATA STREAM 3way handshake excessive different SYNs,002,CibleWazuh,,,/var/log/suricata/eve.json,,0,,,1
2026-07-14T15:31:09.927+0000,86601,3,"[""ids"", ""suricata""]",Suricata: Alert - SURICATA STREAM 3way handshake excessive different SYNs,002,CibleWazuh,,,/var/log/suricata/eve.json,,0,,,1
2026-07-14T15:25:42.148+0000,86601,3,"[""ids"", ""suricata""]",Suricata: Alert - SURICATA STREAM 3way handshake excessive different SYNs,002,CibleWazuh,,,/var/log/suricata/eve.json,,0,,,1
2026-07-14T15:25:22.580+0000,86601,3,"[""ids"", ""suricata""]",Suricata: Alert - SURICATA STREAM 3way handshake excessive different SYNs,002,CibleWazuh,,,/var/log/suricata/eve.json,,0,,,1
2026-07-14T15:27:55.957+0000,86601,3,"[""ids"", ""suricata""]",Suricata: Alert - SURICATA STREAM 3way handshake excessive different SYNs,002,CibleWazuh,,,/var/log/suricata/eve.json,,0,,,1
2026-07-14T14:57:58.558+0000,5503,5,"[""pam"", ""syslog"", ""authentication_failed""]",PAM: User login failed.,002,CibleWazuh,192.168.30.10,vboxuser,journald,Jul 14 14:57:57 CibleWazuh sshd[12254]: pam_unix(sshd:auth): authentication failure; logname= uid=0 euid=0 tty=ssh ruser= rhost=192.168.30.10  user=vboxuser,1,TG-0030,malicious_bruteforce,0
2026-07-14T15:25:33.602+0000,86601,3,"[""ids"", ""suricata""]",Suricata: Alert - SURICATA STREAM 3way handshake excessive different SYNs,002,CibleWazuh,,,/var/log/suricata/eve.json,,0,,,1
2026-07-14T15:27:44.366+0000,86601,3,"[""ids"", ""suricata""]",Suricata: Alert - SURICATA STREAM 3way handshake excessive different SYNs,002,CibleWazuh,,,/var/log/suricata/eve.json,,0,,,1
2026-07-14T15:27:50.934+0000,86601,3,"[""ids"", ""suricata""]",Suricata: Alert - SURICATA STREAM 3way handshake excessive different SYNs,002,CibleWazuh,,,/var/log/suricata/eve.json,,0,,,1
2026-07-14T15:25:25.109+0000,86601,3,"[""ids"", ""suricata""]",Suricata: Alert - SURICATA STREAM 3way handshake excessive different SYNs,002,CibleWazuh,,,/var/log/suricata/eve.json,,0,,,1
2026-07-14T15:37:43.108+0000,86601,3,"[""ids"", ""suricata""]",Suricata: Alert - SURICATA STREAM 3way handshake excessive different SYNs,002,CibleWazuh,,,/var/log/suricata/eve.json,,0,,,1
2026-07-14T15:25:33.305+0000,86601,3,"[""ids"", ""suricata""]",Suricata: Alert - SURICATA STREAM 3way handshake excessive different SYNs,002,CibleWazuh,,,/var/log/suricata/eve.json,,0,,,1
2026-07-14T15:27:41.617+0000,86601,3,"[""ids"", ""suricata""]",Suricata: Alert - SURICATA STREAM 3way handshake excessive different SYNs,002,CibleWazuh,,,/var/log/suricata/eve.json,,0,,,1
2026-07-14T15:25:24.210+0000,86601,3,"[""ids"", ""suricata""]",Suricata: Alert - SURICATA STREAM 3way handshake excessive different SYNs,002,CibleWazuh,,,/var/log/suricata/eve.json,,0,,,1
2026-07-14T15:27:50.043+0000,86601,3,"[""ids"", ""suricata""]",Suricata: Alert - SURICATA STREAM 3way handshake excessive different SYNs,002,CibleWazuh,,,/var/log/suricata/eve.json,,0,,,1
2026-07-14T15:26:27.634+0000,86601,3,"[""ids"", ""suricata""]",Suricata: Alert - SURICATA STREAM 3way handshake excessive different SYNs,002,CibleWazuh,,,/var/log/suricata/eve.json,,0,,,1
2026-07-14T15:37:56.290+0000,86601,3,"[""ids"", ""suricata""]",Suricata: Alert - SURICATA STREAM 3way handshake excessive different SYNs,002,CibleWazuh,,,/var/log/suricata/eve.json,,0,,,1
2026-07-14T15:25:23.134+0000,86601,3,"[""ids"", ""suricata""]",Suricata: Alert - SURICATA STREAM 3way handshake excessive different SYNs,002,CibleWazuh,,,/var/log/suricata/eve.json,,0,,,1
2026-07-14T15:27:52.839+0000,86601,3,"[""ids"", ""suricata""]",Suricata: Alert - SURICATA STREAM 3way handshake excessive different SYNs,002,CibleWazuh,,,/var/log/suricata/eve.json,,0,,,1
2026-07-14T15:27:50.112+0000,86601,3,"[""ids"", ""suricata""]",Suricata: Alert - SURICATA STREAM 3way handshake excessive different SYNs,002,CibleWazuh,,,/var/log/suricata/eve.json,,0,,,1
2026-07-14T15:24:56.373+0000,86601,3,"[""ids"", ""suricata""]",Suricata: Alert - SURICATA STREAM 3way handshake excessive different SYNs,002,CibleWazuh,,,/var/log/suricata/eve.json,,0,,,1
2026-07-14T15:30:57.411+0000,86601,3,"[""ids"", ""suricata""]",Suricata: Alert - SURICATA STREAM 3way handshake excessive different SYNs,002,CibleWazuh,,,/var/log/suricata/eve.json,,0,,,1
2026-07-14T15:38:02.528+0000,86601,3,"[""ids"", ""suricata""]",Suricata: Alert - SURICATA STREAM 3way handshake excessive different SYNs,002,CibleWazuh,,,/var/log/suricata/eve.json,,0,,,1
2026-07-14T15:25:01.650+0000,86601,3,"[""ids"", ""suricata""]",Suricata: Alert - SURICATA STREAM 3way handshake excessive different SYNs,002,CibleWazuh,,,/var/log/suricata/eve.json,,0,,,1
2026-07-14T15:25:18.204+0000,86601,3,"[""ids"", ""suricata""]",Suricata: Alert - SURICATA STREAM 3way handshake excessive different SYNs,002,CibleWazuh,,,/var/log/suricata/eve.json,,0,,,1
2026-07-14T15:25:19.136+0000,86601,3,"[""ids"", ""suricata""]",Suricata: Alert - SURICATA STREAM 3way handshake excessive different SYNs,002,CibleWazuh,,,/var/log/suricata/eve.json,,0,,,1
2026-07-14T15:27:42.701+0000,86601,3,"[""ids"", ""suricata""]",Suricata: Alert - SURICATA STREAM 3way handshake excessive different SYNs,002,CibleWazuh,,,/var/log/suricata/eve.json,,0,,,1
2026-07-14T15:25:35.507+0000,86601,3,"[""ids"", ""suricata""]",Suricata: Alert - SURICATA STREAM 3way handshake excessive different SYNs,002,CibleWazuh,,,/var/log/suricata/eve.json,,0,,,1
2026-07-14T15:31:02.253+0000,86601,3,"[""ids"", ""suricata""]",Suricata: Alert - SURICATA STREAM 3way handshake excessive different SYNs,002,CibleWazuh,,,/var/log/suricata/eve.json,,0,,,1
2026-07-14T15:26:16.626+0000,86601,3,"[""ids"", ""suricata""]",Suricata: Alert - SURICATA STREAM 3way handshake excessive different SYNs,002,CibleWazuh,,,/var/log/suricata/eve.json,,0,,,1
2026-07-14T15:25:02.601+0000,86601,3,"[""ids"", ""suricata""]",Suricata: Alert - SURICATA STREAM 3way handshake excessive different SYNs,002,CibleWazuh,,,/var/log/suricata/eve.json,,0,,,1
2026-07-14T15:31:11.467+0000,86601,3,"[""ids"", ""suricata""]",Suricata: Alert - SURICATA STREAM 3way handshake excessive different SYNs,002,CibleWazuh,,,/var/log/suricata/eve.json,,0,,,1
2026-07-14T15:27:45.276+0000,86601,3,"[""ids"", ""suricata""]",Suricata: Alert - SURICATA STREAM 3way handshake excessive different SYNs,002,CibleWazuh,,,/var/log/suricata/eve.json,,0,,,1
2026-07-14T15:25:38.278+0000,86601,3,"[""ids"", ""suricata""]",Suricata: Alert - SURICATA STREAM 3way handshake excessive different SYNs,002,CibleWazuh,,,/var/log/suricata/eve.json,,0,,,1
2026-07-14T15:26:14.370+0000,86601,3,"[""ids"", ""suricata""]",Suricata: Alert - SURICATA STREAM 3way handshake excessive different SYNs,002,CibleWazuh,,,/var/log/suricata/eve.json,,0,,,1
2026-07-14T15:31:17.151+0000,86601,3,"[""ids"", ""suricata""]",Suricata: Alert - SURICATA STREAM 3way handshake excessive different SYNs,002,CibleWazuh,,,/var/log/suricata/eve.json,,0,,,1
2026-07-14T15:27:52.515+0000,86601,3,"[""ids"", ""suricata""]",Suricata: Alert - SURICATA STREAM 3way handshake excessive different SYNs,002,CibleWazuh,,,/var/log/suricata/eve.json,,0,,,1
2026-07-14T14:58:04.557+0000,40112,12,"[""syslog"", ""attacks""]",Multiple authentication failures followed by a success.,002,CibleWazuh,192.168.30.10,vboxuser,journald,Jul 14 14:58:03 CibleWazuh sshd[12254]: Accepted password for vboxuser from 192.168.30.10 port 42300 ssh2,0,,,0
2026-07-14T15:25:15.414+0000,86601,3,"[""ids"", ""suricata""]",Suricata: Alert - SURICATA STREAM 3way handshake excessive different SYNs,002,CibleWazuh,,,/var/log/suricata/eve.json,,0,,,1
2026-07-14T15:25:06.019+0000,86601,3,"[""ids"", ""suricata""]",Suricata: Alert - SURICATA STREAM 3way handshake excessive different SYNs,002,CibleWazuh,,,/var/log/suricata/eve.json,,0,,,1
2026-07-14T15:25:13.394+0000,86601,3,"[""ids"", ""suricata""]",Suricata: Alert - SURICATA STREAM 3way handshake excessive different SYNs,002,CibleWazuh,,,/var/log/suricata/eve.json,,0,,,1
2026-07-14T14:41:25.945+0000,5501,3,"[""pam"", ""syslog"", ""authentication_success""]",PAM: Login session opened.,002,CibleWazuh,,root,journald,Jul 14 14:41:25 CibleWazuh sudo[9883]: pam_unix(sudo:session): session opened for user root(uid=0) by (uid=1000),0,,,0
2026-07-14T15:25:28.322+0000,86601,3,"[""ids"", ""suricata""]",Suricata: Alert - SURICATA STREAM 3way handshake excessive different SYNs,002,CibleWazuh,,,/var/log/suricata/eve.json,,0,,,1
2026-07-14T15:25:20.523+0000,86601,3,"[""ids"", ""suricata""]",Suricata: Alert - SURICATA STREAM 3way handshake excessive different SYNs,002,CibleWazuh,,,/var/log/suricata/eve.json,,0,,,1
2026-07-14T15:18:13.043+0000,86601,3,"[""ids"", ""suricata""]",Suricata: Alert - ET SCAN NMAP OS fingerprint,002,CibleWazuh,,,/var/log/suricata/eve.json,,1,PARROT-NMAP-01,malicious_nmap,1
2026-07-14T15:25:14.072+0000,86601,3,"[""ids"", ""suricata""]",Suricata: Alert - SURICATA STREAM 3way handshake excessive different SYNs,002,CibleWazuh,,,/var/log/suricata/eve.json,,0,,,1
2026-07-14T15:27:44.511+0000,86601,3,"[""ids"", ""suricata""]",Suricata: Alert - SURICATA STREAM 3way handshake excessive different SYNs,002,CibleWazuh,,,/var/log/suricata/eve.json,,0,,,1
2026-07-14T15:27:41.411+0000,86601,3,"[""ids"", ""suricata""]",Suricata: Alert - SURICATA STREAM 3way handshake excessive different SYNs,002,CibleWazuh,,,/var/log/suricata/eve.json,,0,,,1
2026-07-14T15:25:06.268+0000,86601,3,"[""ids"", ""suricata""]",Suricata: Alert - SURICATA STREAM 3way handshake excessive different SYNs,002,CibleWazuh,,,/var/log/suricata/eve.json,,0,,,1
2026-07-14T15:26:25.216+0000,86601,3,"[""ids"", ""suricata""]",Suricata: Alert - SURICATA STREAM 3way handshake excessive different SYNs,002,CibleWazuh,,,/var/log/suricata/eve.json,,0,,,1
2026-07-14T15:37:56.045+0000,86601,3,"[""ids"", ""suricata""]",Suricata: Alert - SURICATA STREAM 3way handshake excessive different SYNs,002,CibleWazuh,,,/var/log/suricata/eve.json,,0,,,1
2026-07-14T15:27:49.372+0000,86601,3,"[""ids"", ""suricata""]",Suricata: Alert - SURICATA STREAM 3way handshake excessive different SYNs,002,CibleWazuh,,,/var/log/suricata/eve.json,,0,,,1
2026-07-14T15:26:19.047+0000,86601,3,"[""ids"", ""suricata""]",Suricata: Alert - SURICATA STREAM 3way handshake excessive different SYNs,002,CibleWazuh,,,/var/log/suricata/eve.json,,0,,,1
2026-07-14T15:31:16.455+0000,86601,3,"[""ids"", ""suricata""]",Suricata: Alert - SURICATA STREAM 3way handshake excessive different SYNs,002,CibleWazuh,,,/var/log/suricata/eve.json,,0,,,1
2026-07-14T15:26:14.535+0000,86601,3,"[""ids"", ""suricata""]",Suricata: Alert - SURICATA STREAM 3way handshake excessive different SYNs,002,CibleWazuh,,,/var/log/suricata/eve.json,,0,,,1
2026-07-14T15:26:24.623+0000,86601,3,"[""ids"", ""suricata""]",Suricata: Alert - SURICATA STREAM 3way handshake excessive different SYNs,002,CibleWazuh,,,/var/log/suricata/eve.json,,0,,,1
2026-07-14T15:31:03.760+0000,86601,3,"[""ids"", ""suricata""]",Suricata: Alert - SURICATA STREAM 3way handshake excessive different SYNs,002,CibleWazuh,,,/var/log/suricata/eve.json,,0,,,1
2026-07-14T15:31:15.830+0000,86601,3,"[""ids"", ""suricata""]",Suricata: Alert - SURICATA STREAM 3way handshake excessive different SYNs,002,CibleWazuh,,,/var/log/suricata/eve.json,,0,,,1
2026-07-14T15:27:44.750+0000,86601,3,"[""ids"", ""suricata""]",Suricata: Alert - SURICATA STREAM 3way handshake excessive different SYNs,002,CibleWazuh,,,/var/log/suricata/eve.json,,0,,,1
2026-07-14T15:37:55.209+0000,86601,3,"[""ids"", ""suricata""]",Suricata: Alert - SURICATA STREAM 3way handshake excessive different SYNs,002,CibleWazuh,,,/var/log/suricata/eve.json,,0,,,1
2026-07-14T15:37:44.010+0000,86601,3,"[""ids"", ""suricata""]",Suricata: Alert - SURICATA STREAM 3way handshake excessive different SYNs,002,CibleWazuh,,,/var/log/suricata/eve.json,,0,,,1
2026-07-14T15:27:55.922+0000,86601,3,"[""ids"", ""suricata""]",Suricata: Alert - SURICATA STREAM 3way handshake excessive different SYNs,002,CibleWazuh,,,/var/log/suricata/eve.json,,0,,,1
2026-07-14T15:31:05.995+0000,86601,3,"[""ids"", ""suricata""]",Suricata: Alert - SURICATA STREAM 3way handshake excessive different SYNs,002,CibleWazuh,,,/var/log/suricata/eve.json,,0,,,1
2026-07-14T15:25:26.862+0000,86601,3,"[""ids"", ""suricata""]",Suricata: Alert - SURICATA STREAM 3way handshake excessive different SYNs,002,CibleWazuh,,,/var/log/suricata/eve.json,,0,,,1
2026-07-14T15:26:11.270+0000,86601,3,"[""ids"", ""suricata""]",Suricata: Alert - SURICATA STREAM 3way handshake excessive different SYNs,002,CibleWazuh,,,/var/log/suricata/eve.json,,0,,,1
2026-07-14T15:31:13.513+0000,86601,3,"[""ids"", ""suricata""]",Suricata: Alert - SURICATA STREAM 3way handshake excessive different SYNs,002,CibleWazuh,,,/var/log/suricata/eve.json,,0,,,1
2026-07-14T15:31:10.905+0000,86601,3,"[""ids"", ""suricata""]",Suricata: Alert - SURICATA STREAM 3way handshake excessive different SYNs,002,CibleWazuh,,,/var/log/suricata/eve.json,,0,,,1
2026-07-14T15:25:19.525+0000,86601,3,"[""ids"", ""suricata""]",Suricata: Alert - SURICATA STREAM 3way handshake excessive different SYNs,002,CibleWazuh,,,/var/log/suricata/eve.json,,0,,,1
2026-07-14T15:37:55.382+0000,86601,3,"[""ids"", ""suricata""]",Suricata: Alert - SURICATA STREAM 3way handshake excessive different SYNs,002,CibleWazuh,,,/var/log/suricata/eve.json,,0,,,1
2026-07-14T15:25:36.292+0000,86601,3,"[""ids"", ""suricata""]",Suricata: Alert - SURICATA STREAM 3way handshake excessive different SYNs,002,CibleWazuh,,,/var/log/suricata/eve.json,,0,,,1
2026-07-14T15:30:57.056+0000,86601,3,"[""ids"", ""suricata""]",Suricata: Alert - SURICATA STREAM 3way handshake excessive different SYNs,002,CibleWazuh,,,/var/log/suricata/eve.json,,0,,,1
2026-07-14T15:25:08.629+0000,86601,3,"[""ids"", ""suricata""]",Suricata: Alert - SURICATA STREAM 3way handshake excessive different SYNs,002,CibleWazuh,,,/var/log/suricata/eve.json,,0,,,1
2026-07-14T15:27:53.038+0000,86601,3,"[""ids"", ""suricata""]",Suricata: Alert - SURICATA STREAM 3way handshake excessive different SYNs,002,CibleWazuh,,,/var/log/suricata/eve.json,,0,,,1
2026-07-14T15:38:01.146+0000,86601,3,"[""ids"", ""suricata""]",Suricata: Alert - SURICATA STREAM 3way handshake excessive different SYNs,002,CibleWazuh,,,/var/log/suricata/eve.json,,0,,,1
2026-07-14T15:27:48.122+0000,86601,3,"[""ids"", ""suricata""]",Suricata: Alert - SURICATA STREAM 3way handshake excessive different SYNs,002,CibleWazuh,,,/var/log/suricata/eve.json,,0,,,1
2026-07-14T15:37:57.259+0000,86601,3,"[""ids"", ""suricata""]",Suricata: Alert - SURICATA STREAM 3way handshake excessive different SYNs,002,CibleWazuh,,,/var/log/suricata/eve.json,,0,,,1
2026-07-14T15:31:11.529+0000,86601,3,"[""ids"", ""suricata""]",Suricata: Alert - SURICATA STREAM 3way handshake excessive different SYNs,002,CibleWazuh,,,/var/log/suricata/eve.json,,0,,,1
2026-07-14T15:25:32.792+0000,86601,3,"[""ids"", ""suricata""]",Suricata: Alert - SURICATA STREAM 3way handshake excessive different SYNs,002,CibleWazuh,,,/var/log/suricata/eve.json,,0,,,1
2026-07-14T15:25:01.520+0000,86601,3,"[""ids"", ""suricata""]",Suricata: Alert - SURICATA STREAM 3way handshake excessive different SYNs,002,CibleWazuh,,,/var/log/suricata/eve.json,,0,,,1
2026-07-14T15:24:59.666+0000,86601,3,"[""ids"", ""suricata""]",Suricata: Alert - SURICATA STREAM 3way handshake excessive different SYNs,002,CibleWazuh,,,/var/log/suricata/eve.json,,0,,,1
2026-07-14T15:18:13.032+0000,86601,3,"[""ids"", ""suricata""]",Suricata: Alert - ET SCAN NMAP OS fingerprint,002,CibleWazuh,,,/var/log/suricata/eve.json,,1,PARROT-NMAP-01,malicious_nmap,1
2026-07-14T15:27:56.601+0000,86601,3,"[""ids"", ""suricata""]",Suricata: Alert - SURICATA STREAM 3way handshake excessive different SYNs,002,CibleWazuh,,,/var/log/suricata/eve.json,,0,,,1
2026-07-14T14:28:54.612+0000,40704,5,"[""local"", ""systemd""]",Systemd: Service exited due to a failure.,000,UbuntuWazuh,,,journald,"Jul 14 14:28:52 UbuntuWazuh systemd[1]: wazuh-inference.service: Main process exited, code=exited, status=1/FAILURE",0,,,0
2026-07-14T15:26:20.188+0000,86601,3,"[""ids"", ""suricata""]",Suricata: Alert - SURICATA STREAM 3way handshake excessive different SYNs,002,CibleWazuh,,,/var/log/suricata/eve.json,,0,,,1
2026-07-14T15:27:47.485+0000,86601,3,"[""ids"", ""suricata""]",Suricata: Alert - SURICATA STREAM 3way handshake excessive different SYNs,002,CibleWazuh,,,/var/log/suricata/eve.json,,0,,,1
2026-07-14T15:27:56.861+0000,86601,3,"[""ids"", ""suricata""]",Suricata: Alert - SURICATA STREAM 3way handshake excessive different SYNs,002,CibleWazuh,,,/var/log/suricata/eve.json,,0,,,1
2026-07-14T15:31:02.190+0000,86601,3,"[""ids"", ""suricata""]",Suricata: Alert - SURICATA STREAM 3way handshake excessive different SYNs,002,CibleWazuh,,,/var/log/suricata/eve.json,,0,,,1
2026-07-14T15:25:15.810+0000,86601,3,"[""ids"", ""suricata""]",Suricata: Alert - SURICATA STREAM 3way handshake excessive different SYNs,002,CibleWazuh,,,/var/log/suricata/eve.json,,0,,,1
2026-07-14T15:25:29.613+0000,86601,3,"[""ids"", ""suricata""]",Suricata: Alert - SURICATA STREAM 3way handshake excessive different SYNs,002,CibleWazuh,,,/var/log/suricata/eve.json,,0,,,1
2026-07-14T15:25:21.912+0000,86601,3,"[""ids"", ""suricata""]",Suricata: Alert - SURICATA STREAM 3way handshake excessive different SYNs,002,CibleWazuh,,,/var/log/suricata/eve.json,,0,,,1
2026-07-14T15:25:18.660+0000,86601,3,"[""ids"", ""suricata""]",Suricata: Alert - SURICATA STREAM 3way handshake excessive different SYNs,002,CibleWazuh,,,/var/log/suricata/eve.json,,0,,,1
2026-07-14T15:31:02.030+0000,86601,3,"[""ids"", ""suricata""]",Suricata: Alert - SURICATA STREAM 3way handshake excessive different SYNs,002,CibleWazuh,,,/var/log/suricata/eve.json,,0,,,1
2026-07-14T15:26:12.307+0000,86601,3,"[""ids"", ""suricata""]",Suricata: Alert - SURICATA STREAM 3way handshake excessive different SYNs,002,CibleWazuh,,,/var/log/suricata/eve.json,,0,,,1
2026-07-14T15:25:33.557+0000,86601,3,"[""ids"", ""suricata""]",Suricata: Alert - SURICATA STREAM 3way handshake excessive different SYNs,002,CibleWazuh,,,/var/log/suricata/eve.json,,0,,,1
2026-07-14T15:27:52.002+0000,86601,3,"[""ids"", ""suricata""]",Suricata: Alert - SURICATA STREAM 3way handshake excessive different SYNs,002,CibleWazuh,,,/var/log/suricata/eve.json,,0,,,1
2026-07-14T15:27:42.706+0000,86601,3,"[""ids"", ""suricata""]",Suricata: Alert - SURICATA STREAM 3way handshake excessive different SYNs,002,CibleWazuh,,,/var/log/suricata/eve.json,,0,,,1
2026-07-14T15:26:26.861+0000,86601,3,"[""ids"", ""suricata""]",Suricata: Alert - SURICATA STREAM 3way handshake excessive different SYNs,002,CibleWazuh,,,/var/log/suricata/eve.json,,0,,,1
2026-07-14T15:26:19.036+0000,86601,3,"[""ids"", ""suricata""]",Suricata: Alert - SURICATA STREAM 3way handshake excessive different SYNs,002,CibleWazuh,,,/var/log/suricata/eve.json,,0,,,1
2026-07-14T15:26:25.154+0000,86601,3,"[""ids"", ""suricata""]",Suricata: Alert - SURICATA STREAM 3way handshake excessive different SYNs,002,CibleWazuh,,,/var/log/suricata/eve.json,,0,,,1
2026-07-14T15:31:11.558+0000,86601,3,"[""ids"", ""suricata""]",Suricata: Alert - SURICATA STREAM 3way handshake excessive different SYNs,002,CibleWazuh,,,/var/log/suricata/eve.json,,0,,,1
2026-07-14T15:25:01.156+0000,86601,3,"[""ids"", ""suricata""]",Suricata: Alert - SURICATA STREAM 3way handshake excessive different SYNs,002,CibleWazuh,,,/var/log/suricata/eve.json,,0,,,1
2026-07-14T15:30:58.373+0000,86601,3,"[""ids"", ""suricata""]",Suricata: Alert - SURICATA STREAM 3way handshake excessive different SYNs,002,CibleWazuh,,,/var/log/suricata/eve.json,,0,,,1
2026-07-14T15:26:25.055+0000,86601,3,"[""ids"", ""suricata""]",Suricata: Alert - SURICATA STREAM 3way handshake excessive different SYNs,002,CibleWazuh,,,/var/log/suricata/eve.json,,0,,,1
2026-07-14T15:24:58.843+0000,86601,3,"[""ids"", ""suricata""]",Suricata: Alert - SURICATA STREAM 3way handshake excessive different SYNs,002,CibleWazuh,,,/var/log/suricata/eve.json,,0,,,1
2026-07-14T15:24:58.342+0000,86601,3,"[""ids"", ""suricata""]",Suricata: Alert - SURICATA STREAM 3way handshake excessive different SYNs,002,CibleWazuh,,,/var/log/suricata/eve.json,,0,,,1
2026-07-14T15:27:47.346+0000,86601,3,"[""ids"", ""suricata""]",Suricata: Alert - SURICATA STREAM 3way handshake excessive different SYNs,002,CibleWazuh,,,/var/log/suricata/eve.json,,0,,,1
2026-07-14T15:25:30.601+0000,86601,3,"[""ids"", ""suricata""]",Suricata: Alert - SURICATA STREAM 3way handshake excessive different SYNs,002,CibleWazuh,,,/var/log/suricata/eve.json,,0,,,1
2026-07-14T15:37:53.830+0000,86601,3,"[""ids"", ""suricata""]",Suricata: Alert - SURICATA STREAM 3way handshake excessive different SYNs,002,CibleWazuh,,,/var/log/suricata/eve.json,,0,,,1
2026-07-14T15:25:39.159+0000,86601,3,"[""ids"", ""suricata""]",Suricata: Alert - SURICATA STREAM 3way handshake excessive different SYNs,002,CibleWazuh,,,/var/log/suricata/eve.json,,0,,,1
2026-07-14T15:25:05.516+0000,86601,3,"[""ids"", ""suricata""]",Suricata: Alert - SURICATA STREAM 3way handshake excessive different SYNs,002,CibleWazuh,,,/var/log/suricata/eve.json,,0,,,1
2026-07-14T15:31:11.816+0000,86601,3,"[""ids"", ""suricata""]",Suricata: Alert - SURICATA STREAM 3way handshake excessive different SYNs,002,CibleWazuh,,,/var/log/suricata/eve.json,,0,,,1
2026-07-14T15:31:06.667+0000,86601,3,"[""ids"", ""suricata""]",Suricata: Alert - SURICATA STREAM 3way handshake excessive different SYNs,002,CibleWazuh,,,/var/log/suricata/eve.json,,0,,,1
2026-07-14T15:26:20.011+0000,86601,3,"[""ids"", ""suricata""]",Suricata: Alert - SURICATA STREAM 3way handshake excessive different SYNs,002,CibleWazuh,,,/var/log/suricata/eve.json,,0,,,1
2026-07-14T15:27:40.460+0000,86601,3,"[""ids"", ""suricata""]",Suricata: Alert - SURICATA STREAM 3way handshake excessive different SYNs,002,CibleWazuh,,,/var/log/suricata/eve.json,,0,,,1
2026-07-14T15:26:25.866+0000,86601,3,"[""ids"", ""suricata""]",Suricata: Alert - SURICATA STREAM 3way handshake excessive different SYNs,002,CibleWazuh,,,/var/log/suricata/eve.json,,0,,,1
2026-07-14T15:25:34.475+0000,86601,3,"[""ids"", ""suricata""]",Suricata: Alert - SURICATA STREAM 3way handshake excessive different SYNs,002,CibleWazuh,,,/var/log/suricata/eve.json,,0,,,1
2026-07-14T15:30:55.760+0000,86601,3,"[""ids"", ""suricata""]",Suricata: Alert - SURICATA STREAM 3way handshake excessive different SYNs,002,CibleWazuh,,,/var/log/suricata/eve.json,,0,,,1
2026-07-14T15:30:58.986+0000,86601,3,"[""ids"", ""suricata""]",Suricata: Alert - SURICATA STREAM 3way handshake excessive different SYNs,002,CibleWazuh,,,/var/log/suricata/eve.json,,0,,,1
2026-07-14T15:25:14.214+0000,86601,3,"[""ids"", ""suricata""]",Suricata: Alert - SURICATA STREAM 3way handshake excessive different SYNs,002,CibleWazuh,,,/var/log/suricata/eve.json,,0,,,1
2026-07-14T15:25:33.234+0000,86601,3,"[""ids"", ""suricata""]",Suricata: Alert - SURICATA STREAM 3way handshake excessive different SYNs,002,CibleWazuh,,,/var/log/suricata/eve.json,,0,,,1
2026-07-14T15:25:32.575+0000,86601,3,"[""ids"", ""suricata""]",Suricata: Alert - SURICATA STREAM 3way handshake excessive different SYNs,002,CibleWazuh,,,/var/log/suricata/eve.json,,0,,,1
2026-07-14T15:30:59.973+0000,86601,3,"[""ids"", ""suricata""]",Suricata: Alert - SURICATA STREAM 3way handshake excessive different SYNs,002,CibleWazuh,,,/var/log/suricata/eve.json,,0,,,1
2026-07-14T15:26:18.440+0000,86601,3,"[""ids"", ""suricata""]",Suricata: Alert - SURICATA STREAM 3way handshake excessive different SYNs,002,CibleWazuh,,,/var/log/suricata/eve.json,,0,,,1
2026-07-14T15:38:03.575+0000,86601,3,"[""ids"", ""suricata""]",Suricata: Alert - SURICATA STREAM 3way handshake excessive different SYNs,002,CibleWazuh,,,/var/log/suricata/eve.json,,0,,,1
2026-07-14T15:37:52.013+0000,86601,3,"[""ids"", ""suricata""]",Suricata: Alert - SURICATA STREAM 3way handshake excessive different SYNs,002,CibleWazuh,,,/var/log/suricata/eve.json,,0,,,1
2026-07-14T15:26:26.679+0000,86601,3,"[""ids"", ""suricata""]",Suricata: Alert - SURICATA STREAM 3way handshake excessive different SYNs,002,CibleWazuh,,,/var/log/suricata/eve.json,,0,,,1
2026-07-14T15:25:01.245+0000,86601,3,"[""ids"", ""suricata""]",Suricata: Alert - SURICATA STREAM 3way handshake excessive different SYNs,002,CibleWazuh,,,/var/log/suricata/eve.json,,0,,,1
2026-07-14T15:26:14.958+0000,86601,3,"[""ids"", ""suricata""]",Suricata: Alert - SURICATA STREAM 3way handshake excessive different SYNs,002,CibleWazuh,,,/var/log/suricata/eve.json,,0,,,1
2026-07-14T15:25:08.868+0000,86601,3,"[""ids"", ""suricata""]",Suricata: Alert - SURICATA STREAM 3way handshake excessive different SYNs,002,CibleWazuh,,,/var/log/suricata/eve.json,,0,,,1
2026-07-14T15:25:24.635+0000,86601,3,"[""ids"", ""suricata""]",Suricata: Alert - SURICATA STREAM 3way handshake excessive different SYNs,002,CibleWazuh,,,/var/log/suricata/eve.json,,0,,,1
2026-07-14T15:25:38.890+0000,86601,3,"[""ids"", ""suricata""]",Suricata: Alert - SURICATA STREAM 3way handshake excessive different SYNs,002,CibleWazuh,,,/var/log/suricata/eve.json,,0,,,1
2026-07-14T15:25:42.354+0000,86601,3,"[""ids"", ""suricata""]",Suricata: Alert - SURICATA STREAM 3way handshake excessive different SYNs,002,CibleWazuh,,,/var/log/suricata/eve.json,,0,,,1
2026-07-14T15:27:50.467+0000,86601,3,"[""ids"", ""suricata""]",Suricata: Alert - SURICATA STREAM 3way handshake excessive different SYNs,002,CibleWazuh,,,/var/log/suricata/eve.json,,0,,,1
2026-07-14T15:25:34.731+0000,86601,3,"[""ids"", ""suricata""]",Suricata: Alert - SURICATA STREAM 3way handshake excessive different SYNs,002,CibleWazuh,,,/var/log/suricata/eve.json,,0,,,1
2026-07-14T15:25:30.743+0000,86601,3,"[""ids"", ""suricata""]",Suricata: Alert - SURICATA STREAM 3way handshake excessive different SYNs,002,CibleWazuh,,,/var/log/suricata/eve.json,,0,,,1
2026-07-14T15:31:14.289+0000,86601,3,"[""ids"", ""suricata""]",Suricata: Alert - SURICATA STREAM 3way handshake excessive different SYNs,002,CibleWazuh,,,/var/log/suricata/eve.json,,0,,,1
2026-07-14T15:27:55.713+0000,86601,3,"[""ids"", ""suricata""]",Suricata: Alert - SURICATA STREAM 3way handshake excessive different SYNs,002,CibleWazuh,,,/var/log/suricata/eve.json,,0,,,1
2026-07-14T15:26:16.704+0000,86601,3,"[""ids"", ""suricata""]",Suricata: Alert - SURICATA STREAM 3way handshake excessive different SYNs,002,CibleWazuh,,,/var/log/suricata/eve.json,,0,,,1
2026-07-14T14:41:47.825+0000,5501,3,"[""pam"", ""syslog"", ""authentication_success""]",PAM: Login session opened.,000,UbuntuWazuh,,root,journald,Jul 14 14:41:46 UbuntuWazuh sudo[23853]: pam_unix(sudo:session): session opened for user root(uid=0) by vboxuser(uid=1000),0,,,0
2026-07-14T15:30:56.207+0000,86601,3,"[""ids"", ""suricata""]",Suricata: Alert - SURICATA STREAM 3way handshake excessive different SYNs,002,CibleWazuh,,,/var/log/suricata/eve.json,,0,,,1
2026-07-14T15:25:35.144+0000,86601,3,"[""ids"", ""suricata""]",Suricata: Alert - SURICATA STREAM 3way handshake excessive different SYNs,002,CibleWazuh,,,/var/log/suricata/eve.json,,0,,,1
2026-07-14T15:27:45.059+0000,86601,3,"[""ids"", ""suricata""]",Suricata: Alert - SURICATA STREAM 3way handshake excessive different SYNs,002,CibleWazuh,,,/var/log/suricata/eve.json,,0,,,1
2026-07-14T15:25:32.596+0000,86601,3,"[""ids"", ""suricata""]",Suricata: Alert - SURICATA STREAM 3way handshake excessive different SYNs,002,CibleWazuh,,,/var/log/suricata/eve.json,,0,,,1
2026-07-14T15:26:23.132+0000,86601,3,"[""ids"", ""suricata""]",Suricata: Alert - SURICATA STREAM 3way handshake excessive different SYNs,002,CibleWazuh,,,/var/log/suricata/eve.json,,0,,,1
2026-07-14T15:37:58.287+0000,86601,3,"[""ids"", ""suricata""]",Suricata: Alert - SURICATA STREAM 3way handshake excessive different SYNs,002,CibleWazuh,,,/var/log/suricata/eve.json,,0,,,1
2026-07-14T15:25:35.820+0000,86601,3,"[""ids"", ""suricata""]",Suricata: Alert - SURICATA STREAM 3way handshake excessive different SYNs,002,CibleWazuh,,,/var/log/suricata/eve.json,,0,,,1
2026-07-14T15:26:27.306+0000,86601,3,"[""ids"", ""suricata""]",Suricata: Alert - SURICATA STREAM 3way handshake excessive different SYNs,002,CibleWazuh,,,/var/log/suricata/eve.json,,0,,,1
2026-07-14T15:37:55.382+0000,86601,3,"[""ids"", ""suricata""]",Suricata: Alert - SURICATA STREAM 3way handshake excessive different SYNs,002,CibleWazuh,,,/var/log/suricata/eve.json,,0,,,1
2026-07-14T15:25:28.237+0000,86601,3,"[""ids"", ""suricata""]",Suricata: Alert - SURICATA STREAM 3way handshake excessive different SYNs,002,CibleWazuh,,,/var/log/suricata/eve.json,,0,,,1
2026-07-14T15:37:45.135+0000,86601,3,"[""ids"", ""suricata""]",Suricata: Alert - SURICATA STREAM 3way handshake excessive different SYNs,002,CibleWazuh,,,/var/log/suricata/eve.json,,0,,,1
2026-07-14T15:25:16.610+0000,86601,3,"[""ids"", ""suricata""]",Suricata: Alert - SURICATA STREAM 3way handshake excessive different SYNs,002,CibleWazuh,,,/var/log/suricata/eve.json,,0,,,1
2026-07-14T15:25:20.104+0000,86601,3,"[""ids"", ""suricata""]",Suricata: Alert - SURICATA STREAM 3way handshake excessive different SYNs,002,CibleWazuh,,,/var/log/suricata/eve.json,,0,,,1
2026-07-14T15:25:02.658+0000,86601,3,"[""ids"", ""suricata""]",Suricata: Alert - SURICATA STREAM 3way handshake excessive different SYNs,002,CibleWazuh,,,/var/log/suricata/eve.json,,0,,,1
2026-07-14T15:26:27.188+0000,86601,3,"[""ids"", ""suricata""]",Suricata: Alert - SURICATA STREAM 3way handshake excessive different SYNs,002,CibleWazuh,,,/var/log/suricata/eve.json,,0,,,1
2026-07-14T15:31:11.397+0000,86601,3,"[""ids"", ""suricata""]",Suricata: Alert - SURICATA STREAM 3way handshake excessive different SYNs,002,CibleWazuh,,,/var/log/suricata/eve.json,,0,,,1
2026-07-14T15:31:02.737+0000,86601,3,"[""ids"", ""suricata""]",Suricata: Alert - SURICATA STREAM 3way handshake excessive different SYNs,002,CibleWazuh,,,/var/log/suricata/eve.json,,0,,,1
2026-07-14T15:25:36.791+0000,86601,3,"[""ids"", ""suricata""]",Suricata: Alert - SURICATA STREAM 3way handshake excessive different SYNs,002,CibleWazuh,,,/var/log/suricata/eve.json,,0,,,1
2026-07-14T15:37:44.208+0000,86601,3,"[""ids"", ""suricata""]",Suricata: Alert - SURICATA STREAM 3way handshake excessive different SYNs,002,CibleWazuh,,,/var/log/suricata/eve.json,,0,,,1
2026-07-14T15:25:31.555+0000,86601,3,"[""ids"", ""suricata""]",Suricata: Alert - SURICATA STREAM 3way handshake excessive different SYNs,002,CibleWazuh,,,/var/log/suricata/eve.json,,0,,,1
2026-07-14T15:27:55.322+0000,86601,3,"[""ids"", ""suricata""]",Suricata: Alert - SURICATA STREAM 3way handshake excessive different SYNs,002,CibleWazuh,,,/var/log/suricata/eve.json,,0,,,1
2026-07-14T15:31:12.788+0000,86601,3,"[""ids"", ""suricata""]",Suricata: Alert - SURICATA STREAM 3way handshake excessive different SYNs,002,CibleWazuh,,,/var/log/suricata/eve.json,,0,,,1
2026-07-14T15:31:05.349+0000,86601,3,"[""ids"", ""suricata""]",Suricata: Alert - SURICATA STREAM 3way handshake excessive different SYNs,002,CibleWazuh,,,/var/log/suricata/eve.json,,0,,,1
2026-07-14T15:25:41.695+0000,86601,3,"[""ids"", ""suricata""]",Suricata: Alert - SURICATA STREAM 3way handshake excessive different SYNs,002,CibleWazuh,,,/var/log/suricata/eve.json,,0,,,1
2026-07-14T15:31:00.694+0000,86601,3,"[""ids"", ""suricata""]",Suricata: Alert - SURICATA STREAM 3way handshake excessive different SYNs,002,CibleWazuh,,,/var/log/suricata/eve.json,,0,,,1
2026-07-14T15:26:14.547+0000,86601,3,"[""ids"", ""suricata""]",Suricata: Alert - SURICATA STREAM 3way handshake excessive different SYNs,002,CibleWazuh,,,/var/log/suricata/eve.json,,0,,,1
2026-07-14T15:25:35.055+0000,86601,3,"[""ids"", ""suricata""]",Suricata: Alert - SURICATA STREAM 3way handshake excessive different SYNs,002,CibleWazuh,,,/var/log/suricata/eve.json,,0,,,1
2026-07-14T15:37:43.677+0000,86601,3,"[""ids"", ""suricata""]",Suricata: Alert - SURICATA STREAM 3way handshake excessive different SYNs,002,CibleWazuh,,,/var/log/suricata/eve.json,,0,,,1
2026-07-14T15:38:01.533+0000,86601,3,"[""ids"", ""suricata""]",Suricata: Alert - SURICATA STREAM 3way handshake excessive different SYNs,002,CibleWazuh,,,/var/log/suricata/eve.json,,0,,,1
2026-07-14T15:25:04.933+0000,86601,3,"[""ids"", ""suricata""]",Suricata: Alert - SURICATA STREAM 3way handshake excessive different SYNs,002,CibleWazuh,,,/var/log/suricata/eve.json,,0,,,1
2026-07-14T15:31:12.666+0000,86601,3,"[""ids"", ""suricata""]",Suricata: Alert - SURICATA STREAM 3way handshake excessive different SYNs,002,CibleWazuh,,,/var/log/suricata/eve.json,,0,,,1
2026-07-14T15:24:53.703+0000,86601,3,"[""ids"", ""suricata""]",Suricata: Alert - SURICATA STREAM 3way handshake excessive different SYNs,002,CibleWazuh,,,/var/log/suricata/eve.json,,0,,,1
2026-07-14T15:37:53.605+0000,86601,3,"[""ids"", ""suricata""]",Suricata: Alert - SURICATA STREAM 3way handshake excessive different SYNs,002,CibleWazuh,,,/var/log/suricata/eve.json,,0,,,1
2026-07-14T15:31:11.415+0000,86601,3,"[""ids"", ""suricata""]",Suricata: Alert - SURICATA STREAM 3way handshake excessive different SYNs,002,CibleWazuh,,,/var/log/suricata/eve.json,,0,,,1
2026-07-14T15:24:55.843+0000,86601,3,"[""ids"", ""suricata""]",Suricata: Alert - SURICATA STREAM 3way handshake excessive different SYNs,002,CibleWazuh,,,/var/log/suricata/eve.json,,0,,,1
2026-07-14T15:31:17.689+0000,86601,3,"[""ids"", ""suricata""]",Suricata: Alert - SURICATA STREAM 3way handshake excessive different SYNs,002,CibleWazuh,,,/var/log/suricata/eve.json,,0,,,1
2026-07-14T15:25:17.427+0000,86601,3,"[""ids"", ""suricata""]",Suricata: Alert - SURICATA STREAM 3way handshake excessive different SYNs,002,CibleWazuh,,,/var/log/suricata/eve.json,,0,,,1
2026-07-14T15:25:43.395+0000,86601,3,"[""ids"", ""suricata""]",Suricata: Alert - SURICATA STREAM 3way handshake excessive different SYNs,002,CibleWazuh,,,/var/log/suricata/eve.json,,0,,,1
2026-07-14T15:27:45.418+0000,86601,3,"[""ids"", ""suricata""]",Suricata: Alert - SURICATA STREAM 3way handshake excessive different SYNs,002,CibleWazuh,,,/var/log/suricata/eve.json,,0,,,1
2026-07-14T15:26:27.562+0000,86601,3,"[""ids"", ""suricata""]",Suricata: Alert - SURICATA STREAM 3way handshake excessive different SYNs,002,CibleWazuh,,,/var/log/suricata/eve.json,,0,,,1
2026-07-14T15:26:25.921+0000,86601,3,"[""ids"", ""suricata""]",Suricata: Alert - SURICATA STREAM 3way handshake excessive different SYNs,002,CibleWazuh,,,/var/log/suricata/eve.json,,0,,,1
2026-07-14T15:24:59.821+0000,86601,3,"[""ids"", ""suricata""]",Suricata: Alert - SURICATA STREAM 3way handshake excessive different SYNs,002,CibleWazuh,,,/var/log/suricata/eve.json,,0,,,1
2026-07-14T15:37:51.820+0000,86601,3,"[""ids"", ""suricata""]",Suricata: Alert - SURICATA STREAM 3way handshake excessive different SYNs,002,CibleWazuh,,,/var/log/suricata/eve.json,,0,,,1
2026-07-14T15:27:58.074+0000,86601,3,"[""ids"", ""suricata""]",Suricata: Alert - SURICATA STREAM 3way handshake excessive different SYNs,002,CibleWazuh,,,/var/log/suricata/eve.json,,0,,,1
2026-07-14T15:37:42.986+0000,86601,3,"[""ids"", ""suricata""]",Suricata: Alert - SURICATA STREAM 3way handshake excessive different SYNs,002,CibleWazuh,,,/var/log/suricata/eve.json,,0,,,1
2026-07-14T15:25:21.793+0000,86601,3,"[""ids"", ""suricata""]",Suricata: Alert - SURICATA STREAM 3way handshake excessive different SYNs,002,CibleWazuh,,,/var/log/suricata/eve.json,,0,,,1
2026-07-14T15:18:13.039+0000,86601,3,"[""ids"", ""suricata""]",Suricata: Alert - ET SCAN Port scan detected,002,CibleWazuh,,,/var/log/suricata/eve.json,,1,PARROT-NMAP-01,malicious_nmap,1
2026-07-14T15:37:53.737+0000,86601,3,"[""ids"", ""suricata""]",Suricata: Alert - SURICATA STREAM 3way handshake excessive different SYNs,002,CibleWazuh,,,/var/log/suricata/eve.json,,0,,,1
2026-07-14T15:26:22.495+0000,86601,3,"[""ids"", ""suricata""]",Suricata: Alert - SURICATA STREAM 3way handshake excessive different SYNs,002,CibleWazuh,,,/var/log/suricata/eve.json,,0,,,1
2026-07-14T15:31:08.371+0000,86601,3,"[""ids"", ""suricata""]",Suricata: Alert - SURICATA STREAM 3way handshake excessive different SYNs,002,CibleWazuh,,,/var/log/suricata/eve.json,,0,,,1
2026-07-14T15:30:54.630+0000,86601,3,"[""ids"", ""suricata""]",Suricata: Alert - SURICATA STREAM 3way handshake excessive different SYNs,002,CibleWazuh,,,/var/log/suricata/eve.json,,0,,,1
2026-07-14T15:37:43.754+0000,86601,3,"[""ids"", ""suricata""]",Suricata: Alert - SURICATA STREAM 3way handshake excessive different SYNs,002,CibleWazuh,,,/var/log/suricata/eve.json,,0,,,1
2026-07-14T15:27:40.301+0000,86601,3,"[""ids"", ""suricata""]",Suricata: Alert - SURICATA STREAM 3way handshake excessive different SYNs,002,CibleWazuh,,,/var/log/suricata/eve.json,,0,,,1
2026-07-14T14:56:06.486+0000,5715,3,"[""syslog"", ""sshd"", ""authentication_success""]",sshd: authentication success.,002,CibleWazuh,192.168.30.10,vboxuser,journald,Jul 14 14:56:05 CibleWazuh sshd[11969]: Accepted password for vboxuser from 192.168.30.10 port 57302 ssh2,0,TG-0026,benign_filetransfer,0
2026-07-14T15:31:00.828+0000,86601,3,"[""ids"", ""suricata""]",Suricata: Alert - SURICATA STREAM 3way handshake excessive different SYNs,002,CibleWazuh,,,/var/log/suricata/eve.json,,0,,,1
2026-07-14T15:25:33.584+0000,86601,3,"[""ids"", ""suricata""]",Suricata: Alert - SURICATA STREAM 3way handshake excessive different SYNs,002,CibleWazuh,,,/var/log/suricata/eve.json,,0,,,1
2026-07-14T15:26:18.590+0000,86601,3,"[""ids"", ""suricata""]",Suricata: Alert - SURICATA STREAM 3way handshake excessive different SYNs,002,CibleWazuh,,,/var/log/suricata/eve.json,,0,,,1
2026-07-14T15:25:06.658+0000,86601,3,"[""ids"", ""suricata""]",Suricata: Alert - SURICATA STREAM 3way handshake excessive different SYNs,002,CibleWazuh,,,/var/log/suricata/eve.json,,0,,,1
2026-07-14T15:25:03.888+0000,86601,3,"[""ids"", ""suricata""]",Suricata: Alert - SURICATA STREAM 3way handshake excessive different SYNs,002,CibleWazuh,,,/var/log/suricata/eve.json,,0,,,1
2026-07-14T15:27:55.832+0000,86601,3,"[""ids"", ""suricata""]",Suricata: Alert - SURICATA STREAM 3way handshake excessive different SYNs,002,CibleWazuh,,,/var/log/suricata/eve.json,,0,,,1
2026-07-14T15:26:15.832+0000,86601,3,"[""ids"", ""suricata""]",Suricata: Alert - SURICATA STREAM 3way handshake excessive different SYNs,002,CibleWazuh,,,/var/log/suricata/eve.json,,0,,,1
2026-07-14T15:26:20.756+0000,86601,3,"[""ids"", ""suricata""]",Suricata: Alert - SURICATA STREAM 3way handshake excessive different SYNs,002,CibleWazuh,,,/var/log/suricata/eve.json,,0,,,1
2026-07-14T15:37:56.111+0000,86601,3,"[""ids"", ""suricata""]",Suricata: Alert - SURICATA STREAM 3way handshake excessive different SYNs,002,CibleWazuh,,,/var/log/suricata/eve.json,,0,,,1
2026-07-14T15:37:59.738+0000,86601,3,"[""ids"", ""suricata""]",Suricata: Alert - SURICATA STREAM 3way handshake excessive different SYNs,002,CibleWazuh,,,/var/log/suricata/eve.json,,0,,,1
2026-07-14T15:31:15.925+0000,86601,3,"[""ids"", ""suricata""]",Suricata: Alert - SURICATA STREAM 3way handshake excessive different SYNs,002,CibleWazuh,,,/var/log/suricata/eve.json,,0,,,1
2026-07-14T15:27:49.468+0000,86601,3,"[""ids"", ""suricata""]",Suricata: Alert - SURICATA STREAM 3way handshake excessive different SYNs,002,CibleWazuh,,,/var/log/suricata/eve.json,,0,,,1
2026-07-14T15:30:50.214+0000,86601,3,"[""ids"", ""suricata""]",Suricata: Alert - SURICATA STREAM 3way handshake excessive different SYNs,002,CibleWazuh,,,/var/log/suricata/eve.json,,0,,,1
2026-07-14T15:25:27.925+0000,86601,3,"[""ids"", ""suricata""]",Suricata: Alert - SURICATA STREAM 3way handshake excessive different SYNs,002,CibleWazuh,,,/var/log/suricata/eve.json,,0,,,1
2026-07-14T15:19:34.455+0000,86601,3,"[""ids"", ""suricata""]",Suricata: Alert - ET SCAN Port scan detected,002,CibleWazuh,,,/var/log/suricata/eve.json,,1,PARROT-HYDRA-01,malicious_bruteforce,1
2026-07-14T14:18:34.819+0000,40704,5,"[""local"", ""systemd""]",Systemd: Service exited due to a failure.,000,UbuntuWazuh,,,journald,"Jul 14 14:18:33 UbuntuWazuh systemd[1]: wazuh-inference.service: Main process exited, code=exited, status=1/FAILURE",1,TG-0002,malicious_bruteforce,0
2026-07-14T15:30:59.912+0000,86601,3,"[""ids"", ""suricata""]",Suricata: Alert - SURICATA STREAM 3way handshake excessive different SYNs,002,CibleWazuh,,,/var/log/suricata/eve.json,,0,,,1
2026-07-14T15:25:07.522+0000,86601,3,"[""ids"", ""suricata""]",Suricata: Alert - SURICATA STREAM 3way handshake excessive different SYNs,002,CibleWazuh,,,/var/log/suricata/eve.json,,0,,,1
2026-07-14T14:14:57.320+0000,5715,3,"[""syslog"", ""sshd"", ""authentication_success""]",sshd: authentication success.,002,CibleWazuh,192.168.30.3,vboxuser,journald,Jul 14 14:14:56 CibleWazuh sshd[7134]: Accepted publickey for vboxuser from 192.168.30.3 port 41322 ssh2: ED25519 SHA256:20bmF6ePWf19PC7lAtzvSHwmvgK6SuGC7RGzx0eI6UY,0,,,0
2026-07-14T15:31:14.118+0000,86601,3,"[""ids"", ""suricata""]",Suricata: Alert - SURICATA STREAM 3way handshake excessive different SYNs,002,CibleWazuh,,,/var/log/suricata/eve.json,,0,,,1
2026-07-14T15:25:11.560+0000,86601,3,"[""ids"", ""suricata""]",Suricata: Alert - SURICATA STREAM 3way handshake excessive different SYNs,002,CibleWazuh,,,/var/log/suricata/eve.json,,0,,,1
2026-07-14T15:31:08.614+0000,86601,3,"[""ids"", ""suricata""]",Suricata: Alert - SURICATA STREAM 3way handshake excessive different SYNs,002,CibleWazuh,,,/var/log/suricata/eve.json,,0,,,1
2026-07-14T15:25:39.058+0000,86601,3,"[""ids"", ""suricata""]",Suricata: Alert - SURICATA STREAM 3way handshake excessive different SYNs,002,CibleWazuh,,,/var/log/suricata/eve.json,,0,,,1
2026-07-14T15:25:19.741+0000,86601,3,"[""ids"", ""suricata""]",Suricata: Alert - SURICATA STREAM 3way handshake excessive different SYNs,002,CibleWazuh,,,/var/log/suricata/eve.json,,0,,,1
2026-07-14T15:26:20.176+0000,86601,3,"[""ids"", ""suricata""]",Suricata: Alert - SURICATA STREAM 3way handshake excessive different SYNs,002,CibleWazuh,,,/var/log/suricata/eve.json,,0,,,1
2026-07-14T15:25:14.986+0000,86601,3,"[""ids"", ""suricata""]",Suricata: Alert - SURICATA STREAM 3way handshake excessive different SYNs,002,CibleWazuh,,,/var/log/suricata/eve.json,,0,,,1
2026-07-14T15:27:54.205+0000,86601,3,"[""ids"", ""suricata""]",Suricata: Alert - SURICATA STREAM 3way handshake excessive different SYNs,002,CibleWazuh,,,/var/log/suricata/eve.json,,0,,,1
2026-07-14T15:31:15.181+0000,86601,3,"[""ids"", ""suricata""]",Suricata: Alert - SURICATA STREAM 3way handshake excessive different SYNs,002,CibleWazuh,,,/var/log/suricata/eve.json,,0,,,1
2026-07-14T15:31:15.115+0000,86601,3,"[""ids"", ""suricata""]",Suricata: Alert - SURICATA STREAM 3way handshake excessive different SYNs,002,CibleWazuh,,,/var/log/suricata/eve.json,,0,,,1
2026-07-14T15:25:21.062+0000,86601,3,"[""ids"", ""suricata""]",Suricata: Alert - SURICATA STREAM 3way handshake excessive different SYNs,002,CibleWazuh,,,/var/log/suricata/eve.json,,0,,,1
2026-07-14T15:37:51.979+0000,86601,3,"[""ids"", ""suricata""]",Suricata: Alert - SURICATA STREAM 3way handshake excessive different SYNs,002,CibleWazuh,,,/var/log/suricata/eve.json,,0,,,1
2026-07-14T15:30:59.164+0000,86601,3,"[""ids"", ""suricata""]",Suricata: Alert - SURICATA STREAM 3way handshake excessive different SYNs,002,CibleWazuh,,,/var/log/suricata/eve.json,,0,,,1
2026-07-14T15:25:21.934+0000,86601,3,"[""ids"", ""suricata""]",Suricata: Alert - SURICATA STREAM 3way handshake excessive different SYNs,002,CibleWazuh,,,/var/log/suricata/eve.json,,0,,,1
2026-07-14T15:37:44.135+0000,86601,3,"[""ids"", ""suricata""]",Suricata: Alert - SURICATA STREAM 3way handshake excessive different SYNs,002,CibleWazuh,,,/var/log/suricata/eve.json,,0,,,1
2026-07-14T15:24:57.211+0000,86601,3,"[""ids"", ""suricata""]",Suricata: Alert - SURICATA STREAM 3way handshake excessive different SYNs,002,CibleWazuh,,,/var/log/suricata/eve.json,,0,,,1
2026-07-14T15:27:56.979+0000,86601,3,"[""ids"", ""suricata""]",Suricata: Alert - SURICATA STREAM 3way handshake excessive different SYNs,002,CibleWazuh,,,/var/log/suricata/eve.json,,0,,,1
2026-07-14T15:27:42.367+0000,86601,3,"[""ids"", ""suricata""]",Suricata: Alert - SURICATA STREAM 3way handshake excessive different SYNs,002,CibleWazuh,,,/var/log/suricata/eve.json,,0,,,1
2026-07-14T15:25:11.001+0000,86601,3,"[""ids"", ""suricata""]",Suricata: Alert - SURICATA STREAM 3way handshake excessive different SYNs,002,CibleWazuh,,,/var/log/suricata/eve.json,,0,,,1
2026-07-14T15:24:57.550+0000,86601,3,"[""ids"", ""suricata""]",Suricata: Alert - SURICATA STREAM 3way handshake excessive different SYNs,002,CibleWazuh,,,/var/log/suricata/eve.json,,0,,,1
2026-07-14T15:30:56.919+0000,86601,3,"[""ids"", ""suricata""]",Suricata: Alert - SURICATA STREAM 3way handshake excessive different SYNs,002,CibleWazuh,,,/var/log/suricata/eve.json,,0,,,1
2026-07-14T15:25:07.192+0000,86601,3,"[""ids"", ""suricata""]",Suricata: Alert - SURICATA STREAM 3way handshake excessive different SYNs,002,CibleWazuh,,,/var/log/suricata/eve.json,,0,,,1
2026-07-14T15:25:23.613+0000,86601,3,"[""ids"", ""suricata""]",Suricata: Alert - SURICATA STREAM 3way handshake excessive different SYNs,002,CibleWazuh,,,/var/log/suricata/eve.json,,0,,,1
2026-07-14T15:24:56.590+0000,86601,3,"[""ids"", ""suricata""]",Suricata: Alert - SURICATA STREAM 3way handshake excessive different SYNs,002,CibleWazuh,,,/var/log/suricata/eve.json,,0,,,1
2026-07-14T15:30:54.887+0000,86601,3,"[""ids"", ""suricata""]",Suricata: Alert - SURICATA STREAM 3way handshake excessive different SYNs,002,CibleWazuh,,,/var/log/suricata/eve.json,,0,,,1
2026-07-14T15:31:01.733+0000,86601,3,"[""ids"", ""suricata""]",Suricata: Alert - SURICATA STREAM 3way handshake excessive different SYNs,002,CibleWazuh,,,/var/log/suricata/eve.json,,0,,,1
2026-07-14T15:31:07.001+0000,86601,3,"[""ids"", ""suricata""]",Suricata: Alert - SURICATA STREAM 3way handshake excessive different SYNs,002,CibleWazuh,,,/var/log/suricata/eve.json,,0,,,1
2026-07-14T15:37:53.884+0000,86601,3,"[""ids"", ""suricata""]",Suricata: Alert - SURICATA STREAM 3way handshake excessive different SYNs,002,CibleWazuh,,,/var/log/suricata/eve.json,,0,,,1
2026-07-14T15:25:32.966+0000,86601,3,"[""ids"", ""suricata""]",Suricata: Alert - SURICATA STREAM 3way handshake excessive different SYNs,002,CibleWazuh,,,/var/log/suricata/eve.json,,0,,,1
2026-07-14T14:39:31.589+0000,5502,3,"[""pam"", ""syslog""]",PAM: Login session closed.,000,UbuntuWazuh,,root,journald,Jul 14 14:39:30 UbuntuWazuh sudo[22960]: pam_unix(sudo:session): session closed for user root,0,,,0
2026-07-14T15:25:14.782+0000,86601,3,"[""ids"", ""suricata""]",Suricata: Alert - SURICATA STREAM 3way handshake excessive different SYNs,002,CibleWazuh,,,/var/log/suricata/eve.json,,0,,,1
2026-07-14T15:27:45.604+0000,86601,3,"[""ids"", ""suricata""]",Suricata: Alert - SURICATA STREAM 3way handshake excessive different SYNs,002,CibleWazuh,,,/var/log/suricata/eve.json,,0,,,1
2026-07-14T15:27:47.282+0000,86601,3,"[""ids"", ""suricata""]",Suricata: Alert - SURICATA STREAM 3way handshake excessive different SYNs,002,CibleWazuh,,,/var/log/suricata/eve.json,,0,,,1
2026-07-14T15:30:55.167+0000,86601,3,"[""ids"", ""suricata""]",Suricata: Alert - SURICATA STREAM 3way handshake excessive different SYNs,002,CibleWazuh,,,/var/log/suricata/eve.json,,0,,,1
2026-07-14T15:25:02.778+0000,86601,3,"[""ids"", ""suricata""]",Suricata: Alert - SURICATA STREAM 3way handshake excessive different SYNs,002,CibleWazuh,,,/var/log/suricata/eve.json,,0,,,1
2026-07-14T15:27:50.937+0000,86601,3,"[""ids"", ""suricata""]",Suricata: Alert - SURICATA STREAM 3way handshake excessive different SYNs,002,CibleWazuh,,,/var/log/suricata/eve.json,,0,,,1
2026-07-14T15:27:52.121+0000,86601,3,"[""ids"", ""suricata""]",Suricata: Alert - SURICATA STREAM 3way handshake excessive different SYNs,002,CibleWazuh,,,/var/log/suricata/eve.json,,0,,,1
2026-07-14T15:27:47.873+0000,86601,3,"[""ids"", ""suricata""]",Suricata: Alert - SURICATA STREAM 3way handshake excessive different SYNs,002,CibleWazuh,,,/var/log/suricata/eve.json,,0,,,1
2026-07-14T14:18:31.377+0000,5760,5,"[""syslog"", ""sshd"", ""authentication_failed""]",sshd: authentication failed.,002,CibleWazuh,192.168.30.10,vboxuser,journald,Jul 14 14:18:30 CibleWazuh sshd[8216]: Failed password for vboxuser from 192.168.30.10 port 54426 ssh2,1,TG-0002,malicious_bruteforce,0
2026-07-14T15:27:41.727+0000,86601,3,"[""ids"", ""suricata""]",Suricata: Alert - SURICATA STREAM 3way handshake excessive different SYNs,002,CibleWazuh,,,/var/log/suricata/eve.json,,0,,,1
2026-07-14T15:37:53.212+0000,86601,3,"[""ids"", ""suricata""]",Suricata: Alert - SURICATA STREAM 3way handshake excessive different SYNs,002,CibleWazuh,,,/var/log/suricata/eve.json,,0,,,1
2026-07-14T15:18:46.192+0000,204,12,"[""wazuh"", ""agent_flooding""]",Agent event queue is flooded. Check the agent configuration.,002,CibleWazuh,,,wazuh-agent,wazuh: Agent buffer: 'flooded'.,1,PARROT-HYDRA-01,malicious_bruteforce,0
2026-07-14T15:38:02.274+0000,86601,3,"[""ids"", ""suricata""]",Suricata: Alert - SURICATA STREAM 3way handshake excessive different SYNs,002,CibleWazuh,,,/var/log/suricata/eve.json,,0,,,1
2026-07-14T15:27:49.838+0000,86601,3,"[""ids"", ""suricata""]",Suricata: Alert - SURICATA STREAM 3way handshake excessive different SYNs,002,CibleWazuh,,,/var/log/suricata/eve.json,,0,,,1
2026-07-14T15:25:41.021+0000,86601,3,"[""ids"", ""suricata""]",Suricata: Alert - SURICATA STREAM 3way handshake excessive different SYNs,002,CibleWazuh,,,/var/log/suricata/eve.json,,0,,,1
2026-07-14T15:25:26.644+0000,86601,3,"[""ids"", ""suricata""]",Suricata: Alert - SURICATA STREAM 3way handshake excessive different SYNs,002,CibleWazuh,,,/var/log/suricata/eve.json,,0,,,1
2026-07-14T15:38:01.743+0000,86601,3,"[""ids"", ""suricata""]",Suricata: Alert - SURICATA STREAM 3way handshake excessive different SYNs,002,CibleWazuh,,,/var/log/suricata/eve.json,,0,,,1
2026-07-14T15:26:22.129+0000,86601,3,"[""ids"", ""suricata""]",Suricata: Alert - SURICATA STREAM 3way handshake excessive different SYNs,002,CibleWazuh,,,/var/log/suricata/eve.json,,0,,,1
2026-07-14T15:27:41.784+0000,86601,3,"[""ids"", ""suricata""]",Suricata: Alert - SURICATA STREAM 3way handshake excessive different SYNs,002,CibleWazuh,,,/var/log/suricata/eve.json,,0,,,1
2026-07-14T15:30:58.929+0000,86601,3,"[""ids"", ""suricata""]",Suricata: Alert - SURICATA STREAM 3way handshake excessive different SYNs,002,CibleWazuh,,,/var/log/suricata/eve.json,,0,,,1
2026-07-14T15:25:35.512+0000,86601,3,"[""ids"", ""suricata""]",Suricata: Alert - SURICATA STREAM 3way handshake excessive different SYNs,002,CibleWazuh,,,/var/log/suricata/eve.json,,0,,,1
2026-07-14T15:31:06.722+0000,86601,3,"[""ids"", ""suricata""]",Suricata: Alert - SURICATA STREAM 3way handshake excessive different SYNs,002,CibleWazuh,,,/var/log/suricata/eve.json,,0,,,1
2026-07-14T15:25:39.326+0000,86601,3,"[""ids"", ""suricata""]",Suricata: Alert - SURICATA STREAM 3way handshake excessive different SYNs,002,CibleWazuh,,,/var/log/suricata/eve.json,,0,,,1
2026-07-14T15:27:45.559+0000,86601,3,"[""ids"", ""suricata""]",Suricata: Alert - SURICATA STREAM 3way handshake excessive different SYNs,002,CibleWazuh,,,/var/log/suricata/eve.json,,0,,,1
2026-07-14T15:25:33.719+0000,86601,3,"[""ids"", ""suricata""]",Suricata: Alert - SURICATA STREAM 3way handshake excessive different SYNs,002,CibleWazuh,,,/var/log/suricata/eve.json,,0,,,1
2026-07-14T15:25:38.137+0000,86601,3,"[""ids"", ""suricata""]",Suricata: Alert - SURICATA STREAM 3way handshake excessive different SYNs,002,CibleWazuh,,,/var/log/suricata/eve.json,,0,,,1
2026-07-14T15:30:55.162+0000,86601,3,"[""ids"", ""suricata""]",Suricata: Alert - SURICATA STREAM 3way handshake excessive different SYNs,002,CibleWazuh,,,/var/log/suricata/eve.json,,0,,,1
2026-07-14T15:31:06.677+0000,86601,3,"[""ids"", ""suricata""]",Suricata: Alert - SURICATA STREAM 3way handshake excessive different SYNs,002,CibleWazuh,,,/var/log/suricata/eve.json,,0,,,1
2026-07-14T15:25:11.026+0000,86601,3,"[""ids"", ""suricata""]",Suricata: Alert - SURICATA STREAM 3way handshake excessive different SYNs,002,CibleWazuh,,,/var/log/suricata/eve.json,,0,,,1
2026-07-14T15:27:56.528+0000,86601,3,"[""ids"", ""suricata""]",Suricata: Alert - SURICATA STREAM 3way handshake excessive different SYNs,002,CibleWazuh,,,/var/log/suricata/eve.json,,0,,,1
2026-07-14T15:25:35.401+0000,86601,3,"[""ids"", ""suricata""]",Suricata: Alert - SURICATA STREAM 3way handshake excessive different SYNs,002,CibleWazuh,,,/var/log/suricata/eve.json,,0,,,1
2026-07-14T15:25:34.748+0000,86601,3,"[""ids"", ""suricata""]",Suricata: Alert - SURICATA STREAM 3way handshake excessive different SYNs,002,CibleWazuh,,,/var/log/suricata/eve.json,,0,,,1
2026-07-14T15:25:43.464+0000,86601,3,"[""ids"", ""suricata""]",Suricata: Alert - SURICATA STREAM 3way handshake excessive different SYNs,002,CibleWazuh,,,/var/log/suricata/eve.json,,0,,,1
2026-07-14T15:24:57.548+0000,86601,3,"[""ids"", ""suricata""]",Suricata: Alert - SURICATA STREAM 3way handshake excessive different SYNs,002,CibleWazuh,,,/var/log/suricata/eve.json,,0,,,1
2026-07-14T15:25:42.552+0000,86601,3,"[""ids"", ""suricata""]",Suricata: Alert - SURICATA STREAM 3way handshake excessive different SYNs,002,CibleWazuh,,,/var/log/suricata/eve.json,,0,,,1
2026-07-14T15:27:41.540+0000,86601,3,"[""ids"", ""suricata""]",Suricata: Alert - SURICATA STREAM 3way handshake excessive different SYNs,002,CibleWazuh,,,/var/log/suricata/eve.json,,0,,,1
2026-07-14T15:37:55.322+0000,86601,3,"[""ids"", ""suricata""]",Suricata: Alert - SURICATA STREAM 3way handshake excessive different SYNs,002,CibleWazuh,,,/var/log/suricata/eve.json,,0,,,1
2026-07-14T15:24:55.228+0000,86601,3,"[""ids"", ""suricata""]",Suricata: Alert - SURICATA STREAM 3way handshake excessive different SYNs,002,CibleWazuh,,,/var/log/suricata/eve.json,,0,,,1
2026-07-14T15:30:54.441+0000,86601,3,"[""ids"", ""suricata""]",Suricata: Alert - SURICATA STREAM 3way handshake excessive different SYNs,002,CibleWazuh,,,/var/log/suricata/eve.json,,0,,,1
2026-07-14T15:25:40.459+0000,86601,3,"[""ids"", ""suricata""]",Suricata: Alert - SURICATA STREAM 3way handshake excessive different SYNs,002,CibleWazuh,,,/var/log/suricata/eve.json,,0,,,1
2026-07-14T15:25:24.387+0000,86601,3,"[""ids"", ""suricata""]",Suricata: Alert - SURICATA STREAM 3way handshake excessive different SYNs,002,CibleWazuh,,,/var/log/suricata/eve.json,,0,,,1
2026-07-14T15:27:45.619+0000,86601,3,"[""ids"", ""suricata""]",Suricata: Alert - SURICATA STREAM 3way handshake excessive different SYNs,002,CibleWazuh,,,/var/log/suricata/eve.json,,0,,,1
2026-07-14T15:25:31.954+0000,86601,3,"[""ids"", ""suricata""]",Suricata: Alert - SURICATA STREAM 3way handshake excessive different SYNs,002,CibleWazuh,,,/var/log/suricata/eve.json,,0,,,1
2026-07-14T15:25:14.993+0000,86601,3,"[""ids"", ""suricata""]",Suricata: Alert - SURICATA STREAM 3way handshake excessive different SYNs,002,CibleWazuh,,,/var/log/suricata/eve.json,,0,,,1
2026-07-14T15:26:16.284+0000,86601,3,"[""ids"", ""suricata""]",Suricata: Alert - SURICATA STREAM 3way handshake excessive different SYNs,002,CibleWazuh,,,/var/log/suricata/eve.json,,0,,,1
2026-07-14T15:37:58.954+0000,86601,3,"[""ids"", ""suricata""]",Suricata: Alert - SURICATA STREAM 3way handshake excessive different SYNs,002,CibleWazuh,,,/var/log/suricata/eve.json,,0,,,1
2026-07-14T15:26:14.306+0000,86601,3,"[""ids"", ""suricata""]",Suricata: Alert - SURICATA STREAM 3way handshake excessive different SYNs,002,CibleWazuh,,,/var/log/suricata/eve.json,,0,,,1
2026-07-14T15:26:16.432+0000,86601,3,"[""ids"", ""suricata""]",Suricata: Alert - SURICATA STREAM 3way handshake excessive different SYNs,002,CibleWazuh,,,/var/log/suricata/eve.json,,0,,,1
2026-07-14T15:31:15.005+0000,86601,3,"[""ids"", ""suricata""]",Suricata: Alert - SURICATA STREAM 3way handshake excessive different SYNs,002,CibleWazuh,,,/var/log/suricata/eve.json,,0,,,1
2026-07-14T15:31:06.338+0000,86601,3,"[""ids"", ""suricata""]",Suricata: Alert - SURICATA STREAM 3way handshake excessive different SYNs,002,CibleWazuh,,,/var/log/suricata/eve.json,,0,,,1
2026-07-14T15:26:24.287+0000,86601,3,"[""ids"", ""suricata""]",Suricata: Alert - SURICATA STREAM 3way handshake excessive different SYNs,002,CibleWazuh,,,/var/log/suricata/eve.json,,0,,,1
2026-07-14T15:25:05.990+0000,86601,3,"[""ids"", ""suricata""]",Suricata: Alert - SURICATA STREAM 3way handshake excessive different SYNs,002,CibleWazuh,,,/var/log/suricata/eve.json,,0,,,1
2026-07-14T15:25:30.673+0000,86601,3,"[""ids"", ""suricata""]",Suricata: Alert - SURICATA STREAM 3way handshake excessive different SYNs,002,CibleWazuh,,,/var/log/suricata/eve.json,,0,,,1
2026-07-14T15:25:10.911+0000,86601,3,"[""ids"", ""suricata""]",Suricata: Alert - SURICATA STREAM 3way handshake excessive different SYNs,002,CibleWazuh,,,/var/log/suricata/eve.json,,0,,,1
2026-07-14T15:38:00.193+0000,86601,3,"[""ids"", ""suricata""]",Suricata: Alert - SURICATA STREAM 3way handshake excessive different SYNs,002,CibleWazuh,,,/var/log/suricata/eve.json,,0,,,1
2026-07-14T15:25:11.798+0000,86601,3,"[""ids"", ""suricata""]",Suricata: Alert - SURICATA STREAM 3way handshake excessive different SYNs,002,CibleWazuh,,,/var/log/suricata/eve.json,,0,,,1
2026-07-14T15:26:26.006+0000,86601,3,"[""ids"", ""suricata""]",Suricata: Alert - SURICATA STREAM 3way handshake excessive different SYNs,002,CibleWazuh,,,/var/log/suricata/eve.json,,0,,,1
2026-07-14T15:25:34.497+0000,86601,3,"[""ids"", ""suricata""]",Suricata: Alert - SURICATA STREAM 3way handshake excessive different SYNs,002,CibleWazuh,,,/var/log/suricata/eve.json,,0,,,1
2026-07-14T15:27:47.268+0000,86601,3,"[""ids"", ""suricata""]",Suricata: Alert - SURICATA STREAM 3way handshake excessive different SYNs,002,CibleWazuh,,,/var/log/suricata/eve.json,,0,,,1
2026-07-14T15:38:00.277+0000,86601,3,"[""ids"", ""suricata""]",Suricata: Alert - SURICATA STREAM 3way handshake excessive different SYNs,002,CibleWazuh,,,/var/log/suricata/eve.json,,0,,,1
2026-07-14T15:31:10.757+0000,86601,3,"[""ids"", ""suricata""]",Suricata: Alert - SURICATA STREAM 3way handshake excessive different SYNs,002,CibleWazuh,,,/var/log/suricata/eve.json,,0,,,1
2026-07-14T15:38:02.956+0000,86601,3,"[""ids"", ""suricata""]",Suricata: Alert - SURICATA STREAM 3way handshake excessive different SYNs,002,CibleWazuh,,,/var/log/suricata/eve.json,,0,,,1
2026-07-14T15:25:27.291+0000,86601,3,"[""ids"", ""suricata""]",Suricata: Alert - SURICATA STREAM 3way handshake excessive different SYNs,002,CibleWazuh,,,/var/log/suricata/eve.json,,0,,,1
2026-07-14T15:31:15.939+0000,86601,3,"[""ids"", ""suricata""]",Suricata: Alert - SURICATA STREAM 3way handshake excessive different SYNs,002,CibleWazuh,,,/var/log/suricata/eve.json,,0,,,1
2026-07-14T15:27:44.126+0000,86601,3,"[""ids"", ""suricata""]",Suricata: Alert - SURICATA STREAM 3way handshake excessive different SYNs,002,CibleWazuh,,,/var/log/suricata/eve.json,,0,,,1
2026-07-14T15:26:26.719+0000,86601,3,"[""ids"", ""suricata""]",Suricata: Alert - SURICATA STREAM 3way handshake excessive different SYNs,002,CibleWazuh,,,/var/log/suricata/eve.json,,0,,,1
2026-07-14T14:32:02.832+0000,40704,5,"[""local"", ""systemd""]",Systemd: Service exited due to a failure.,000,UbuntuWazuh,,,journald,"Jul 14 14:32:01 UbuntuWazuh systemd[1]: wazuh-inference.service: Main process exited, code=exited, status=1/FAILURE",0,,,0
2026-07-14T15:25:05.370+0000,86601,3,"[""ids"", ""suricata""]",Suricata: Alert - SURICATA STREAM 3way handshake excessive different SYNs,002,CibleWazuh,,,/var/log/suricata/eve.json,,0,,,1
2026-07-14T15:26:11.024+0000,86601,3,"[""ids"", ""suricata""]",Suricata: Alert - SURICATA STREAM 3way handshake excessive different SYNs,002,CibleWazuh,,,/var/log/suricata/eve.json,,0,,,1
2026-07-14T15:25:03.071+0000,86601,3,"[""ids"", ""suricata""]",Suricata: Alert - SURICATA STREAM 3way handshake excessive different SYNs,002,CibleWazuh,,,/var/log/suricata/eve.json,,0,,,1
2026-07-14T15:29:28.109+0000,86601,3,"[""ids"", ""suricata""]",Suricata: Alert - ET SCAN Port scan detected,002,CibleWazuh,,,/var/log/suricata/eve.json,,0,,,1
2026-07-14T15:24:50.134+0000,86601,3,"[""ids"", ""suricata""]",Suricata: Alert - SURICATA STREAM 3way handshake excessive different SYNs,002,CibleWazuh,,,/var/log/suricata/eve.json,,0,,,1
2026-07-14T15:37:44.717+0000,86601,3,"[""ids"", ""suricata""]",Suricata: Alert - SURICATA STREAM 3way handshake excessive different SYNs,002,CibleWazuh,,,/var/log/suricata/eve.json,,0,,,1
2026-07-14T15:38:01.719+0000,86601,3,"[""ids"", ""suricata""]",Suricata: Alert - SURICATA STREAM 3way handshake excessive different SYNs,002,CibleWazuh,,,/var/log/suricata/eve.json,,0,,,1
2026-07-14T15:25:30.077+0000,86601,3,"[""ids"", ""suricata""]",Suricata: Alert - SURICATA STREAM 3way handshake excessive different SYNs,002,CibleWazuh,,,/var/log/suricata/eve.json,,0,,,1
2026-07-14T15:25:02.995+0000,86601,3,"[""ids"", ""suricata""]",Suricata: Alert - SURICATA STREAM 3way handshake excessive different SYNs,002,CibleWazuh,,,/var/log/suricata/eve.json,,0,,,1
2026-07-14T15:31:03.503+0000,86601,3,"[""ids"", ""suricata""]",Suricata: Alert - SURICATA STREAM 3way handshake excessive different SYNs,002,CibleWazuh,,,/var/log/suricata/eve.json,,0,,,1
2026-07-14T15:27:54.585+0000,86601,3,"[""ids"", ""suricata""]",Suricata: Alert - SURICATA STREAM 3way handshake excessive different SYNs,002,CibleWazuh,,,/var/log/suricata/eve.json,,0,,,1
2026-07-14T15:25:12.287+0000,86601,3,"[""ids"", ""suricata""]",Suricata: Alert - SURICATA STREAM 3way handshake excessive different SYNs,002,CibleWazuh,,,/var/log/suricata/eve.json,,0,,,1
2026-07-14T15:25:31.109+0000,86601,3,"[""ids"", ""suricata""]",Suricata: Alert - SURICATA STREAM 3way handshake excessive different SYNs,002,CibleWazuh,,,/var/log/suricata/eve.json,,0,,,1
2026-07-14T15:27:53.500+0000,86601,3,"[""ids"", ""suricata""]",Suricata: Alert - SURICATA STREAM 3way handshake excessive different SYNs,002,CibleWazuh,,,/var/log/suricata/eve.json,,0,,,1
2026-07-14T15:27:54.498+0000,86601,3,"[""ids"", ""suricata""]",Suricata: Alert - SURICATA STREAM 3way handshake excessive different SYNs,002,CibleWazuh,,,/var/log/suricata/eve.json,,0,,,1
2026-07-14T15:25:10.944+0000,86601,3,"[""ids"", ""suricata""]",Suricata: Alert - SURICATA STREAM 3way handshake excessive different SYNs,002,CibleWazuh,,,/var/log/suricata/eve.json,,0,,,1
2026-07-14T15:30:54.655+0000,86601,3,"[""ids"", ""suricata""]",Suricata: Alert - SURICATA STREAM 3way handshake excessive different SYNs,002,CibleWazuh,,,/var/log/suricata/eve.json,,0,,,1
2026-07-14T15:26:22.575+0000,86601,3,"[""ids"", ""suricata""]",Suricata: Alert - SURICATA STREAM 3way handshake excessive different SYNs,002,CibleWazuh,,,/var/log/suricata/eve.json,,0,,,1
2026-07-14T15:27:44.713+0000,86601,3,"[""ids"", ""suricata""]",Suricata: Alert - SURICATA STREAM 3way handshake excessive different SYNs,002,CibleWazuh,,,/var/log/suricata/eve.json,,0,,,1
