timestamp,hour,dayofweek,is_night,rule_level,srcip_type_docker,srcip_type_lan,srcip_type_external,srcip_type_unknown,count_rule_1min,count_rule_5min,count_rule_15min,count_srcip_1min,count_srcip_5min,count_srcip_15min,interval_since_last,agent_CibleWazuh,agent_vbox,agent_UbuntuWazuh,label,rule_5715,rule_205,rule_2904,rule_202,rule_5503,rule_23502,rule_2902,rule_5760,rule_40704,rule_5402,rule_5501,rule_204,rule_5551,rule_203,rule_40112,rule_5502,rule_86601,rule_5763
2026-07-14T13:38:46.096+0000,13,1,0,3,0,0,0,1,0,0,0,0,0,0,999,0,0,0,0,0,0,0,0,0,0,0,0,0,0,1,0,0,0,0,0,0,0
2026-07-14T13:38:56.062+0000,13,1,0,7,0,0,0,1,0,0,0,1,1,1,999,0,0,0,0,0,0,1,0,0,0,0,0,0,0,0,0,0,0,0,0,0,0
2026-07-14T13:39:20.354+0000,13,1,0,7,0,0,0,1,0,0,0,2,2,2,999,0,0,0,0,0,0,0,0,0,0,1,0,0,0,0,0,0,0,0,0,0,0
2026-07-14T13:45:27.205+0000,13,1,0,3,0,0,0,1,0,0,0,0,0,3,999,0,0,0,0,0,0,0,0,0,0,0,0,0,0,0,0,0,0,0,0,1,0
2026-07-14T13:47:45.443+0000,13,1,0,3,0,0,0,1,0,1,1,0,1,4,138.23800015449524,0,0,0,0,0,0,0,0,0,0,0,0,0,0,0,0,0,0,0,0,1,0
2026-07-14T13:54:49.571+0000,13,1,0,3,0,0,0,1,0,0,0,0,0,2,999,0,0,0,0,0,0,0,0,0,0,0,0,0,1,0,0,0,0,0,0,0,0
2026-07-14T13:55:21.308+0000,13,1,0,3,0,0,0,1,0,0,2,1,1,3,455.86500000953674,0,0,0,0,0,0,0,0,0,0,0,0,0,0,0,0,0,0,0,0,1,0
2026-07-14T13:56:16.421+0000,13,1,0,3,0,0,0,1,0,0,0,1,2,4,999,0,0,0,0,0,0,0,0,0,0,0,0,0,0,0,0,0,0,0,1,0,0
2026-07-14T13:57:16.425+0000,13,1,0,3,0,0,0,1,0,0,0,0,3,5,999,0,0,0,0,0,0,0,0,0,0,0,0,0,0,1,0,0,0,0,0,0,0
2026-07-14T13:59:12.897+0000,13,1,0,7,0,0,0,1,0,0,0,0,4,6,999,0,0,0,0,0,0,1,0,0,0,0,0,0,0,0,0,0,0,0,0,0,0
2026-07-14T13:59:20.902+0000,13,1,0,3,0,0,0,1,0,1,1,1,5,7,184.48099994659424,0,0,0,0,0,0,0,0,0,0,0,0,0,0,0,0,0,0,0,1,0,0
2026-07-14T14:01:17.929+0000,14,1,0,7,0,0,0,1,0,1,1,0,3,7,125.03199982643127,0,0,0,0,0,0,1,0,0,0,0,0,0,0,0,0,0,0,0,0,0,0
2026-07-14T14:01:18.908+0000,14,1,0,7,0,0,0,1,1,2,2,1,4,8,0.9790000915527344,0,0,0,0,0,0,1,0,0,0,0,0,0,0,0,0,0,0,0,0,0,0
2026-07-14T14:01:21.450+0000,14,1,0,7,0,0,0,1,0,0,0,2,5,9,999,0,0,0,0,0,0,0,0,0,0,1,0,0,0,0,0,0,0,0,0,0,0
2026-07-14T14:01:28.916+0000,14,1,0,7,0,0,0,1,1,1,1,3,6,10,7.4659998416900635,0,0,0,0,0,0,0,0,0,0,1,0,0,0,0,0,0,0,0,0,0,0
2026-07-14T14:01:32.930+0000,14,1,0,7,0,0,0,1,2,2,2,4,7,11,4.014000177383423,0,0,0,0,0,0,0,0,0,0,1,0,0,0,0,0,0,0,0,0,0,0
2026-07-14T14:02:13.522+0000,14,1,0,7,0,0,0,1,2,3,3,5,8,12,54.61400008201599,0,0,0,0,0,0,1,0,0,0,0,0,0,0,0,0,0,0,0,0,0,0
2026-07-14T14:02:20.978+0000,14,1,0,7,0,0,0,1,1,4,4,4,8,13,7.455999851226807,0,0,0,0,0,0,1,0,0,0,0,0,0,0,0,0,0,0,0,0,0,0
2026-07-14T14:03:25.816+0000,14,1,0,5,0,0,0,1,0,0,0,0,9,13,999,0,0,0,0,0,0,0,0,0,0,0,0,1,0,0,0,0,0,0,0,0,0
2026-07-14T14:06:56.714+0000,14,1,0,5,0,0,0,1,0,1,1,0,3,14,210.89800000190735,0,0,0,0,0,0,0,0,0,0,0,0,1,0,0,0,0,0,0,0,0,0
2026-07-14T14:07:17.099+0000,14,1,0,3,0,0,0,1,0,0,1,1,3,15,715.7909998893738,0,0,0,0,0,0,0,0,0,0,0,0,0,0,0,0,0,0,0,0,1,0
2026-07-14T14:07:50.873+0000,14,1,0,5,0,0,0,1,1,2,2,2,3,16,54.15899991989136,0,0,0,0,0,0,0,0,0,0,0,0,1,0,0,0,0,0,0,0,0,0
2026-07-14T14:09:51.195+0000,14,1,0,3,0,0,0,1,0,1,2,0,3,16,154.09599995613098,0,0,0,0,0,0,0,0,0,0,0,0,0,0,0,0,0,0,0,0,1,0
2026-07-14T14:10:25.175+0000,14,1,0,3,0,0,0,1,1,2,2,1,4,16,33.980000019073486,0,0,0,0,0,0,0,0,0,0,0,0,0,0,0,0,0,0,0,0,1,0
2026-07-14T14:14:57.297+0000,14,1,0,3,0,0,0,1,0,1,3,0,1,13,272.12199997901917,0,0,0,0,0,0,0,0,0,0,0,0,0,0,0,0,0,0,0,0,1,0
2026-07-14T14:14:57.320+0000,14,1,0,3,0,1,0,0,0,0,0,0,0,0,999,0,0,0,0,1,0,0,0,0,0,0,0,0,0,0,0,0,0,0,0,0,0
2026-07-14T14:14:57.368+0000,14,1,0,3,0,0,0,1,0,0,0,1,2,14,999,0,0,0,0,0,0,0,0,0,0,0,0,0,0,0,0,0,0,0,1,0,0
2026-07-14T14:15:17.372+0000,14,1,0,3,0,0,0,1,0,0,0,2,3,15,999,0,0,0,0,0,0,0,0,0,0,0,0,0,1,0,0,0,0,0,0,0,0
2026-07-14T14:16:22.302+0000,14,1,0,5,0,0,0,1,0,0,3,0,3,13,511.42900013923645,0,0,0,0,0,0,0,0,0,0,0,0,1,0,0,0,0,0,0,0,0,0
2026-07-14T14:18:13.552+0000,14,1,0,7,0,0,0,1,0,0,0,0,4,10,999,0,0,0,0,0,0,0,0,0,0,1,0,0,0,0,0,0,0,0,0,0,0
2026-07-14T14:18:13.569+0000,14,1,0,7,0,0,0,1,0,0,0,1,5,11,999,0,0,0,0,0,0,1,0,0,0,0,0,0,0,0,0,0,0,0,0,0,0
2026-07-14T14:18:29.373+0000,14,1,0,3,0,0,0,1,0,1,4,2,6,11,212.07599997520447,0,0,0,1,0,0,0,0,0,0,0,0,0,0,0,0,0,0,0,0,1,0
2026-07-14T14:18:29.375+0000,14,1,0,3,0,0,0,1,1,2,5,3,7,12,0.002000093460083008,0,0,0,1,0,0,0,0,0,0,0,0,0,0,0,0,0,0,0,0,1,0
2026-07-14T14:18:29.377+0000,14,1,0,3,0,1,0,0,0,1,1,0,1,1,212.05700016021729,0,0,0,1,1,0,0,0,0,0,0,0,0,0,0,0,0,0,0,0,0,0
2026-07-14T14:18:29.380+0000,14,1,0,3,0,0,0,1,0,0,0,4,8,13,999,0,0,0,1,0,0,0,0,0,0,0,0,0,0,1,0,0,0,0,0,0,0
2026-07-14T14:18:29.387+0000,14,1,0,3,0,0,0,1,0,1,1,5,9,14,192.01500010490417,0,0,0,1,0,0,0,0,0,0,0,0,0,1,0,0,0,0,0,0,0,0
2026-07-14T14:18:29.388+0000,14,1,0,3,0,0,0,1,1,1,1,6,10,15,0.007999897003173828,0,0,0,1,0,0,0,0,0,0,0,0,0,0,1,0,0,0,0,0,0,0
2026-07-14T14:18:29.396+0000,14,1,0,5,0,1,0,0,0,0,0,0,0,0,999,0,0,0,1,0,0,0,0,1,0,0,0,0,0,0,0,0,0,0,0,0,0
2026-07-14T14:18:29.398+0000,14,1,0,5,0,1,0,0,1,1,1,1,1,1,0.002000093460083008,0,0,0,1,0,0,0,0,1,0,0,0,0,0,0,0,0,0,0,0,0,0
2026-07-14T14:18:29.400+0000,14,1,0,5,0,1,0,0,2,2,2,2,2,2,0.002000093460083008,0,0,0,1,0,0,0,0,1,0,0,0,0,0,0,0,0,0,0,0,0,0
2026-07-14T14:18:29.403+0000,14,1,0,5,0,1,0,0,3,3,3,3,3,3,0.003000020980834961,0,0,0,1,0,0,0,0,1,0,0,0,0,0,0,0,0,0,0,0,0,0
2026-07-14T14:18:31.372+0000,14,1,0,5,0,1,0,0,0,0,0,4,4,4,999,0,0,0,1,0,0,0,0,0,0,0,1,0,0,0,0,0,0,0,0,0,0
2026-07-14T14:18:31.375+0000,14,1,0,5,0,1,0,0,1,1,1,5,5,5,0.003000020980834961,0,0,0,1,0,0,0,0,0,0,0,1,0,0,0,0,0,0,0,0,0,0
2026-07-14T14:18:31.377+0000,14,1,0,5,0,1,0,0,2,2,2,6,6,6,0.002000093460083008,0,0,0,1,0,0,0,0,0,0,0,1,0,0,0,0,0,0,0,0,0,0
2026-07-14T14:18:31.380+0000,14,1,0,5,0,1,0,0,3,3,3,7,7,7,0.003000020980834961,0,0,0,1,0,0,0,0,0,0,0,1,0,0,0,0,0,0,0,0,0,0
2026-07-14T14:18:34.819+0000,14,1,0,5,0,0,0,1,0,1,3,7,11,16,132.51699995994568,0,0,0,1,0,0,0,0,0,0,0,0,1,0,0,0,0,0,0,0,0,0
2026-07-14T14:18:35.374+0000,14,1,0,5,0,1,0,0,4,4,4,8,8,8,3.99399995803833,0,0,0,1,0,0,0,0,0,0,0,1,0,0,0,0,0,0,0,0,0,0
2026-07-14T14:18:35.418+0000,14,1,0,5,0,1,0,0,5,5,5,9,9,9,0.04399991035461426,0,0,0,1,0,0,0,0,0,0,0,1,0,0,0,0,0,0,0,0,0,0
2026-07-14T14:18:35.419+0000,14,1,0,5,0,1,0,0,6,6,6,10,10,10,0.0009999275207519531,0,0,0,1,0,0,0,0,0,0,0,1,0,0,0,0,0,0,0,0,0,0
2026-07-14T14:18:35.419+0000,14,1,0,10,0,1,0,0,0,0,0,11,11,11,999,0,0,0,1,0,0,0,0,0,0,0,0,0,0,0,0,0,0,0,0,0,1
2026-07-14T14:18:37.376+0000,14,1,0,5,0,1,0,0,7,7,7,12,12,12,1.9570000171661377,0,0,0,1,0,0,0,0,0,0,0,1,0,0,0,0,0,0,0,0,0,0
2026-07-14T14:18:37.377+0000,14,1,0,5,0,1,0,0,8,8,8,13,13,13,0.0010001659393310547,0,0,0,1,0,0,0,0,0,0,0,1,0,0,0,0,0,0,0,0,0,0
2026-07-14T14:18:37.382+0000,14,1,0,5,0,1,0,0,9,9,9,14,14,14,0.004999876022338867,0,0,0,1,0,0,0,0,0,0,0,1,0,0,0,0,0,0,0,0,0,0
2026-07-14T14:18:37.382+0000,14,1,0,5,0,1,0,0,10,10,10,15,15,15,0.0,0,0,0,1,0,0,0,0,0,0,0,1,0,0,0,0,0,0,0,0,0,0
2026-07-14T14:19:50.979+0000,14,1,0,5,0,0,0,1,0,2,4,0,12,17,76.16000008583069,0,0,0,0,0,0,0,0,0,0,0,0,1,0,0,0,0,0,0,0,0,0
2026-07-14T14:21:29.245+0000,14,1,0,5,0,0,0,1,0,2,5,0,9,18,98.26599979400635,0,0,0,0,0,0,0,0,0,0,0,0,1,0,0,0,0,0,0,0,0,0
2026-07-14T14:28:54.612+0000,14,1,0,5,0,0,0,1,0,0,4,0,0,14,445.3670001029968,0,0,0,0,0,0,0,0,0,0,0,0,1,0,0,0,0,0,0,0,0,0
2026-07-14T14:30:54.708+0000,14,1,0,5,0,0,0,1,0,1,5,0,1,12,120.09599995613098,0,0,0,0,0,0,0,0,0,0,0,0,1,0,0,0,0,0,0,0,0,0
2026-07-14T14:32:02.832+0000,14,1,0,5,0,0,0,1,0,2,5,0,2,12,68.12400007247925,0,0,0,0,0,0,0,0,0,0,0,0,1,0,0,0,0,0,0,0,0,0
2026-07-14T14:32:25.628+0000,14,1,0,3,0,0,0,1,0,0,2,1,3,13,836.2530000209808,0,0,0,0,0,0,0,0,0,0,0,0,0,0,0,0,0,0,0,0,1,0
2026-07-14T14:33:06.902+0000,14,1,0,3,0,0,0,1,0,0,1,1,4,14,877.5149998664856,0,0,0,0,0,0,0,0,0,0,0,0,0,1,0,0,0,0,0,0,0,0
2026-07-14T14:33:40.927+0000,14,1,0,5,0,0,0,1,0,3,5,1,5,7,98.09500002861023,0,0,0,0,0,0,0,0,0,0,0,0,1,0,0,0,0,0,0,0,0,0
2026-07-14T14:36:11.274+0000,14,1,0,3,0,0,0,1,0,0,0,0,4,7,999,0,0,0,0,0,0,0,0,0,0,0,0,0,0,0,0,0,0,0,1,0,0
2026-07-14T14:36:47.296+0000,14,1,0,3,0,0,0,1,0,1,1,1,5,7,220.39400005340576,0,0,0,0,0,0,0,0,0,0,0,0,0,1,0,0,0,0,0,0,0,0
2026-07-14T14:37:15.360+0000,14,1,0,3,0,0,0,1,0,1,1,1,5,8,64.08599996566772,0,0,0,0,0,0,0,0,0,0,0,0,0,0,0,0,0,0,0,1,0,0
2026-07-14T14:37:23.366+0000,14,1,0,3,0,0,0,1,1,2,2,2,6,9,8.00600004196167,0,0,0,0,0,0,0,0,0,0,0,0,0,0,0,0,0,0,0,1,0,0
2026-07-14T14:37:35.370+0000,14,1,0,3,0,0,0,1,0,0,0,3,6,10,999,0,0,0,0,0,0,0,0,0,0,0,0,0,0,1,0,0,0,0,0,0,0
2026-07-14T14:38:12.729+0000,14,1,0,3,0,0,0,1,0,0,0,3,6,11,999,0,0,0,0,0,0,0,0,0,1,0,0,0,0,0,0,0,0,0,0,0,0
2026-07-14T14:39:31.589+0000,14,1,0,3,0,0,0,1,0,3,3,0,6,12,128.22300004959106,0,0,0,0,0,0,0,0,0,0,0,0,0,0,0,0,0,0,0,1,0,0
2026-07-14T14:40:03.736+0000,14,1,0,3,0,0,0,1,0,1,1,1,7,13,148.36600017547607,0,0,0,0,0,0,0,0,0,0,0,0,0,0,1,0,0,0,0,0,0,0
2026-07-14T14:40:27.757+0000,14,1,0,3,0,0,0,1,0,1,2,2,8,14,220.46099996566772,0,0,0,0,0,0,0,0,0,0,0,0,0,1,0,0,0,0,0,0,0,0
2026-07-14T14:40:37.769+0000,14,1,0,5,0,0,0,1,0,0,4,2,9,15,416.8420000076294,0,0,0,0,0,0,0,0,0,0,0,0,1,0,0,0,0,0,0,0,0,0
2026-07-14T14:41:01.788+0000,14,1,0,3,0,0,0,1,1,2,3,3,10,16,34.0310001373291,0,0,0,0,0,0,0,0,0,0,0,0,0,1,0,0,0,0,0,0,0,0
2026-07-14T14:41:01.788+0000,14,1,0,3,0,0,0,1,2,3,4,4,11,17,0.0,0,0,0,0,0,0,0,0,0,0,0,0,0,1,0,0,0,0,0,0,0,0
2026-07-14T14:41:01.788+0000,14,1,0,3,0,0,0,1,1,2,2,5,12,18,58.05200004577637,0,0,0,0,0,0,0,0,0,0,0,0,0,0,1,0,0,0,0,0,0,0
2026-07-14T14:41:25.945+0000,14,1,0,3,0,0,0,1,1,3,3,5,12,19,24.156999826431274,0,0,0,0,0,0,0,0,0,0,0,0,0,0,1,0,0,0,0,0,0,0
2026-07-14T14:41:27.814+0000,14,1,0,3,0,0,0,1,0,3,4,5,13,20,116.22499990463257,0,0,0,0,0,0,0,0,0,0,0,0,0,0,0,0,0,0,0,1,0,0
2026-07-14T14:41:47.814+0000,14,1,0,3,0,0,0,1,2,4,4,5,13,21,21.86899995803833,0,0,0,0,0,0,0,0,0,0,0,0,0,0,1,0,0,0,0,0,0,0
2026-07-14T14:41:47.825+0000,14,1,0,3,0,0,0,1,3,5,5,6,14,22,0.01100015640258789,0,0,0,0,0,0,0,0,0,0,0,0,0,0,1,0,0,0,0,0,0,0
2026-07-14T14:43:11.859+0000,14,1,0,3,0,1,0,0,0,0,0,0,0,0,999,0,0,0,0,1,0,0,0,0,0,0,0,0,0,0,0,0,0,0,0,0,0
2026-07-14T14:43:37.848+0000,14,1,0,3,0,0,0,1,0,5,6,0,11,23,110.02300000190735,0,0,0,0,0,0,0,0,0,0,0,0,0,0,1,0,0,0,0,0,0,0
2026-07-14T14:45:01.953+0000,14,1,0,3,0,0,0,1,0,0,1,0,11,23,756.3250000476837,0,0,0,0,0,0,0,0,0,0,0,0,0,0,0,0,0,0,0,0,1,0
2026-07-14T14:50:21.661+0000,14,1,0,3,0,0,0,1,0,0,4,0,0,19,559.8729999065399,0,0,0,0,0,0,0,0,0,0,0,0,0,1,0,0,0,0,0,0,0,0
2026-07-14T14:51:54.385+0000,14,1,0,3,0,0,0,1,0,0,1,0,1,18,412.4319999217987,0,0,0,0,0,0,0,0,0,0,0,0,0,0,0,0,0,0,0,0,1,0
2026-07-14T14:56:06.486+0000,14,1,0,3,0,1,0,0,0,0,1,0,0,0,774.6270000934601,0,0,0,0,1,0,0,0,0,0,0,0,0,0,0,0,0,0,0,0,0,0
2026-07-14T14:56:46.492+0000,14,1,0,3,0,0,0,1,0,1,2,0,1,6,292.10700011253357,0,0,0,1,0,0,0,0,0,0,0,0,0,0,0,0,0,0,0,0,1,0
2026-07-14T14:56:46.533+0000,14,1,0,3,0,0,0,1,1,2,3,1,2,7,0.0409998893737793,0,0,0,1,0,0,0,0,0,0,0,0,0,0,0,0,0,0,0,0,1,0
2026-07-14T14:57:58.553+0000,14,1,0,5,0,1,0,0,0,0,0,0,1,1,999,0,0,0,1,0,0,0,0,1,0,0,0,0,0,0,0,0,0,0,0,0,0
2026-07-14T14:57:58.558+0000,14,1,0,5,0,1,0,0,1,1,1,1,2,2,0.005000114440917969,0,0,0,1,0,0,0,0,1,0,0,0,0,0,0,0,0,0,0,0,0,0
2026-07-14T14:57:58.561+0000,14,1,0,5,0,1,0,0,2,2,2,2,3,3,0.003000020980834961,0,0,0,1,0,0,0,0,1,0,0,0,0,0,0,0,0,0,0,0,0,0
2026-07-14T14:57:58.566+0000,14,1,0,5,0,1,0,0,3,3,3,3,4,4,0.004999876022338867,0,0,0,1,0,0,0,0,1,0,0,0,0,0,0,0,0,0,0,0,0,0
2026-07-14T14:58:00.552+0000,14,1,0,5,0,1,0,0,0,0,0,4,5,5,999,0,0,0,1,0,0,0,0,0,0,0,1,0,0,0,0,0,0,0,0,0,0
2026-07-14T14:58:00.554+0000,14,1,0,5,0,1,0,0,1,1,1,5,6,6,0.0019998550415039062,0,0,0,1,0,0,0,0,0,0,0,1,0,0,0,0,0,0,0,0,0,0
2026-07-14T14:58:00.558+0000,14,1,0,5,0,1,0,0,2,2,2,6,7,7,0.004000186920166016,0,0,0,1,0,0,0,0,0,0,0,1,0,0,0,0,0,0,0,0,0,0
2026-07-14T14:58:00.559+0000,14,1,0,5,0,1,0,0,3,3,3,7,8,8,0.0009999275207519531,0,0,0,1,0,0,0,0,0,0,0,1,0,0,0,0,0,0,0,0,0,0
2026-07-14T14:58:02.556+0000,14,1,0,5,0,1,0,0,4,4,4,8,9,9,1.996999979019165,0,0,0,1,0,0,0,0,0,0,0,1,0,0,0,0,0,0,0,0,0,0
2026-07-14T14:58:02.556+0000,14,1,0,5,0,1,0,0,5,5,5,9,10,10,0.0,0,0,0,1,0,0,0,0,0,0,0,1,0,0,0,0,0,0,0,0,0,0
2026-07-14T14:58:02.559+0000,14,1,0,5,0,1,0,0,6,6,6,10,11,11,0.003000020980834961,0,0,0,1,0,0,0,0,0,0,0,1,0,0,0,0,0,0,0,0,0,0
2026-07-14T14:58:02.562+0000,14,1,0,10,0,1,0,0,0,0,0,11,12,12,999,0,0,0,1,0,0,0,0,0,0,0,0,0,0,0,0,0,0,0,0,0,1
2026-07-14T14:58:04.557+0000,14,1,0,12,0,1,0,0,0,0,0,12,13,13,999,0,0,0,0,0,0,0,0,0,0,0,0,0,0,0,0,0,0,1,0,0,0
2026-07-14T14:58:24.592+0000,14,1,0,10,0,1,0,0,0,0,0,13,14,14,999,0,0,0,1,0,0,0,0,0,0,0,0,0,0,0,0,1,0,0,0,0,0
2026-07-14T14:58:24.592+0000,14,1,0,5,0,1,0,0,4,4,4,14,15,15,26.026000022888184,0,0,0,1,0,0,0,0,1,0,0,0,0,0,0,0,0,0,0,0,0,0
2026-07-14T14:58:24.593+0000,14,1,0,3,0,0,0,1,0,2,4,0,2,6,98.05999994277954,0,0,0,1,0,0,0,0,0,0,0,0,0,0,0,0,0,0,0,0,1,0
2026-07-14T14:58:24.593+0000,14,1,0,5,0,1,0,0,5,5,5,15,16,16,0.0009999275207519531,0,0,0,1,0,0,0,0,1,0,0,0,0,0,0,0,0,0,0,0,0,0
2026-07-14T14:58:24.593+0000,14,1,0,5,0,1,0,0,6,6,6,16,17,17,0.0,0,0,0,1,0,0,0,0,1,0,0,0,0,0,0,0,0,0,0,0,0,0
2026-07-14T14:58:24.634+0000,14,1,0,3,0,0,0,1,1,3,5,1,3,7,0.0410001277923584,0,0,0,1,0,0,0,0,0,0,0,0,0,0,0,0,0,0,0,0,1,0
2026-07-14T14:58:26.599+0000,14,1,0,3,0,0,0,1,0,0,0,2,4,8,999,0,0,0,0,0,0,0,0,0,0,0,0,0,0,0,0,0,0,0,1,0,0
2026-07-14T14:58:28.580+0000,14,1,0,5,0,1,0,0,7,7,7,17,18,18,26.020999908447266,0,0,0,0,0,0,0,0,0,0,0,1,0,0,0,0,0,0,0,0,0,0
2026-07-14T14:59:42.661+0000,14,1,0,3,0,0,0,1,0,0,1,0,5,8,561.0,0,0,0,0,0,0,0,0,0,0,0,0,0,1,0,0,0,0,0,0,0,0
2026-07-14T14:59:42.683+0000,14,1,0,3,0,0,0,1,0,0,0,1,6,9,999,0,0,0,0,0,0,0,0,0,0,0,0,0,0,1,0,0,0,0,0,0,0
2026-07-14T14:59:42.721+0000,14,1,0,3,0,0,0,1,0,1,1,2,7,10,76.12199997901917,0,0,0,0,0,0,0,0,0,0,0,0,0,0,0,0,0,0,0,1,0,0
2026-07-14T14:59:50.160+0000,14,1,0,3,0,0,0,1,1,2,2,3,8,11,7.439000129699707,0,0,0,0,0,0,0,0,0,0,0,0,0,0,0,0,0,0,0,1,0,0
2026-07-14T15:02:42.703+0000,15,1,0,3,0,0,0,1,0,2,5,0,7,11,258.06900000572205,0,0,0,0,0,0,0,0,0,0,0,0,0,0,0,0,0,0,0,0,1,0
2026-07-14T15:03:06.704+0000,15,1,0,3,0,0,0,1,1,3,6,1,8,12,24.000999927520752,0,0,0,0,0,0,0,0,0,0,0,0,0,0,0,0,0,0,0,0,1,0
2026-07-14T15:07:30.793+0000,15,1,0,3,0,0,0,1,0,2,6,0,2,11,264.08899998664856,0,0,0,0,0,0,0,0,0,0,0,0,0,0,0,0,0,0,0,0,1,0
2026-07-14T15:09:30.885+0000,15,1,0,3,0,0,0,1,0,1,7,0,1,12,120.0920000076294,0,0,0,0,0,0,0,0,0,0,0,0,0,0,0,0,0,0,0,0,1,0
2026-07-14T15:09:30.885+0000,15,1,0,3,0,0,0,1,1,2,8,1,2,13,0.0,0,0,0,0,0,0,0,0,0,0,0,0,0,0,0,0,0,0,0,0,1,0
2026-07-14T15:10:20.869+0000,15,1,0,3,0,0,0,1,0,0,1,2,3,14,638.2079999446869,0,0,0,0,0,0,0,0,0,0,0,0,0,1,0,0,0,0,0,0,0,0
2026-07-14T15:10:44.879+0000,15,1,0,3,0,1,0,0,0,0,1,0,0,19,878.3929998874664,0,0,0,0,1,0,0,0,0,0,0,0,0,0,0,0,0,0,0,0,0,0
2026-07-14T15:13:04.924+0000,15,1,0,5,0,1,0,0,0,0,3,0,1,6,880.3310000896454,0,0,0,0,0,0,0,0,1,0,0,0,0,0,0,0,0,0,0,0,0,0
2026-07-14T15:14:56.946+0000,15,1,0,3,0,0,0,1,0,0,5,0,1,6,326.0610001087189,0,0,0,0,0,0,0,0,0,0,0,0,0,0,0,0,0,0,0,0,1,0
2026-07-14T15:15:38.964+0000,15,1,0,3,0,0,0,1,0,0,0,1,1,7,999,0,0,0,0,0,0,0,0,0,0,0,0,0,0,0,0,0,0,0,1,0,0
2026-07-14T15:18:11.024+0000,15,1,0,3,0,0,0,1,0,1,4,0,2,6,194.07799983024597,0,0,0,1,0,0,0,0,0,0,0,0,0,0,0,0,0,0,0,0,1,0
2026-07-14T15:18:11.025+0000,15,1,0,3,0,0,0,1,1,2,5,1,3,7,0.0010001659393310547,0,0,0,1,0,0,0,0,0,0,0,0,0,0,0,0,0,0,0,0,1,0
2026-07-14T15:18:11.030+0000,15,1,0,3,0,0,0,1,2,3,6,2,4,8,0.004999876022338867,0,0,0,1,0,0,0,0,0,0,0,0,0,0,0,0,0,0,0,0,1,0
2026-07-14T15:18:11.034+0000,15,1,0,3,0,1,0,0,0,0,1,0,0,0,446.15499997138977,0,0,0,1,1,0,0,0,0,0,0,0,0,0,0,0,0,0,0,0,0,0
2026-07-14T15:18:11.036+0000,15,1,0,3,0,0,0,1,0,0,0,3,5,9,999,0,0,0,1,0,0,0,0,0,0,0,0,0,0,1,0,0,0,0,0,0,0
2026-07-14T15:18:11.052+0000,15,1,0,3,0,0,0,1,0,0,1,4,6,10,470.18300008773804,0,0,0,1,0,0,0,0,0,0,0,0,0,1,0,0,0,0,0,0,0,0
2026-07-14T15:18:11.055+0000,15,1,0,3,0,0,0,1,1,1,1,5,7,11,0.01900005340576172,0,0,0,1,0,0,0,0,0,0,0,0,0,0,1,0,0,0,0,0,0,0
2026-07-14T15:18:11.060+0000,15,1,0,3,0,0,0,1,0,1,1,6,8,12,152.09599995613098,0,0,0,1,0,0,0,0,0,0,0,0,0,0,0,0,0,0,0,1,0,0
2026-07-14T15:18:11.065+0000,15,1,0,3,0,0,0,1,1,2,2,7,9,13,0.005000114440917969,0,0,0,1,0,0,0,0,0,0,0,0,0,0,0,0,0,0,0,1,0,0
2026-07-14T15:18:11.074+0000,15,1,0,3,0,1,0,0,1,1,2,1,1,1,0.039999961853027344,0,0,0,1,1,0,0,0,0,0,0,0,0,0,0,0,0,0,0,0,0,0
2026-07-14T15:18:11.076+0000,15,1,0,3,0,0,0,1,2,2,2,8,10,14,0.020999908447265625,0,0,0,1,0,0,0,0,0,0,0,0,0,0,1,0,0,0,0,0,0,0
2026-07-14T15:18:11.083+0000,15,1,0,3,0,0,0,1,1,1,2,9,11,15,0.03099989891052246,0,0,0,1,0,0,0,0,0,0,0,0,0,1,0,0,0,0,0,0,0,0
2026-07-14T15:18:11.088+0000,15,1,0,3,0,0,0,1,2,3,3,10,12,16,0.023000001907348633,0,0,0,1,0,0,0,0,0,0,0,0,0,0,0,0,0,0,0,1,0,0
2026-07-14T15:18:11.088+0000,15,1,0,3,0,0,0,1,3,3,3,11,13,17,0.012000083923339844,0,0,0,1,0,0,0,0,0,0,0,0,0,0,1,0,0,0,0,0,0,0
2026-07-14T15:18:11.094+0000,15,1,0,3,0,0,0,1,3,4,4,12,14,18,0.006000041961669922,0,0,0,1,0,0,0,0,0,0,0,0,0,0,0,0,0,0,0,1,0,0
2026-07-14T15:18:13.023+0000,15,1,0,3,0,0,0,1,3,4,7,13,15,19,1.9930000305175781,0,0,0,1,0,0,0,0,0,0,0,0,0,0,0,0,0,0,0,0,1,0
2026-07-14T15:18:13.025+0000,15,1,0,3,0,0,0,1,4,5,8,14,16,20,0.002000093460083008,0,0,0,1,0,0,0,0,0,0,0,0,0,0,0,0,0,0,0,0,1,0
2026-07-14T15:18:13.027+0000,15,1,0,3,0,0,0,1,5,6,9,15,17,21,0.0019998550415039062,0,0,0,1,0,0,0,0,0,0,0,0,0,0,0,0,0,0,0,0,1,0
2026-07-14T15:18:13.029+0000,15,1,0,3,0,0,0,1,6,7,10,16,18,22,0.002000093460083008,0,0,0,1,0,0,0,0,0,0,0,0,0,0,0,0,0,0,0,0,1,0
2026-07-14T15:18:13.032+0000,15,1,0,3,0,0,0,1,7,8,11,17,19,23,0.003000020980834961,0,0,0,1,0,0,0,0,0,0,0,0,0,0,0,0,0,0,0,0,1,0
2026-07-14T15:18:13.034+0000,15,1,0,3,0,0,0,1,8,9,12,18,20,24,0.0019998550415039062,0,0,0,1,0,0,0,0,0,0,0,0,0,0,0,0,0,0,0,0,1,0
2026-07-14T15:18:13.039+0000,15,1,0,3,0,0,0,1,9,10,13,19,21,25,0.005000114440917969,0,0,0,1,0,0,0,0,0,0,0,0,0,0,0,0,0,0,0,0,1,0
2026-07-14T15:18:13.040+0000,15,1,0,3,0,0,0,1,10,11,14,20,22,26,0.0009999275207519531,0,0,0,1,0,0,0,0,0,0,0,0,0,0,0,0,0,0,0,0,1,0
2026-07-14T15:18:13.043+0000,15,1,0,3,0,0,0,1,11,12,15,21,23,27,0.003000020980834961,0,0,0,1,0,0,0,0,0,0,0,0,0,0,0,0,0,0,0,0,1,0
2026-07-14T15:18:13.045+0000,15,1,0,3,0,0,0,1,12,13,16,22,24,28,0.002000093460083008,0,0,0,1,0,0,0,0,0,0,0,0,0,0,0,0,0,0,0,0,1,0
2026-07-14T15:18:13.050+0000,15,1,0,3,0,0,0,1,13,14,17,23,25,29,0.004999876022338867,0,0,0,1,0,0,0,0,0,0,0,0,0,0,0,0,0,0,0,0,1,0
2026-07-14T15:18:13.053+0000,15,1,0,3,0,0,0,1,14,15,18,24,26,30,0.003000020980834961,0,0,0,1,0,0,0,0,0,0,0,0,0,0,0,0,0,0,0,0,1,0
2026-07-14T15:18:13.060+0000,15,1,0,3,0,0,0,1,4,4,4,25,27,31,1.9719998836517334,0,0,0,1,0,0,0,0,0,0,0,0,0,0,1,0,0,0,0,0,0,0
2026-07-14T15:18:13.060+0000,15,1,0,3,0,1,0,0,2,2,3,2,2,2,1.9860000610351562,0,0,0,1,1,0,0,0,0,0,0,0,0,0,0,0,0,0,0,0,0,0
2026-07-14T15:18:13.067+0000,15,1,0,3,0,0,0,1,2,2,3,26,28,32,1.9839999675750732,0,0,0,1,0,0,0,0,0,0,0,0,0,1,0,0,0,0,0,0,0,0
2026-07-14T15:18:13.071+0000,15,1,0,3,0,0,0,1,5,5,5,27,29,33,0.01100015640258789,0,0,0,1,0,0,0,0,0,0,0,0,0,0,1,0,0,0,0,0,0,0
2026-07-14T15:18:13.074+0000,15,1,0,3,0,0,0,1,4,5,5,28,30,34,1.9799997806549072,0,0,0,1,0,0,0,0,0,0,0,0,0,0,0,0,0,0,0,1,0,0
2026-07-14T15:18:13.081+0000,15,1,0,3,0,0,0,1,5,6,6,29,31,35,0.0070002079010009766,0,0,0,1,0,0,0,0,0,0,0,0,0,0,0,0,0,0,0,1,0,0
2026-07-14T15:18:15.024+0000,15,1,0,3,0,0,0,1,15,16,19,30,32,36,1.9709999561309814,0,0,0,1,0,0,0,0,0,0,0,0,0,0,0,0,0,0,0,0,1,0
2026-07-14T15:18:15.025+0000,15,1,0,3,0,0,0,1,16,17,20,31,33,37,0.0010001659393310547,0,0,0,1,0,0,0,0,0,0,0,0,0,0,0,0,0,0,0,0,1,0
2026-07-14T15:18:15.027+0000,15,1,0,3,0,0,0,1,17,18,21,32,34,38,0.0019998550415039062,0,0,0,1,0,0,0,0,0,0,0,0,0,0,0,0,0,0,0,0,1,0
2026-07-14T15:18:15.029+0000,15,1,0,3,0,0,0,1,18,19,22,33,35,39,0.002000093460083008,0,0,0,1,0,0,0,0,0,0,0,0,0,0,0,0,0,0,0,0,1,0
2026-07-14T15:18:15.031+0000,15,1,0,3,0,0,0,1,19,20,23,34,36,40,0.0019998550415039062,0,0,0,1,0,0,0,0,0,0,0,0,0,0,0,0,0,0,0,0,1,0
2026-07-14T15:18:15.033+0000,15,1,0,3,0,0,0,1,20,21,24,35,37,41,0.002000093460083008,0,0,0,1,0,0,0,0,0,0,0,0,0,0,0,0,0,0,0,0,1,0
2026-07-14T15:18:15.037+0000,15,1,0,3,0,0,0,1,21,22,25,36,38,42,0.003999948501586914,0,0,0,1,0,0,0,0,0,0,0,0,0,0,0,0,0,0,0,0,1,0
2026-07-14T15:18:15.039+0000,15,1,0,3,0,0,0,1,22,23,26,37,39,43,0.002000093460083008,0,0,0,1,0,0,0,0,0,0,0,0,0,0,0,0,0,0,0,0,1,0
2026-07-14T15:18:15.042+0000,15,1,0,3,0,0,0,1,23,24,27,38,40,44,0.003000020980834961,0,0,0,1,0,0,0,0,0,0,0,0,0,0,0,0,0,0,0,0,1,0
2026-07-14T15:18:23.026+0000,15,1,0,3,0,0,0,1,24,25,28,39,41,45,7.983999967575073,0,0,0,1,0,0,0,0,0,0,0,0,0,0,0,0,0,0,0,0,1,0
2026-07-14T15:18:29.228+0000,15,1,0,7,0,0,0,1,0,0,0,40,42,46,999,0,0,0,1,0,0,0,1,0,0,0,0,0,0,0,0,0,0,0,0,0,0
2026-07-14T15:18:29.228+0000,15,1,0,9,0,0,0,1,0,0,0,41,43,47,999,0,0,0,1,0,0,0,0,0,0,0,0,0,0,0,0,0,1,0,0,0,0
2026-07-14T15:18:31.091+0000,15,1,0,9,0,0,0,1,1,1,1,42,44,48,1.8630001544952393,0,0,0,1,0,0,0,0,0,0,0,0,0,0,0,0,0,1,0,0,0,0
2026-07-14T15:18:46.192+0000,15,1,0,12,0,0,0,1,0,0,0,43,45,49,999,0,0,0,1,0,0,0,0,0,0,0,0,0,0,0,1,0,0,0,0,0,0
2026-07-14T15:19:24.432+0000,15,1,0,3,0,0,0,1,0,0,0,4,46,50,999,0,0,0,1,0,1,0,0,0,0,0,0,0,0,0,0,0,0,0,0,0,0
2026-07-14T15:19:29.424+0000,15,1,0,7,0,0,0,1,0,1,1,3,47,51,60.19600009918213,0,0,0,1,0,0,0,1,0,0,0,0,0,0,0,0,0,0,0,0,0,0
2026-07-14T15:19:29.438+0000,15,1,0,9,0,0,0,1,1,2,2,4,48,52,58.34699988365173,0,0,0,1,0,0,0,0,0,0,0,0,0,0,0,0,0,1,0,0,0,0
2026-07-14T15:19:34.455+0000,15,1,0,3,0,0,0,1,0,26,29,4,49,53,71.42899990081787,0,0,0,1,0,0,0,0,0,0,0,0,0,0,0,0,0,0,0,0,1,0
2026-07-14T15:19:45.465+0000,15,1,0,12,0,0,0,1,1,1,1,5,50,54,59.27300000190735,0,0,0,1,0,0,0,0,0,0,0,0,0,0,0,1,0,0,0,0,0,0
2026-07-14T15:20:01.465+0000,15,1,0,9,0,0,0,1,1,3,3,5,50,55,32.026999950408936,0,0,0,1,0,0,0,0,0,0,0,0,0,0,0,0,0,1,0,0,0,0
2026-07-14T15:20:16.571+0000,15,1,0,12,0,0,0,1,1,2,2,6,51,56,31.106000185012817,0,0,0,1,0,0,0,0,0,0,0,0,0,0,0,1,0,0,0,0,0,0
2026-07-14T15:21:14.505+0000,15,1,0,3,0,0,0,1,0,26,30,1,51,57,100.05000019073486,0,0,0,1,0,0,0,0,0,0,0,0,0,0,0,0,0,0,0,0,1,0
2026-07-14T15:21:29.524+0000,15,1,0,9,0,0,0,1,0,4,4,1,52,58,88.05900001525879,0,0,0,1,0,0,0,0,0,0,0,0,0,0,0,0,0,1,0,0,0,0
2026-07-14T15:21:33.967+0000,15,1,0,9,0,0,0,1,1,5,5,2,53,59,4.443000078201294,0,0,0,1,0,0,0,0,0,0,0,0,0,0,0,0,0,1,0,0,0,0
2026-07-14T15:21:44.623+0000,15,1,0,3,0,1,0,0,0,3,4,0,3,3,211.56299996376038,0,0,0,1,1,0,0,0,0,0,0,0,0,0,0,0,0,0,0,0,0,0
2026-07-14T15:21:44.630+0000,15,1,0,3,0,0,0,1,0,6,6,3,54,60,211.5590000152588,0,0,0,1,0,0,0,0,0,0,0,0,0,0,1,0,0,0,0,0,0,0
2026-07-14T15:21:44.653+0000,15,1,0,3,0,0,0,1,0,6,7,4,55,61,211.57200002670288,0,0,0,1,0,0,0,0,0,0,0,0,0,0,0,0,0,0,0,1,0,0
2026-07-14T15:21:44.653+0000,15,1,0,3,0,0,0,1,1,7,8,5,56,62,0.0,0,0,0,1,0,0,0,0,0,0,0,0,0,0,0,0,0,0,0,1,0,0
2026-07-14T15:21:44.653+0000,15,1,0,3,0,0,0,1,0,3,4,6,57,63,211.5860002040863,0,0,0,1,0,0,0,0,0,0,0,0,0,1,0,0,0,0,0,0,0,0
2026-07-14T15:21:44.653+0000,15,1,0,3,0,0,0,1,1,7,7,7,58,64,0.023000001907348633,0,0,0,1,0,0,0,0,0,0,0,0,0,0,1,0,0,0,0,0,0,0
2026-07-14T15:21:49.054+0000,15,1,0,12,0,0,0,1,0,3,3,8,59,65,92.48299980163574,0,0,0,1,0,0,0,0,0,0,0,0,0,0,0,1,0,0,0,0,0,0
2026-07-14T15:24:08.105+0000,15,1,0,3,0,0,0,1,0,2,30,0,16,65,173.59999990463257,0,0,0,0,0,0,0,0,0,0,0,0,0,0,0,0,0,0,0,0,1,0
2026-07-14T15:24:49.646+0000,15,1,0,3,0,0,0,1,1,2,29,1,12,64,41.54099988937378,0,0,0,0,0,0,0,0,0,0,0,0,0,0,0,0,0,0,0,0,1,0
2026-07-14T15:24:50.122+0000,15,1,0,3,0,0,0,1,2,3,30,2,13,65,0.4760000705718994,0,0,0,0,0,0,0,0,0,0,0,0,0,0,0,0,0,0,0,0,1,0
2026-07-14T15:24:50.134+0000,15,1,0,3,0,0,0,1,3,4,31,3,14,66,0.012000083923339844,0,0,0,0,0,0,0,0,0,0,0,0,0,0,0,0,0,0,0,0,1,0
2026-07-14T15:24:51.431+0000,15,1,0,3,0,0,0,1,4,5,32,4,15,67,1.2969999313354492,0,0,0,0,0,0,0,0,0,0,0,0,0,0,0,0,0,0,0,0,1,0
2026-07-14T15:24:52.729+0000,15,1,0,3,0,0,0,1,5,6,33,5,16,68,1.2980000972747803,0,0,0,0,0,0,0,0,0,0,0,0,0,0,0,0,0,0,0,0,1,0
2026-07-14T15:24:52.788+0000,15,1,0,3,0,0,0,1,6,7,34,6,17,69,0.05900001525878906,0,0,0,0,0,0,0,0,0,0,0,0,0,0,0,0,0,0,0,0,1,0
2026-07-14T15:24:53.685+0000,15,1,0,3,0,0,0,1,7,8,35,7,18,70,0.8969998359680176,0,0,0,0,0,0,0,0,0,0,0,0,0,0,0,0,0,0,0,0,1,0
2026-07-14T15:24:53.700+0000,15,1,0,3,0,0,0,1,8,9,36,8,19,71,0.015000104904174805,0,0,0,0,0,0,0,0,0,0,0,0,0,0,0,0,0,0,0,0,1,0
2026-07-14T15:24:53.703+0000,15,1,0,3,0,0,0,1,9,10,37,9,20,72,0.003000020980834961,0,0,0,0,0,0,0,0,0,0,0,0,0,0,0,0,0,0,0,0,1,0
2026-07-14T15:24:53.748+0000,15,1,0,3,0,0,0,1,10,11,38,10,21,73,0.04499983787536621,0,0,0,0,0,0,0,0,0,0,0,0,0,0,0,0,0,0,0,0,1,0
2026-07-14T15:24:53.766+0000,15,1,0,3,0,0,0,1,11,12,39,11,22,74,0.018000125885009766,0,0,0,0,0,0,0,0,0,0,0,0,0,0,0,0,0,0,0,0,1,0
2026-07-14T15:24:53.791+0000,15,1,0,3,0,0,0,1,12,13,40,12,23,75,0.02499985694885254,0,0,0,0,0,0,0,0,0,0,0,0,0,0,0,0,0,0,0,0,1,0
2026-07-14T15:24:53.848+0000,15,1,0,3,0,0,0,1,13,14,41,13,24,76,0.057000160217285156,0,0,0,0,0,0,0,0,0,0,0,0,0,0,0,0,0,0,0,0,1,0
2026-07-14T15:24:54.122+0000,15,1,0,3,0,0,0,1,14,15,42,14,25,77,0.2739999294281006,0,0,0,0,0,0,0,0,0,0,0,0,0,0,0,0,0,0,0,0,1,0
2026-07-14T15:24:54.179+0000,15,1,0,3,0,0,0,1,15,16,43,15,26,78,0.056999921798706055,0,0,0,0,0,0,0,0,0,0,0,0,0,0,0,0,0,0,0,0,1,0
2026-07-14T15:24:54.203+0000,15,1,0,3,0,0,0,1,16,17,44,16,27,79,0.024000167846679688,0,0,0,0,0,0,0,0,0,0,0,0,0,0,0,0,0,0,0,0,1,0
2026-07-14T15:24:54.346+0000,15,1,0,3,0,0,0,1,17,18,45,17,28,80,0.14299988746643066,0,0,0,0,0,0,0,0,0,0,0,0,0,0,0,0,0,0,0,0,1,0
2026-07-14T15:24:54.586+0000,15,1,0,3,0,0,0,1,18,19,46,18,29,81,0.24000000953674316,0,0,0,0,0,0,0,0,0,0,0,0,0,0,0,0,0,0,0,0,1,0
2026-07-14T15:24:54.769+0000,15,1,0,3,0,0,0,1,19,20,47,19,30,82,0.1830000877380371,0,0,0,0,0,0,0,0,0,0,0,0,0,0,0,0,0,0,0,0,1,0
2026-07-14T15:24:54.809+0000,15,1,0,3,0,0,0,1,20,21,48,20,31,83,0.039999961853027344,0,0,0,0,0,0,0,0,0,0,0,0,0,0,0,0,0,0,0,0,1,0
2026-07-14T15:24:54.880+0000,15,1,0,3,0,0,0,1,21,22,49,21,32,84,0.0710000991821289,0,0,0,0,0,0,0,0,0,0,0,0,0,0,0,0,0,0,0,0,1,0
2026-07-14T15:24:54.942+0000,15,1,0,3,0,0,0,1,22,23,50,22,33,85,0.06199979782104492,0,0,0,0,0,0,0,0,0,0,0,0,0,0,0,0,0,0,0,0,1,0
2026-07-14T15:24:54.942+0000,15,1,0,3,0,0,0,1,23,24,51,23,34,86,0.0,0,0,0,0,0,0,0,0,0,0,0,0,0,0,0,0,0,0,0,0,1,0
2026-07-14T15:24:55.010+0000,15,1,0,3,0,0,0,1,24,25,52,24,35,87,0.06800007820129395,0,0,0,0,0,0,0,0,0,0,0,0,0,0,0,0,0,0,0,0,1,0
2026-07-14T15:24:55.010+0000,15,1,0,3,0,0,0,1,25,26,53,25,36,88,0.0,0,0,0,0,0,0,0,0,0,0,0,0,0,0,0,0,0,0,0,0,1,0
2026-07-14T15:24:55.051+0000,15,1,0,3,0,0,0,1,26,27,54,26,37,89,0.0410001277923584,0,0,0,0,0,0,0,0,0,0,0,0,0,0,0,0,0,0,0,0,1,0
2026-07-14T15:24:55.057+0000,15,1,0,3,0,0,0,1,27,28,55,27,38,90,0.00599980354309082,0,0,0,0,0,0,0,0,0,0,0,0,0,0,0,0,0,0,0,0,1,0
2026-07-14T15:24:55.099+0000,15,1,0,3,0,0,0,1,28,29,56,28,39,91,0.04200005531311035,0,0,0,0,0,0,0,0,0,0,0,0,0,0,0,0,0,0,0,0,1,0
2026-07-14T15:24:55.124+0000,15,1,0,3,0,0,0,1,29,30,57,29,40,92,0.02500009536743164,0,0,0,0,0,0,0,0,0,0,0,0,0,0,0,0,0,0,0,0,1,0
2026-07-14T15:24:55.145+0000,15,1,0,3,0,0,0,1,30,31,58,30,41,93,0.020999908447265625,0,0,0,0,0,0,0,0,0,0,0,0,0,0,0,0,0,0,0,0,1,0
2026-07-14T15:24:55.228+0000,15,1,0,3,0,0,0,1,31,32,59,31,42,94,0.08299994468688965,0,0,0,0,0,0,0,0,0,0,0,0,0,0,0,0,0,0,0,0,1,0
2026-07-14T15:24:55.236+0000,15,1,0,3,0,0,0,1,32,33,60,32,43,95,0.00800013542175293,0,0,0,0,0,0,0,0,0,0,0,0,0,0,0,0,0,0,0,0,1,0
2026-07-14T15:24:55.300+0000,15,1,0,3,0,0,0,1,33,34,61,33,44,96,0.06399989128112793,0,0,0,0,0,0,0,0,0,0,0,0,0,0,0,0,0,0,0,0,1,0
2026-07-14T15:24:55.332+0000,15,1,0,3,0,0,0,1,34,35,62,34,45,97,0.032000064849853516,0,0,0,0,0,0,0,0,0,0,0,0,0,0,0,0,0,0,0,0,1,0
2026-07-14T15:24:55.370+0000,15,1,0,3,0,0,0,1,35,36,63,35,46,98,0.037999868392944336,0,0,0,0,0,0,0,0,0,0,0,0,0,0,0,0,0,0,0,0,1,0
2026-07-14T15:24:55.414+0000,15,1,0,3,0,0,0,1,36,37,64,36,47,99,0.04400014877319336,0,0,0,0,0,0,0,0,0,0,0,0,0,0,0,0,0,0,0,0,1,0
2026-07-14T15:24:55.485+0000,15,1,0,3,0,0,0,1,37,38,65,37,48,100,0.0709998607635498,0,0,0,0,0,0,0,0,0,0,0,0,0,0,0,0,0,0,0,0,1,0
2026-07-14T15:24:55.512+0000,15,1,0,3,0,0,0,1,38,39,66,38,49,101,0.02700018882751465,0,0,0,0,0,0,0,0,0,0,0,0,0,0,0,0,0,0,0,0,1,0
2026-07-14T15:24:55.517+0000,15,1,0,3,0,0,0,1,39,40,67,39,50,102,0.004999876022338867,0,0,0,0,0,0,0,0,0,0,0,0,0,0,0,0,0,0,0,0,1,0
2026-07-14T15:24:55.596+0000,15,1,0,3,0,0,0,1,40,41,68,40,51,103,0.07899999618530273,0,0,0,0,0,0,0,0,0,0,0,0,0,0,0,0,0,0,0,0,1,0
2026-07-14T15:24:55.604+0000,15,1,0,3,0,0,0,1,41,42,69,41,52,104,0.00800013542175293,0,0,0,0,0,0,0,0,0,0,0,0,0,0,0,0,0,0,0,0,1,0
2026-07-14T15:24:55.840+0000,15,1,0,3,0,0,0,1,42,43,70,42,53,105,0.23599982261657715,0,0,0,0,0,0,0,0,0,0,0,0,0,0,0,0,0,0,0,0,1,0
2026-07-14T15:24:55.843+0000,15,1,0,3,0,0,0,1,43,44,71,43,54,106,0.003000020980834961,0,0,0,0,0,0,0,0,0,0,0,0,0,0,0,0,0,0,0,0,1,0
2026-07-14T15:24:55.863+0000,15,1,0,3,0,0,0,1,44,45,72,44,55,107,0.019999980926513672,0,0,0,0,0,0,0,0,0,0,0,0,0,0,0,0,0,0,0,0,1,0
2026-07-14T15:24:55.984+0000,15,1,0,3,0,0,0,1,45,46,73,45,56,108,0.12100005149841309,0,0,0,0,0,0,0,0,0,0,0,0,0,0,0,0,0,0,0,0,1,0
2026-07-14T15:24:56.092+0000,15,1,0,3,0,0,0,1,46,47,74,46,57,109,0.10800004005432129,0,0,0,0,0,0,0,0,0,0,0,0,0,0,0,0,0,0,0,0,1,0
2026-07-14T15:24:56.094+0000,15,1,0,3,0,0,0,1,47,48,75,47,58,110,0.002000093460083008,0,0,0,0,0,0,0,0,0,0,0,0,0,0,0,0,0,0,0,0,1,0
2026-07-14T15:24:56.095+0000,15,1,0,3,0,0,0,1,48,49,76,48,59,111,0.0009999275207519531,0,0,0,0,0,0,0,0,0,0,0,0,0,0,0,0,0,0,0,0,1,0
2026-07-14T15:24:56.095+0000,15,1,0,3,0,0,0,1,49,50,77,49,60,112,0.0,0,0,0,0,0,0,0,0,0,0,0,0,0,0,0,0,0,0,0,0,1,0
2026-07-14T15:24:56.207+0000,15,1,0,3,0,0,0,1,50,51,78,50,61,113,0.1119999885559082,0,0,0,0,0,0,0,0,0,0,0,0,0,0,0,0,0,0,0,0,1,0
2026-07-14T15:24:56.217+0000,15,1,0,3,0,0,0,1,51,52,79,51,62,114,0.009999990463256836,0,0,0,0,0,0,0,0,0,0,0,0,0,0,0,0,0,0,0,0,1,0
2026-07-14T15:24:56.250+0000,15,1,0,3,0,0,0,1,52,53,80,52,63,115,0.03299999237060547,0,0,0,0,0,0,0,0,0,0,0,0,0,0,0,0,0,0,0,0,1,0
2026-07-14T15:24:56.263+0000,15,1,0,3,0,0,0,1,53,54,81,53,64,116,0.013000011444091797,0,0,0,0,0,0,0,0,0,0,0,0,0,0,0,0,0,0,0,0,1,0
2026-07-14T15:24:56.263+0000,15,1,0,3,0,0,0,1,54,55,82,54,65,117,0.0,0,0,0,0,0,0,0,0,0,0,0,0,0,0,0,0,0,0,0,0,1,0
2026-07-14T15:24:56.272+0000,15,1,0,3,0,0,0,1,55,56,83,55,66,118,0.009000062942504883,0,0,0,0,0,0,0,0,0,0,0,0,0,0,0,0,0,0,0,0,1,0
2026-07-14T15:24:56.336+0000,15,1,0,3,0,0,0,1,56,57,84,56,67,119,0.06399989128112793,0,0,0,0,0,0,0,0,0,0,0,0,0,0,0,0,0,0,0,0,1,0
2026-07-14T15:24:56.365+0000,15,1,0,3,0,0,0,1,57,58,85,57,68,120,0.029000043869018555,0,0,0,0,0,0,0,0,0,0,0,0,0,0,0,0,0,0,0,0,1,0
2026-07-14T15:24:56.373+0000,15,1,0,3,0,0,0,1,58,59,86,58,69,121,0.007999897003173828,0,0,0,0,0,0,0,0,0,0,0,0,0,0,0,0,0,0,0,0,1,0
2026-07-14T15:24:56.566+0000,15,1,0,3,0,0,0,1,59,60,87,59,70,122,0.19300007820129395,0,0,0,0,0,0,0,0,0,0,0,0,0,0,0,0,0,0,0,0,1,0
2026-07-14T15:24:56.590+0000,15,1,0,3,0,0,0,1,60,61,88,60,71,123,0.023999929428100586,0,0,0,0,0,0,0,0,0,0,0,0,0,0,0,0,0,0,0,0,1,0
2026-07-14T15:24:56.590+0000,15,1,0,3,0,0,0,1,61,62,89,61,72,124,0.0,0,0,0,0,0,0,0,0,0,0,0,0,0,0,0,0,0,0,0,0,1,0
2026-07-14T15:24:56.595+0000,15,1,0,3,0,0,0,1,62,63,90,62,73,125,0.005000114440917969,0,0,0,0,0,0,0,0,0,0,0,0,0,0,0,0,0,0,0,0,1,0
2026-07-14T15:24:56.639+0000,15,1,0,3,0,0,0,1,63,64,91,63,74,126,0.04399991035461426,0,0,0,0,0,0,0,0,0,0,0,0,0,0,0,0,0,0,0,0,1,0
2026-07-14T15:24:56.647+0000,15,1,0,3,0,0,0,1,64,65,92,64,75,127,0.00800013542175293,0,0,0,0,0,0,0,0,0,0,0,0,0,0,0,0,0,0,0,0,1,0
2026-07-14T15:24:56.674+0000,15,1,0,3,0,0,0,1,65,66,93,65,76,128,0.026999950408935547,0,0,0,0,0,0,0,0,0,0,0,0,0,0,0,0,0,0,0,0,1,0
2026-07-14T15:24:56.748+0000,15,1,0,3,0,0,0,1,66,67,94,66,77,129,0.07399988174438477,0,0,0,0,0,0,0,0,0,0,0,0,0,0,0,0,0,0,0,0,1,0
2026-07-14T15:24:56.749+0000,15,1,0,3,0,0,0,1,67,68,95,67,78,130,0.0010001659393310547,0,0,0,0,0,0,0,0,0,0,0,0,0,0,0,0,0,0,0,0,1,0
2026-07-14T15:24:56.877+0000,15,1,0,3,0,0,0,1,68,69,96,68,79,131,0.12800002098083496,0,0,0,0,0,0,0,0,0,0,0,0,0,0,0,0,0,0,0,0,1,0
2026-07-14T15:24:56.983+0000,15,1,0,3,0,0,0,1,69,70,97,69,80,132,0.10599994659423828,0,0,0,0,0,0,0,0,0,0,0,0,0,0,0,0,0,0,0,0,1,0
2026-07-14T15:24:56.989+0000,15,1,0,3,0,0,0,1,70,71,98,70,81,133,0.006000041961669922,0,0,0,0,0,0,0,0,0,0,0,0,0,0,0,0,0,0,0,0,1,0
2026-07-14T15:24:57.197+0000,15,1,0,3,0,0,0,1,71,72,99,71,82,134,0.20799994468688965,0,0,0,0,0,0,0,0,0,0,0,0,0,0,0,0,0,0,0,0,1,0
2026-07-14T15:24:57.211+0000,15,1,0,3,0,0,0,1,72,73,100,72,83,135,0.01399993896484375,0,0,0,0,0,0,0,0,0,0,0,0,0,0,0,0,0,0,0,0,1,0
2026-07-14T15:24:57.357+0000,15,1,0,3,0,0,0,1,73,74,101,73,84,136,0.14600014686584473,0,0,0,0,0,0,0,0,0,0,0,0,0,0,0,0,0,0,0,0,1,0
2026-07-14T15:24:57.548+0000,15,1,0,3,0,0,0,1,74,75,102,74,85,137,0.19099998474121094,0,0,0,0,0,0,0,0,0,0,0,0,0,0,0,0,0,0,0,0,1,0
2026-07-14T15:24:57.549+0000,15,1,0,3,0,0,0,1,75,76,103,75,86,138,0.0009999275207519531,0,0,0,0,0,0,0,0,0,0,0,0,0,0,0,0,0,0,0,0,1,0
2026-07-14T15:24:57.549+0000,15,1,0,3,0,0,0,1,76,77,104,76,87,139,0.0,0,0,0,0,0,0,0,0,0,0,0,0,0,0,0,0,0,0,0,0,1,0
2026-07-14T15:24:57.549+0000,15,1,0,3,0,0,0,1,77,78,105,77,88,140,0.0,0,0,0,0,0,0,0,0,0,0,0,0,0,0,0,0,0,0,0,0,1,0
2026-07-14T15:24:57.549+0000,15,1,0,3,0,0,0,1,78,79,106,78,89,141,0.0,0,0,0,0,0,0,0,0,0,0,0,0,0,0,0,0,0,0,0,0,1,0
2026-07-14T15:24:57.549+0000,15,1,0,3,0,0,0,1,79,80,107,79,90,142,0.0,0,0,0,0,0,0,0,0,0,0,0,0,0,0,0,0,0,0,0,0,1,0
2026-07-14T15:24:57.549+0000,15,1,0,3,0,0,0,1,80,81,108,80,91,143,0.0,0,0,0,0,0,0,0,0,0,0,0,0,0,0,0,0,0,0,0,0,1,0
2026-07-14T15:24:57.550+0000,15,1,0,3,0,0,0,1,81,82,109,81,92,144,0.0009999275207519531,0,0,0,0,0,0,0,0,0,0,0,0,0,0,0,0,0,0,0,0,1,0
2026-07-14T15:24:57.553+0000,15,1,0,3,0,0,0,1,82,83,110,82,93,145,0.003000020980834961,0,0,0,0,0,0,0,0,0,0,0,0,0,0,0,0,0,0,0,0,1,0
2026-07-14T15:24:57.600+0000,15,1,0,3,0,0,0,1,83,84,111,83,94,146,0.04699993133544922,0,0,0,0,0,0,0,0,0,0,0,0,0,0,0,0,0,0,0,0,1,0
2026-07-14T15:24:57.635+0000,15,1,0,3,0,0,0,1,84,85,112,84,95,147,0.03500008583068848,0,0,0,0,0,0,0,0,0,0,0,0,0,0,0,0,0,0,0,0,1,0
2026-07-14T15:24:57.635+0000,15,1,0,3,0,0,0,1,85,86,113,85,96,148,0.0,0,0,0,0,0,0,0,0,0,0,0,0,0,0,0,0,0,0,0,0,1,0
2026-07-14T15:24:57.639+0000,15,1,0,3,0,0,0,1,86,87,114,86,97,149,0.003999948501586914,0,0,0,0,0,0,0,0,0,0,0,0,0,0,0,0,0,0,0,0,1,0
2026-07-14T15:24:57.702+0000,15,1,0,3,0,0,0,1,87,88,115,87,98,150,0.06299996376037598,0,0,0,0,0,0,0,0,0,0,0,0,0,0,0,0,0,0,0,0,1,0
2026-07-14T15:24:57.793+0000,15,1,0,3,0,0,0,1,88,89,116,88,99,151,0.09100008010864258,0,0,0,0,0,0,0,0,0,0,0,0,0,0,0,0,0,0,0,0,1,0
2026-07-14T15:24:57.795+0000,15,1,0,3,0,0,0,1,89,90,117,89,100,152,0.002000093460083008,0,0,0,0,0,0,0,0,0,0,0,0,0,0,0,0,0,0,0,0,1,0
2026-07-14T15:24:57.852+0000,15,1,0,3,0,0,0,1,90,91,118,90,101,153,0.056999921798706055,0,0,0,0,0,0,0,0,0,0,0,0,0,0,0,0,0,0,0,0,1,0
2026-07-14T15:24:57.853+0000,15,1,0,3,0,0,0,1,91,92,119,91,102,154,0.0009999275207519531,0,0,0,0,0,0,0,0,0,0,0,0,0,0,0,0,0,0,0,0,1,0
2026-07-14T15:24:57.857+0000,15,1,0,3,0,0,0,1,92,93,120,92,103,155,0.004000186920166016,0,0,0,0,0,0,0,0,0,0,0,0,0,0,0,0,0,0,0,0,1,0
2026-07-14T15:24:57.875+0000,15,1,0,3,0,0,0,1,93,94,121,93,104,156,0.017999887466430664,0,0,0,0,0,0,0,0,0,0,0,0,0,0,0,0,0,0,0,0,1,0
2026-07-14T15:24:58.003+0000,15,1,0,3,0,0,0,1,94,95,122,94,105,157,0.12800002098083496,0,0,0,0,0,0,0,0,0,0,0,0,0,0,0,0,0,0,0,0,1,0
2026-07-14T15:24:58.095+0000,15,1,0,3,0,0,0,1,95,96,123,95,106,158,0.09200000762939453,0,0,0,0,0,0,0,0,0,0,0,0,0,0,0,0,0,0,0,0,1,0
2026-07-14T15:24:58.150+0000,15,1,0,3,0,0,0,1,96,97,124,96,107,159,0.05500006675720215,0,0,0,0,0,0,0,0,0,0,0,0,0,0,0,0,0,0,0,0,1,0
2026-07-14T15:24:58.153+0000,15,1,0,3,0,0,0,1,97,98,125,97,108,160,0.003000020980834961,0,0,0,0,0,0,0,0,0,0,0,0,0,0,0,0,0,0,0,0,1,0
2026-07-14T15:24:58.201+0000,15,1,0,3,0,0,0,1,98,99,126,98,109,161,0.04799985885620117,0,0,0,0,0,0,0,0,0,0,0,0,0,0,0,0,0,0,0,0,1,0
2026-07-14T15:24:58.266+0000,15,1,0,3,0,0,0,1,99,100,127,99,110,162,0.06500005722045898,0,0,0,0,0,0,0,0,0,0,0,0,0,0,0,0,0,0,0,0,1,0
2026-07-14T15:24:58.342+0000,15,1,0,3,0,0,0,1,100,101,128,100,111,163,0.07599997520446777,0,0,0,0,0,0,0,0,0,0,0,0,0,0,0,0,0,0,0,0,1,0
2026-07-14T15:24:58.429+0000,15,1,0,3,0,0,0,1,101,102,129,101,112,164,0.08699989318847656,0,0,0,0,0,0,0,0,0,0,0,0,0,0,0,0,0,0,0,0,1,0
2026-07-14T15:24:58.486+0000,15,1,0,3,0,0,0,1,102,103,130,102,113,165,0.057000160217285156,0,0,0,0,0,0,0,0,0,0,0,0,0,0,0,0,0,0,0,0,1,0
2026-07-14T15:24:58.489+0000,15,1,0,3,0,0,0,1,103,104,131,103,114,166,0.003000020980834961,0,0,0,0,0,0,0,0,0,0,0,0,0,0,0,0,0,0,0,0,1,0
2026-07-14T15:24:58.577+0000,15,1,0,3,0,0,0,1,104,105,132,104,115,167,0.08799982070922852,0,0,0,0,0,0,0,0,0,0,0,0,0,0,0,0,0,0,0,0,1,0
2026-07-14T15:24:58.578+0000,15,1,0,3,0,0,0,1,105,106,133,105,116,168,0.0010001659393310547,0,0,0,0,0,0,0,0,0,0,0,0,0,0,0,0,0,0,0,0,1,0
2026-07-14T15:24:58.621+0000,15,1,0,3,0,0,0,1,106,107,134,106,117,169,0.042999982833862305,0,0,0,0,0,0,0,0,0,0,0,0,0,0,0,0,0,0,0,0,1,0
2026-07-14T15:24:58.656+0000,15,1,0,3,0,0,0,1,107,108,135,107,118,170,0.034999847412109375,0,0,0,0,0,0,0,0,0,0,0,0,0,0,0,0,0,0,0,0,1,0
2026-07-14T15:24:58.843+0000,15,1,0,3,0,0,0,1,108,109,136,108,119,171,0.18700003623962402,0,0,0,0,0,0,0,0,0,0,0,0,0,0,0,0,0,0,0,0,1,0
2026-07-14T15:24:58.975+0000,15,1,0,3,0,0,0,1,109,110,137,109,120,172,0.13199996948242188,0,0,0,0,0,0,0,0,0,0,0,0,0,0,0,0,0,0,0,0,1,0
2026-07-14T15:24:59.016+0000,15,1,0,3,0,0,0,1,110,111,138,110,121,173,0.0410001277923584,0,0,0,0,0,0,0,0,0,0,0,0,0,0,0,0,0,0,0,0,1,0
2026-07-14T15:24:59.025+0000,15,1,0,3,0,0,0,1,111,112,139,111,122,174,0.009000062942504883,0,0,0,0,0,0,0,0,0,0,0,0,0,0,0,0,0,0,0,0,1,0
2026-07-14T15:24:59.069+0000,15,1,0,3,0,0,0,1,112,113,140,112,123,175,0.04399991035461426,0,0,0,0,0,0,0,0,0,0,0,0,0,0,0,0,0,0,0,0,1,0
2026-07-14T15:24:59.151+0000,15,1,0,3,0,0,0,1,113,114,141,113,124,176,0.0820000171661377,0,0,0,0,0,0,0,0,0,0,0,0,0,0,0,0,0,0,0,0,1,0
2026-07-14T15:24:59.192+0000,15,1,0,3,0,0,0,1,114,115,142,114,125,177,0.0409998893737793,0,0,0,0,0,0,0,0,0,0,0,0,0,0,0,0,0,0,0,0,1,0
2026-07-14T15:24:59.205+0000,15,1,0,3,0,0,0,1,115,116,143,115,126,178,0.013000011444091797,0,0,0,0,0,0,0,0,0,0,0,0,0,0,0,0,0,0,0,0,1,0
2026-07-14T15:24:59.245+0000,15,1,0,3,0,0,0,1,116,117,144,116,127,179,0.039999961853027344,0,0,0,0,0,0,0,0,0,0,0,0,0,0,0,0,0,0,0,0,1,0
2026-07-14T15:24:59.303+0000,15,1,0,3,0,0,0,1,117,118,145,117,128,180,0.05800008773803711,0,0,0,0,0,0,0,0,0,0,0,0,0,0,0,0,0,0,0,0,1,0
2026-07-14T15:24:59.304+0000,15,1,0,3,0,0,0,1,118,119,146,118,129,181,0.0009999275207519531,0,0,0,0,0,0,0,0,0,0,0,0,0,0,0,0,0,0,0,0,1,0
2026-07-14T15:24:59.340+0000,15,1,0,3,0,0,0,1,119,120,147,119,130,182,0.03600001335144043,0,0,0,0,0,0,0,0,0,0,0,0,0,0,0,0,0,0,0,0,1,0
2026-07-14T15:24:59.350+0000,15,1,0,3,0,0,0,1,120,121,148,120,131,183,0.009999990463256836,0,0,0,0,0,0,0,0,0,0,0,0,0,0,0,0,0,0,0,0,1,0
2026-07-14T15:24:59.540+0000,15,1,0,3,0,0,0,1,121,122,149,121,132,184,0.19000005722045898,0,0,0,0,0,0,0,0,0,0,0,0,0,0,0,0,0,0,0,0,1,0
2026-07-14T15:24:59.666+0000,15,1,0,3,0,0,0,1,122,123,150,122,133,185,0.12599992752075195,0,0,0,0,0,0,0,0,0,0,0,0,0,0,0,0,0,0,0,0,1,0
2026-07-14T15:24:59.666+0000,15,1,0,3,0,0,0,1,123,124,151,123,134,186,0.0,0,0,0,0,0,0,0,0,0,0,0,0,0,0,0,0,0,0,0,0,1,0
2026-07-14T15:24:59.666+0000,15,1,0,3,0,0,0,1,124,125,152,124,135,187,0.0,0,0,0,0,0,0,0,0,0,0,0,0,0,0,0,0,0,0,0,0,1,0
2026-07-14T15:24:59.771+0000,15,1,0,3,0,0,0,1,125,126,153,125,136,188,0.10500001907348633,0,0,0,0,0,0,0,0,0,0,0,0,0,0,0,0,0,0,0,0,1,0
2026-07-14T15:24:59.821+0000,15,1,0,3,0,0,0,1,126,127,154,126,137,189,0.05000019073486328,0,0,0,0,0,0,0,0,0,0,0,0,0,0,0,0,0,0,0,0,1,0
2026-07-14T15:24:59.821+0000,15,1,0,3,0,0,0,1,127,128,155,127,138,190,0.0,0,0,0,0,0,0,0,0,0,0,0,0,0,0,0,0,0,0,0,0,1,0
2026-07-14T15:24:59.896+0000,15,1,0,3,0,0,0,1,128,129,156,128,139,191,0.07499980926513672,0,0,0,0,0,0,0,0,0,0,0,0,0,0,0,0,0,0,0,0,1,0
2026-07-14T15:24:59.897+0000,15,1,0,3,0,0,0,1,129,130,157,129,140,192,0.0010001659393310547,0,0,0,0,0,0,0,0,0,0,0,0,0,0,0,0,0,0,0,0,1,0
2026-07-14T15:25:00.079+0000,15,1,0,3,0,0,0,1,130,131,158,130,141,193,0.18199992179870605,0,0,0,0,0,0,0,0,0,0,0,0,0,0,0,0,0,0,0,0,1,0
2026-07-14T15:25:00.079+0000,15,1,0,3,0,0,0,1,131,132,159,131,142,194,0.0,0,0,0,0,0,0,0,0,0,0,0,0,0,0,0,0,0,0,0,0,1,0
2026-07-14T15:25:00.175+0000,15,1,0,3,0,0,0,1,132,133,160,132,143,195,0.09599995613098145,0,0,0,0,0,0,0,0,0,0,0,0,0,0,0,0,0,0,0,0,1,0
2026-07-14T15:25:00.248+0000,15,1,0,3,0,0,0,1,133,134,161,133,144,196,0.07299995422363281,0,0,0,0,0,0,0,0,0,0,0,0,0,0,0,0,0,0,0,0,1,0
2026-07-14T15:25:00.299+0000,15,1,0,3,0,0,0,1,134,135,162,134,145,197,0.051000118255615234,0,0,0,0,0,0,0,0,0,0,0,0,0,0,0,0,0,0,0,0,1,0
2026-07-14T15:25:00.305+0000,15,1,0,3,0,0,0,1,135,136,163,135,146,198,0.006000041961669922,0,0,0,0,0,0,0,0,0,0,0,0,0,0,0,0,0,0,0,0,1,0
2026-07-14T15:25:00.334+0000,15,1,0,3,0,0,0,1,136,137,164,136,147,199,0.029000043869018555,0,0,0,0,0,0,0,0,0,0,0,0,0,0,0,0,0,0,0,0,1,0
2026-07-14T15:25:00.409+0000,15,1,0,3,0,0,0,1,137,138,165,137,148,200,0.07499980926513672,0,0,0,0,0,0,0,0,0,0,0,0,0,0,0,0,0,0,0,0,1,0
2026-07-14T15:25:00.528+0000,15,1,0,3,0,0,0,1,138,139,166,138,149,201,0.11900019645690918,0,0,0,0,0,0,0,0,0,0,0,0,0,0,0,0,0,0,0,0,1,0
2026-07-14T15:25:00.549+0000,15,1,0,3,0,0,0,1,139,140,167,139,150,202,0.020999908447265625,0,0,0,0,0,0,0,0,0,0,0,0,0,0,0,0,0,0,0,0,1,0
2026-07-14T15:25:00.577+0000,15,1,0,3,0,0,0,1,140,141,168,140,151,203,0.0279998779296875,0,0,0,0,0,0,0,0,0,0,0,0,0,0,0,0,0,0,0,0,1,0
2026-07-14T15:25:00.594+0000,15,1,0,3,0,0,0,1,141,142,169,141,152,204,0.017000198364257812,0,0,0,0,0,0,0,0,0,0,0,0,0,0,0,0,0,0,0,0,1,0
2026-07-14T15:25:00.617+0000,15,1,0,3,0,0,0,1,142,143,170,142,153,205,0.023000001907348633,0,0,0,0,0,0,0,0,0,0,0,0,0,0,0,0,0,0,0,0,1,0
2026-07-14T15:25:00.654+0000,15,1,0,3,0,0,0,1,143,144,171,143,154,206,0.03699994087219238,0,0,0,0,0,0,0,0,0,0,0,0,0,0,0,0,0,0,0,0,1,0
2026-07-14T15:25:00.704+0000,15,1,0,3,0,0,0,1,144,145,172,144,155,207,0.04999995231628418,0,0,0,0,0,0,0,0,0,0,0,0,0,0,0,0,0,0,0,0,1,0
2026-07-14T15:25:00.728+0000,15,1,0,3,0,0,0,1,145,146,173,145,156,208,0.023999929428100586,0,0,0,0,0,0,0,0,0,0,0,0,0,0,0,0,0,0,0,0,1,0
2026-07-14T15:25:00.740+0000,15,1,0,3,0,0,0,1,146,147,174,146,157,209,0.012000083923339844,0,0,0,0,0,0,0,0,0,0,0,0,0,0,0,0,0,0,0,0,1,0
2026-07-14T15:25:00.755+0000,15,1,0,3,0,0,0,1,147,148,175,147,158,210,0.015000104904174805,0,0,0,0,0,0,0,0,0,0,0,0,0,0,0,0,0,0,0,0,1,0
2026-07-14T15:25:00.785+0000,15,1,0,3,0,0,0,1,148,149,176,148,159,211,0.029999971389770508,0,0,0,0,0,0,0,0,0,0,0,0,0,0,0,0,0,0,0,0,1,0
2026-07-14T15:25:00.809+0000,15,1,0,3,0,0,0,1,149,150,177,149,160,212,0.023999929428100586,0,0,0,0,0,0,0,0,0,0,0,0,0,0,0,0,0,0,0,0,1,0
2026-07-14T15:25:00.851+0000,15,1,0,3,0,0,0,1,150,151,178,150,161,213,0.04200005531311035,0,0,0,0,0,0,0,0,0,0,0,0,0,0,0,0,0,0,0,0,1,0
2026-07-14T15:25:00.881+0000,15,1,0,3,0,0,0,1,151,152,179,151,162,214,0.029999971389770508,0,0,0,0,0,0,0,0,0,0,0,0,0,0,0,0,0,0,0,0,1,0
2026-07-14T15:25:00.908+0000,15,1,0,3,0,0,0,1,152,153,180,152,163,215,0.026999950408935547,0,0,0,0,0,0,0,0,0,0,0,0,0,0,0,0,0,0,0,0,1,0
2026-07-14T15:25:00.910+0000,15,1,0,3,0,0,0,1,153,154,181,153,164,216,0.002000093460083008,0,0,0,0,0,0,0,0,0,0,0,0,0,0,0,0,0,0,0,0,1,0
2026-07-14T15:25:00.947+0000,15,1,0,3,0,0,0,1,154,155,182,154,165,217,0.03699994087219238,0,0,0,0,0,0,0,0,0,0,0,0,0,0,0,0,0,0,0,0,1,0
2026-07-14T15:25:00.978+0000,15,1,0,3,0,0,0,1,155,156,183,155,166,218,0.03099989891052246,0,0,0,0,0,0,0,0,0,0,0,0,0,0,0,0,0,0,0,0,1,0
2026-07-14T15:25:01.156+0000,15,1,0,3,0,0,0,1,156,157,184,156,167,219,0.17799997329711914,0,0,0,0,0,0,0,0,0,0,0,0,0,0,0,0,0,0,0,0,1,0
2026-07-14T15:25:01.198+0000,15,1,0,3,0,0,0,1,157,158,185,157,168,220,0.04200005531311035,0,0,0,0,0,0,0,0,0,0,0,0,0,0,0,0,0,0,0,0,1,0
2026-07-14T15:25:01.245+0000,15,1,0,3,0,0,0,1,158,159,186,158,169,221,0.04699993133544922,0,0,0,0,0,0,0,0,0,0,0,0,0,0,0,0,0,0,0,0,1,0
2026-07-14T15:25:01.283+0000,15,1,0,3,0,0,0,1,159,160,187,159,170,222,0.03800010681152344,0,0,0,0,0,0,0,0,0,0,0,0,0,0,0,0,0,0,0,0,1,0
2026-07-14T15:25:01.403+0000,15,1,0,3,0,0,0,1,160,161,188,160,171,223,0.12000012397766113,0,0,0,0,0,0,0,0,0,0,0,0,0,0,0,0,0,0,0,0,1,0
2026-07-14T15:25:01.478+0000,15,1,0,3,0,0,0,1,161,162,189,161,171,224,0.07499980926513672,0,0,0,0,0,0,0,0,0,0,0,0,0,0,0,0,0,0,0,0,1,0
2026-07-14T15:25:01.520+0000,15,1,0,3,0,0,0,1,162,163,190,162,172,225,0.04200005531311035,0,0,0,0,0,0,0,0,0,0,0,0,0,0,0,0,0,0,0,0,1,0
2026-07-14T15:25:01.533+0000,15,1,0,3,0,0,0,1,163,164,191,163,173,226,0.013000011444091797,0,0,0,0,0,0,0,0,0,0,0,0,0,0,0,0,0,0,0,0,1,0
2026-07-14T15:25:01.573+0000,15,1,0,3,0,0,0,1,164,165,192,164,174,227,0.039999961853027344,0,0,0,0,0,0,0,0,0,0,0,0,0,0,0,0,0,0,0,0,1,0
2026-07-14T15:25:01.610+0000,15,1,0,3,0,0,0,1,165,166,193,165,175,228,0.03699994087219238,0,0,0,0,0,0,0,0,0,0,0,0,0,0,0,0,0,0,0,0,1,0
2026-07-14T15:25:01.615+0000,15,1,0,3,0,0,0,1,166,167,194,166,176,229,0.005000114440917969,0,0,0,0,0,0,0,0,0,0,0,0,0,0,0,0,0,0,0,0,1,0
2026-07-14T15:25:01.650+0000,15,1,0,3,0,0,0,1,167,168,195,167,177,230,0.03500008583068848,0,0,0,0,0,0,0,0,0,0,0,0,0,0,0,0,0,0,0,0,1,0
2026-07-14T15:25:01.669+0000,15,1,0,3,0,0,0,1,168,169,196,168,178,231,0.018999814987182617,0,0,0,0,0,0,0,0,0,0,0,0,0,0,0,0,0,0,0,0,1,0
2026-07-14T15:25:01.699+0000,15,1,0,3,0,0,0,1,169,170,197,169,179,232,0.029999971389770508,0,0,0,0,0,0,0,0,0,0,0,0,0,0,0,0,0,0,0,0,1,0
2026-07-14T15:25:01.709+0000,15,1,0,3,0,0,0,1,170,171,198,170,180,233,0.010000228881835938,0,0,0,0,0,0,0,0,0,0,0,0,0,0,0,0,0,0,0,0,1,0
2026-07-14T15:25:01.720+0000,15,1,0,3,0,0,0,1,171,172,199,171,181,234,0.010999917984008789,0,0,0,0,0,0,0,0,0,0,0,0,0,0,0,0,0,0,0,0,1,0
2026-07-14T15:25:01.722+0000,15,1,0,3,0,0,0,1,172,173,200,172,182,235,0.0019998550415039062,0,0,0,0,0,0,0,0,0,0,0,0,0,0,0,0,0,0,0,0,1,0
2026-07-14T15:25:01.867+0000,15,1,0,3,0,0,0,1,173,174,201,173,183,236,0.14500021934509277,0,0,0,0,0,0,0,0,0,0,0,0,0,0,0,0,0,0,0,0,1,0
2026-07-14T15:25:01.908+0000,15,1,0,3,0,0,0,1,174,175,202,174,184,237,0.0409998893737793,0,0,0,0,0,0,0,0,0,0,0,0,0,0,0,0,0,0,0,0,1,0
2026-07-14T15:25:01.914+0000,15,1,0,3,0,0,0,1,175,176,203,175,185,238,0.006000041961669922,0,0,0,0,0,0,0,0,0,0,0,0,0,0,0,0,0,0,0,0,1,0
2026-07-14T15:25:01.940+0000,15,1,0,3,0,0,0,1,176,177,204,176,186,239,0.026000022888183594,0,0,0,0,0,0,0,0,0,0,0,0,0,0,0,0,0,0,0,0,1,0
2026-07-14T15:25:01.949+0000,15,1,0,3,0,0,0,1,177,178,205,177,187,240,0.008999824523925781,0,0,0,0,0,0,0,0,0,0,0,0,0,0,0,0,0,0,0,0,1,0
2026-07-14T15:25:01.962+0000,15,1,0,3,0,0,0,1,178,179,206,178,188,241,0.013000011444091797,0,0,0,0,0,0,0,0,0,0,0,0,0,0,0,0,0,0,0,0,1,0
2026-07-14T15:25:01.966+0000,15,1,0,3,0,0,0,1,179,180,207,179,189,242,0.004000186920166016,0,0,0,0,0,0,0,0,0,0,0,0,0,0,0,0,0,0,0,0,1,0
2026-07-14T15:25:02.096+0000,15,1,0,3,0,0,0,1,180,181,208,180,190,243,0.12999987602233887,0,0,0,0,0,0,0,0,0,0,0,0,0,0,0,0,0,0,0,0,1,0
2026-07-14T15:25:02.154+0000,15,1,0,3,0,0,0,1,181,182,209,181,191,244,0.05800008773803711,0,0,0,0,0,0,0,0,0,0,0,0,0,0,0,0,0,0,0,0,1,0
2026-07-14T15:25:02.218+0000,15,1,0,3,0,0,0,1,182,183,210,182,192,245,0.06399989128112793,0,0,0,0,0,0,0,0,0,0,0,0,0,0,0,0,0,0,0,0,1,0
2026-07-14T15:25:02.252+0000,15,1,0,3,0,0,0,1,183,184,211,183,193,246,0.03400015830993652,0,0,0,0,0,0,0,0,0,0,0,0,0,0,0,0,0,0,0,0,1,0
2026-07-14T15:25:02.334+0000,15,1,0,3,0,0,0,1,184,185,212,184,194,247,0.0820000171661377,0,0,0,0,0,0,0,0,0,0,0,0,0,0,0,0,0,0,0,0,1,0
2026-07-14T15:25:02.398+0000,15,1,0,3,0,0,0,1,185,186,213,185,195,248,0.06399989128112793,0,0,0,0,0,0,0,0,0,0,0,0,0,0,0,0,0,0,0,0,1,0
2026-07-14T15:25:02.471+0000,15,1,0,3,0,0,0,1,186,187,214,186,196,249,0.07299995422363281,0,0,0,0,0,0,0,0,0,0,0,0,0,0,0,0,0,0,0,0,1,0
2026-07-14T15:25:02.601+0000,15,1,0,3,0,0,0,1,187,188,215,187,197,250,0.13000011444091797,0,0,0,0,0,0,0,0,0,0,0,0,0,0,0,0,0,0,0,0,1,0
2026-07-14T15:25:02.614+0000,15,1,0,3,0,0,0,1,188,189,216,188,198,251,0.013000011444091797,0,0,0,0,0,0,0,0,0,0,0,0,0,0,0,0,0,0,0,0,1,0
2026-07-14T15:25:02.624+0000,15,1,0,3,0,0,0,1,189,190,217,189,199,252,0.009999990463256836,0,0,0,0,0,0,0,0,0,0,0,0,0,0,0,0,0,0,0,0,1,0
2026-07-14T15:25:02.633+0000,15,1,0,3,0,0,0,1,190,191,218,190,200,253,0.008999824523925781,0,0,0,0,0,0,0,0,0,0,0,0,0,0,0,0,0,0,0,0,1,0
2026-07-14T15:25:02.642+0000,15,1,0,3,0,0,0,1,191,192,219,191,201,254,0.009000062942504883,0,0,0,0,0,0,0,0,0,0,0,0,0,0,0,0,0,0,0,0,1,0
2026-07-14T15:25:02.650+0000,15,1,0,3,0,0,0,1,192,193,220,192,202,255,0.00800013542175293,0,0,0,0,0,0,0,0,0,0,0,0,0,0,0,0,0,0,0,0,1,0
2026-07-14T15:25:02.658+0000,15,1,0,3,0,0,0,1,193,194,221,193,203,256,0.007999897003173828,0,0,0,0,0,0,0,0,0,0,0,0,0,0,0,0,0,0,0,0,1,0
2026-07-14T15:25:02.688+0000,15,1,0,3,0,0,0,1,194,195,222,194,204,257,0.029999971389770508,0,0,0,0,0,0,0,0,0,0,0,0,0,0,0,0,0,0,0,0,1,0
2026-07-14T15:25:02.778+0000,15,1,0,3,0,0,0,1,195,196,223,195,205,258,0.09000015258789062,0,0,0,0,0,0,0,0,0,0,0,0,0,0,0,0,0,0,0,0,1,0
2026-07-14T15:25:02.831+0000,15,1,0,3,0,0,0,1,196,197,224,196,206,259,0.05299997329711914,0,0,0,0,0,0,0,0,0,0,0,0,0,0,0,0,0,0,0,0,1,0
2026-07-14T15:25:02.836+0000,15,1,0,3,0,0,0,1,197,198,225,197,207,260,0.004999876022338867,0,0,0,0,0,0,0,0,0,0,0,0,0,0,0,0,0,0,0,0,1,0
2026-07-14T15:25:02.863+0000,15,1,0,3,0,0,0,1,198,199,226,198,208,261,0.026999950408935547,0,0,0,0,0,0,0,0,0,0,0,0,0,0,0,0,0,0,0,0,1,0
2026-07-14T15:25:02.883+0000,15,1,0,3,0,0,0,1,199,200,227,199,209,262,0.019999980926513672,0,0,0,0,0,0,0,0,0,0,0,0,0,0,0,0,0,0,0,0,1,0
2026-07-14T15:25:02.904+0000,15,1,0,3,0,0,0,1,200,201,228,200,210,263,0.021000146865844727,0,0,0,0,0,0,0,0,0,0,0,0,0,0,0,0,0,0,0,0,1,0
2026-07-14T15:25:02.937+0000,15,1,0,3,0,0,0,1,201,202,229,201,211,264,0.03299999237060547,0,0,0,0,0,0,0,0,0,0,0,0,0,0,0,0,0,0,0,0,1,0
2026-07-14T15:25:02.995+0000,15,1,0,3,0,0,0,1,202,203,230,202,212,265,0.05799984931945801,0,0,0,0,0,0,0,0,0,0,0,0,0,0,0,0,0,0,0,0,1,0
2026-07-14T15:25:03.006+0000,15,1,0,3,0,0,0,1,203,204,231,203,213,266,0.01100015640258789,0,0,0,0,0,0,0,0,0,0,0,0,0,0,0,0,0,0,0,0,1,0
2026-07-14T15:25:03.071+0000,15,1,0,3,0,0,0,1,204,205,232,204,214,267,0.06500005722045898,0,0,0,0,0,0,0,0,0,0,0,0,0,0,0,0,0,0,0,0,1,0
2026-07-14T15:25:03.071+0000,15,1,0,3,0,0,0,1,205,206,233,205,215,268,0.0,0,0,0,0,0,0,0,0,0,0,0,0,0,0,0,0,0,0,0,0,1,0
2026-07-14T15:25:03.071+0000,15,1,0,3,0,0,0,1,206,207,234,206,216,269,0.0,0,0,0,0,0,0,0,0,0,0,0,0,0,0,0,0,0,0,0,0,1,0
2026-07-14T15:25:03.114+0000,15,1,0,3,0,0,0,1,207,208,235,207,217,270,0.042999982833862305,0,0,0,0,0,0,0,0,0,0,0,0,0,0,0,0,0,0,0,0,1,0
2026-07-14T15:25:03.124+0000,15,1,0,3,0,0,0,1,208,209,236,208,218,271,0.009999990463256836,0,0,0,0,0,0,0,0,0,0,0,0,0,0,0,0,0,0,0,0,1,0
2026-07-14T15:25:03.231+0000,15,1,0,3,0,0,0,1,209,210,237,209,219,272,0.10699987411499023,0,0,0,0,0,0,0,0,0,0,0,0,0,0,0,0,0,0,0,0,1,0
2026-07-14T15:25:03.430+0000,15,1,0,3,0,0,0,1,210,211,238,210,220,273,0.19900012016296387,0,0,0,0,0,0,0,0,0,0,0,0,0,0,0,0,0,0,0,0,1,0
2026-07-14T15:25:03.440+0000,15,1,0,3,0,0,0,1,211,212,239,211,221,274,0.009999990463256836,0,0,0,0,0,0,0,0,0,0,0,0,0,0,0,0,0,0,0,0,1,0
2026-07-14T15:25:03.513+0000,15,1,0,3,0,0,0,1,212,213,240,212,222,275,0.07299995422363281,0,0,0,0,0,0,0,0,0,0,0,0,0,0,0,0,0,0,0,0,1,0
2026-07-14T15:25:03.575+0000,15,1,0,3,0,0,0,1,213,214,241,213,223,276,0.06200003623962402,0,0,0,0,0,0,0,0,0,0,0,0,0,0,0,0,0,0,0,0,1,0
2026-07-14T15:25:03.590+0000,15,1,0,3,0,0,0,1,214,215,242,214,224,277,0.014999866485595703,0,0,0,0,0,0,0,0,0,0,0,0,0,0,0,0,0,0,0,0,1,0
2026-07-14T15:25:03.609+0000,15,1,0,3,0,0,0,1,215,216,243,215,225,278,0.01900005340576172,0,0,0,0,0,0,0,0,0,0,0,0,0,0,0,0,0,0,0,0,1,0
2026-07-14T15:25:03.675+0000,15,1,0,3,0,0,0,1,216,217,244,216,226,279,0.06599998474121094,0,0,0,0,0,0,0,0,0,0,0,0,0,0,0,0,0,0,0,0,1,0
2026-07-14T15:25:03.677+0000,15,1,0,3,0,0,0,1,217,218,245,217,227,280,0.002000093460083008,0,0,0,0,0,0,0,0,0,0,0,0,0,0,0,0,0,0,0,0,1,0
2026-07-14T15:25:03.713+0000,15,1,0,3,0,0,0,1,218,219,246,218,228,281,0.03600001335144043,0,0,0,0,0,0,0,0,0,0,0,0,0,0,0,0,0,0,0,0,1,0
2026-07-14T15:25:03.715+0000,15,1,0,3,0,0,0,1,219,220,247,219,229,282,0.0019998550415039062,0,0,0,0,0,0,0,0,0,0,0,0,0,0,0,0,0,0,0,0,1,0
2026-07-14T15:25:03.798+0000,15,1,0,3,0,0,0,1,220,221,248,220,230,283,0.08300018310546875,0,0,0,0,0,0,0,0,0,0,0,0,0,0,0,0,0,0,0,0,1,0
2026-07-14T15:25:03.883+0000,15,1,0,3,0,0,0,1,221,222,249,221,231,284,0.08499979972839355,0,0,0,0,0,0,0,0,0,0,0,0,0,0,0,0,0,0,0,0,1,0
2026-07-14T15:25:03.888+0000,15,1,0,3,0,0,0,1,222,223,250,222,232,285,0.005000114440917969,0,0,0,0,0,0,0,0,0,0,0,0,0,0,0,0,0,0,0,0,1,0
2026-07-14T15:25:03.931+0000,15,1,0,3,0,0,0,1,223,224,251,223,233,286,0.042999982833862305,0,0,0,0,0,0,0,0,0,0,0,0,0,0,0,0,0,0,0,0,1,0
2026-07-14T15:25:04.055+0000,15,1,0,3,0,0,0,1,224,225,252,224,234,287,0.12400007247924805,0,0,0,0,0,0,0,0,0,0,0,0,0,0,0,0,0,0,0,0,1,0
2026-07-14T15:25:04.103+0000,15,1,0,3,0,0,0,1,225,226,253,225,235,288,0.04799985885620117,0,0,0,0,0,0,0,0,0,0,0,0,0,0,0,0,0,0,0,0,1,0
2026-07-14T15:25:04.112+0000,15,1,0,3,0,0,0,1,226,227,254,226,236,289,0.009000062942504883,0,0,0,0,0,0,0,0,0,0,0,0,0,0,0,0,0,0,0,0,1,0
2026-07-14T15:25:04.316+0000,15,1,0,3,0,0,0,1,227,228,255,227,237,290,0.20399999618530273,0,0,0,0,0,0,0,0,0,0,0,0,0,0,0,0,0,0,0,0,1,0
2026-07-14T15:25:04.411+0000,15,1,0,3,0,0,0,1,228,229,256,228,238,291,0.09500002861022949,0,0,0,0,0,0,0,0,0,0,0,0,0,0,0,0,0,0,0,0,1,0
2026-07-14T15:25:04.425+0000,15,1,0,3,0,0,0,1,229,230,257,229,239,292,0.01399993896484375,0,0,0,0,0,0,0,0,0,0,0,0,0,0,0,0,0,0,0,0,1,0
2026-07-14T15:25:04.445+0000,15,1,0,3,0,0,0,1,230,231,258,230,240,293,0.019999980926513672,0,0,0,0,0,0,0,0,0,0,0,0,0,0,0,0,0,0,0,0,1,0
2026-07-14T15:25:04.445+0000,15,1,0,3,0,0,0,1,231,232,259,231,241,294,0.0,0,0,0,0,0,0,0,0,0,0,0,0,0,0,0,0,0,0,0,0,1,0
2026-07-14T15:25:04.459+0000,15,1,0,3,0,0,0,1,232,233,260,232,242,295,0.014000177383422852,0,0,0,0,0,0,0,0,0,0,0,0,0,0,0,0,0,0,0,0,1,0
2026-07-14T15:25:04.542+0000,15,1,0,3,0,0,0,1,233,234,261,233,243,296,0.08299994468688965,0,0,0,0,0,0,0,0,0,0,0,0,0,0,0,0,0,0,0,0,1,0
2026-07-14T15:25:04.591+0000,15,1,0,3,0,0,0,1,234,235,262,234,244,297,0.04900002479553223,0,0,0,0,0,0,0,0,0,0,0,0,0,0,0,0,0,0,0,0,1,0
2026-07-14T15:25:04.591+0000,15,1,0,3,0,0,0,1,235,236,263,235,245,298,0.0,0,0,0,0,0,0,0,0,0,0,0,0,0,0,0,0,0,0,0,0,1,0
2026-07-14T15:25:04.597+0000,15,1,0,3,0,0,0,1,236,237,264,236,246,299,0.00599980354309082,0,0,0,0,0,0,0,0,0,0,0,0,0,0,0,0,0,0,0,0,1,0
2026-07-14T15:25:04.675+0000,15,1,0,3,0,0,0,1,237,238,265,237,247,300,0.07800006866455078,0,0,0,0,0,0,0,0,0,0,0,0,0,0,0,0,0,0,0,0,1,0
2026-07-14T15:25:04.675+0000,15,1,0,3,0,0,0,1,238,239,266,238,248,301,0.0,0,0,0,0,0,0,0,0,0,0,0,0,0,0,0,0,0,0,0,0,1,0
2026-07-14T15:25:04.675+0000,15,1,0,3,0,0,0,1,239,240,267,239,249,302,0.0,0,0,0,0,0,0,0,0,0,0,0,0,0,0,0,0,0,0,0,0,1,0
2026-07-14T15:25:04.751+0000,15,1,0,3,0,0,0,1,240,241,268,240,250,303,0.07599997520446777,0,0,0,0,0,0,0,0,0,0,0,0,0,0,0,0,0,0,0,0,1,0
2026-07-14T15:25:04.816+0000,15,1,0,3,0,0,0,1,241,242,269,241,251,304,0.06500005722045898,0,0,0,0,0,0,0,0,0,0,0,0,0,0,0,0,0,0,0,0,1,0
2026-07-14T15:25:04.856+0000,15,1,0,3,0,0,0,1,242,243,270,242,252,305,0.039999961853027344,0,0,0,0,0,0,0,0,0,0,0,0,0,0,0,0,0,0,0,0,1,0
2026-07-14T15:25:04.900+0000,15,1,0,3,0,0,0,1,243,244,271,243,253,306,0.04400014877319336,0,0,0,0,0,0,0,0,0,0,0,0,0,0,0,0,0,0,0,0,1,0
2026-07-14T15:25:04.900+0000,15,1,0,3,0,0,0,1,244,245,272,244,254,307,0.0,0,0,0,0,0,0,0,0,0,0,0,0,0,0,0,0,0,0,0,0,1,0
2026-07-14T15:25:04.902+0000,15,1,0,3,0,0,0,1,245,246,273,245,255,308,0.0019998550415039062,0,0,0,0,0,0,0,0,0,0,0,0,0,0,0,0,0,0,0,0,1,0
2026-07-14T15:25:04.908+0000,15,1,0,3,0,0,0,1,246,247,274,246,256,309,0.006000041961669922,0,0,0,0,0,0,0,0,0,0,0,0,0,0,0,0,0,0,0,0,1,0
2026-07-14T15:25:04.916+0000,15,1,0,3,0,0,0,1,247,248,275,247,257,310,0.007999897003173828,0,0,0,0,0,0,0,0,0,0,0,0,0,0,0,0,0,0,0,0,1,0
2026-07-14T15:25:04.933+0000,15,1,0,3,0,0,0,1,248,249,276,248,258,311,0.017000198364257812,0,0,0,0,0,0,0,0,0,0,0,0,0,0,0,0,0,0,0,0,1,0
2026-07-14T15:25:04.984+0000,15,1,0,3,0,0,0,1,249,250,277,249,259,312,0.05099987983703613,0,0,0,0,0,0,0,0,0,0,0,0,0,0,0,0,0,0,0,0,1,0
2026-07-14T15:25:05.046+0000,15,1,0,3,0,0,0,1,250,251,278,250,260,313,0.06200003623962402,0,0,0,0,0,0,0,0,0,0,0,0,0,0,0,0,0,0,0,0,1,0
2026-07-14T15:25:05.072+0000,15,1,0,3,0,0,0,1,251,252,279,251,261,314,0.026000022888183594,0,0,0,0,0,0,0,0,0,0,0,0,0,0,0,0,0,0,0,0,1,0
2026-07-14T15:25:05.159+0000,15,1,0,3,0,0,0,1,252,253,280,252,262,315,0.08699989318847656,0,0,0,0,0,0,0,0,0,0,0,0,0,0,0,0,0,0,0,0,1,0
2026-07-14T15:25:05.202+0000,15,1,0,3,0,0,0,1,253,254,281,253,263,316,0.042999982833862305,0,0,0,0,0,0,0,0,0,0,0,0,0,0,0,0,0,0,0,0,1,0
2026-07-14T15:25:05.370+0000,15,1,0,3,0,0,0,1,254,255,282,254,264,317,0.1679999828338623,0,0,0,0,0,0,0,0,0,0,0,0,0,0,0,0,0,0,0,0,1,0
2026-07-14T15:25:05.387+0000,15,1,0,3,0,0,0,1,255,256,283,255,265,318,0.017000198364257812,0,0,0,0,0,0,0,0,0,0,0,0,0,0,0,0,0,0,0,0,1,0
2026-07-14T15:25:05.396+0000,15,1,0,3,0,0,0,1,256,257,284,256,266,319,0.008999824523925781,0,0,0,0,0,0,0,0,0,0,0,0,0,0,0,0,0,0,0,0,1,0
2026-07-14T15:25:05.406+0000,15,1,0,3,0,0,0,1,257,258,285,257,267,320,0.009999990463256836,0,0,0,0,0,0,0,0,0,0,0,0,0,0,0,0,0,0,0,0,1,0
2026-07-14T15:25:05.427+0000,15,1,0,3,0,0,0,1,258,259,286,258,268,321,0.021000146865844727,0,0,0,0,0,0,0,0,0,0,0,0,0,0,0,0,0,0,0,0,1,0
2026-07-14T15:25:05.516+0000,15,1,0,3,0,0,0,1,259,260,287,259,269,322,0.08899998664855957,0,0,0,0,0,0,0,0,0,0,0,0,0,0,0,0,0,0,0,0,1,0
2026-07-14T15:25:05.516+0000,15,1,0,3,0,0,0,1,260,261,288,260,270,323,0.0,0,0,0,0,0,0,0,0,0,0,0,0,0,0,0,0,0,0,0,0,1,0
2026-07-14T15:25:05.708+0000,15,1,0,3,0,0,0,1,261,262,289,261,271,324,0.1919999122619629,0,0,0,0,0,0,0,0,0,0,0,0,0,0,0,0,0,0,0,0,1,0
2026-07-14T15:25:05.888+0000,15,1,0,3,0,0,0,1,262,263,290,262,272,325,0.18000006675720215,0,0,0,0,0,0,0,0,0,0,0,0,0,0,0,0,0,0,0,0,1,0
2026-07-14T15:25:05.888+0000,15,1,0,3,0,0,0,1,263,264,291,263,273,326,0.0,0,0,0,0,0,0,0,0,0,0,0,0,0,0,0,0,0,0,0,0,1,0
2026-07-14T15:25:05.964+0000,15,1,0,3,0,0,0,1,264,265,292,264,274,327,0.07599997520446777,0,0,0,0,0,0,0,0,0,0,0,0,0,0,0,0,0,0,0,0,1,0
2026-07-14T15:25:05.979+0000,15,1,0,3,0,0,0,1,265,266,293,265,275,328,0.015000104904174805,0,0,0,0,0,0,0,0,0,0,0,0,0,0,0,0,0,0,0,0,1,0
2026-07-14T15:25:05.990+0000,15,1,0,3,0,0,0,1,266,267,294,266,276,329,0.010999917984008789,0,0,0,0,0,0,0,0,0,0,0,0,0,0,0,0,0,0,0,0,1,0
2026-07-14T15:25:05.999+0000,15,1,0,3,0,0,0,1,267,268,295,267,277,330,0.009000062942504883,0,0,0,0,0,0,0,0,0,0,0,0,0,0,0,0,0,0,0,0,1,0
2026-07-14T15:25:06.019+0000,15,1,0,3,0,0,0,1,268,269,296,268,278,331,0.019999980926513672,0,0,0,0,0,0,0,0,0,0,0,0,0,0,0,0,0,0,0,0,1,0
2026-07-14T15:25:06.084+0000,15,1,0,3,0,0,0,1,269,270,297,269,279,332,0.06500005722045898,0,0,0,0,0,0,0,0,0,0,0,0,0,0,0,0,0,0,0,0,1,0
2026-07-14T15:25:06.117+0000,15,1,0,3,0,0,0,1,270,271,298,270,280,333,0.03299999237060547,0,0,0,0,0,0,0,0,0,0,0,0,0,0,0,0,0,0,0,0,1,0
2026-07-14T15:25:06.149+0000,15,1,0,3,0,0,0,1,271,272,299,271,281,334,0.031999826431274414,0,0,0,0,0,0,0,0,0,0,0,0,0,0,0,0,0,0,0,0,1,0
2026-07-14T15:25:06.169+0000,15,1,0,3,0,0,0,1,272,273,300,272,282,335,0.019999980926513672,0,0,0,0,0,0,0,0,0,0,0,0,0,0,0,0,0,0,0,0,1,0
2026-07-14T15:25:06.190+0000,15,1,0,3,0,0,0,1,273,274,301,273,283,336,0.021000146865844727,0,0,0,0,0,0,0,0,0,0,0,0,0,0,0,0,0,0,0,0,1,0
2026-07-14T15:25:06.194+0000,15,1,0,3,0,0,0,1,274,275,302,274,284,337,0.003999948501586914,0,0,0,0,0,0,0,0,0,0,0,0,0,0,0,0,0,0,0,0,1,0
2026-07-14T15:25:06.197+0000,15,1,0,3,0,0,0,1,275,276,303,275,285,338,0.003000020980834961,0,0,0,0,0,0,0,0,0,0,0,0,0,0,0,0,0,0,0,0,1,0
2026-07-14T15:25:06.268+0000,15,1,0,3,0,0,0,1,276,277,304,276,286,339,0.0709998607635498,0,0,0,0,0,0,0,0,0,0,0,0,0,0,0,0,0,0,0,0,1,0
2026-07-14T15:25:06.289+0000,15,1,0,3,0,0,0,1,277,278,305,277,287,340,0.021000146865844727,0,0,0,0,0,0,0,0,0,0,0,0,0,0,0,0,0,0,0,0,1,0
2026-07-14T15:25:06.423+0000,15,1,0,3,0,0,0,1,278,279,306,278,288,341,0.13400006294250488,0,0,0,0,0,0,0,0,0,0,0,0,0,0,0,0,0,0,0,0,1,0
2026-07-14T15:25:06.449+0000,15,1,0,3,0,0,0,1,279,280,307,279,289,342,0.025999784469604492,0,0,0,0,0,0,0,0,0,0,0,0,0,0,0,0,0,0,0,0,1,0
2026-07-14T15:25:06.502+0000,15,1,0,3,0,0,0,1,280,281,308,280,290,343,0.05300021171569824,0,0,0,0,0,0,0,0,0,0,0,0,0,0,0,0,0,0,0,0,1,0
2026-07-14T15:25:06.508+0000,15,1,0,3,0,0,0,1,281,282,309,281,291,344,0.00599980354309082,0,0,0,0,0,0,0,0,0,0,0,0,0,0,0,0,0,0,0,0,1,0
2026-07-14T15:25:06.535+0000,15,1,0,3,0,0,0,1,282,283,310,282,292,345,0.02700018882751465,0,0,0,0,0,0,0,0,0,0,0,0,0,0,0,0,0,0,0,0,1,0
2026-07-14T15:25:06.538+0000,15,1,0,3,0,0,0,1,283,284,311,283,293,346,0.003000020980834961,0,0,0,0,0,0,0,0,0,0,0,0,0,0,0,0,0,0,0,0,1,0
2026-07-14T15:25:06.645+0000,15,1,0,3,0,0,0,1,284,285,312,284,294,347,0.10699987411499023,0,0,0,0,0,0,0,0,0,0,0,0,0,0,0,0,0,0,0,0,1,0
2026-07-14T15:25:06.657+0000,15,1,0,3,0,0,0,1,285,286,313,285,295,348,0.012000083923339844,0,0,0,0,0,0,0,0,0,0,0,0,0,0,0,0,0,0,0,0,1,0
2026-07-14T15:25:06.658+0000,15,1,0,3,0,0,0,1,286,287,314,286,296,349,0.0009999275207519531,0,0,0,0,0,0,0,0,0,0,0,0,0,0,0,0,0,0,0,0,1,0
2026-07-14T15:25:06.674+0000,15,1,0,3,0,0,0,1,287,288,315,287,297,350,0.016000032424926758,0,0,0,0,0,0,0,0,0,0,0,0,0,0,0,0,0,0,0,0,1,0
2026-07-14T15:25:06.820+0000,15,1,0,3,0,0,0,1,288,289,316,288,298,351,0.14599990844726562,0,0,0,0,0,0,0,0,0,0,0,0,0,0,0,0,0,0,0,0,1,0
2026-07-14T15:25:06.963+0000,15,1,0,3,0,0,0,1,289,290,317,289,299,352,0.14300012588500977,0,0,0,0,0,0,0,0,0,0,0,0,0,0,0,0,0,0,0,0,1,0
2026-07-14T15:25:07.012+0000,15,1,0,3,0,0,0,1,290,291,318,290,300,353,0.04900002479553223,0,0,0,0,0,0,0,0,0,0,0,0,0,0,0,0,0,0,0,0,1,0
2026-07-14T15:25:07.077+0000,15,1,0,3,0,0,0,1,291,292,319,291,301,354,0.06499981880187988,0,0,0,0,0,0,0,0,0,0,0,0,0,0,0,0,0,0,0,0,1,0
2026-07-14T15:25:07.137+0000,15,1,0,3,0,0,0,1,292,293,320,292,302,355,0.06000018119812012,0,0,0,0,0,0,0,0,0,0,0,0,0,0,0,0,0,0,0,0,1,0
2026-07-14T15:25:07.145+0000,15,1,0,3,0,0,0,1,293,294,321,293,303,356,0.007999897003173828,0,0,0,0,0,0,0,0,0,0,0,0,0,0,0,0,0,0,0,0,1,0
2026-07-14T15:25:07.148+0000,15,1,0,3,0,0,0,1,294,295,322,294,304,357,0.003000020980834961,0,0,0,0,0,0,0,0,0,0,0,0,0,0,0,0,0,0,0,0,1,0
2026-07-14T15:25:07.192+0000,15,1,0,3,0,0,0,1,295,296,323,295,305,358,0.04399991035461426,0,0,0,0,0,0,0,0,0,0,0,0,0,0,0,0,0,0,0,0,1,0
2026-07-14T15:25:07.261+0000,15,1,0,3,0,0,0,1,296,297,324,296,306,359,0.0690000057220459,0,0,0,0,0,0,0,0,0,0,0,0,0,0,0,0,0,0,0,0,1,0
2026-07-14T15:25:07.264+0000,15,1,0,3,0,0,0,1,297,298,325,297,307,360,0.003000020980834961,0,0,0,0,0,0,0,0,0,0,0,0,0,0,0,0,0,0,0,0,1,0
2026-07-14T15:25:07.328+0000,15,1,0,3,0,0,0,1,298,299,326,298,308,361,0.06400012969970703,0,0,0,0,0,0,0,0,0,0,0,0,0,0,0,0,0,0,0,0,1,0
2026-07-14T15:25:07.367+0000,15,1,0,3,0,0,0,1,299,300,327,299,309,362,0.03900003433227539,0,0,0,0,0,0,0,0,0,0,0,0,0,0,0,0,0,0,0,0,1,0
2026-07-14T15:25:07.369+0000,15,1,0,3,0,0,0,1,300,301,328,300,310,363,0.0019998550415039062,0,0,0,0,0,0,0,0,0,0,0,0,0,0,0,0,0,0,0,0,1,0
2026-07-14T15:25:07.384+0000,15,1,0,3,0,0,0,1,301,302,329,301,311,364,0.015000104904174805,0,0,0,0,0,0,0,0,0,0,0,0,0,0,0,0,0,0,0,0,1,0
2026-07-14T15:25:07.395+0000,15,1,0,3,0,0,0,1,302,303,330,302,312,365,0.010999917984008789,0,0,0,0,0,0,0,0,0,0,0,0,0,0,0,0,0,0,0,0,1,0
2026-07-14T15:25:07.505+0000,15,1,0,3,0,0,0,1,303,304,331,303,313,366,0.1100001335144043,0,0,0,0,0,0,0,0,0,0,0,0,0,0,0,0,0,0,0,0,1,0
2026-07-14T15:25:07.522+0000,15,1,0,3,0,0,0,1,304,305,332,304,314,367,0.01699995994567871,0,0,0,0,0,0,0,0,0,0,0,0,0,0,0,0,0,0,0,0,1,0
2026-07-14T15:25:07.538+0000,15,1,0,3,0,0,0,1,305,306,333,305,315,368,0.016000032424926758,0,0,0,0,0,0,0,0,0,0,0,0,0,0,0,0,0,0,0,0,1,0
2026-07-14T15:25:07.594+0000,15,1,0,3,0,0,0,1,306,307,334,306,316,369,0.0559999942779541,0,0,0,0,0,0,0,0,0,0,0,0,0,0,0,0,0,0,0,0,1,0
2026-07-14T15:25:07.601+0000,15,1,0,3,0,0,0,1,307,308,335,307,317,370,0.006999969482421875,0,0,0,0,0,0,0,0,0,0,0,0,0,0,0,0,0,0,0,0,1,0
2026-07-14T15:25:07.650+0000,15,1,0,3,0,0,0,1,308,309,336,308,318,371,0.04900002479553223,0,0,0,0,0,0,0,0,0,0,0,0,0,0,0,0,0,0,0,0,1,0
2026-07-14T15:25:07.651+0000,15,1,0,3,0,0,0,1,309,310,337,309,319,372,0.0009999275207519531,0,0,0,0,0,0,0,0,0,0,0,0,0,0,0,0,0,0,0,0,1,0
2026-07-14T15:25:07.825+0000,15,1,0,3,0,0,0,1,310,311,338,310,320,373,0.17400002479553223,0,0,0,0,0,0,0,0,0,0,0,0,0,0,0,0,0,0,0,0,1,0
2026-07-14T15:25:07.829+0000,15,1,0,3,0,0,0,1,311,312,339,311,321,374,0.003999948501586914,0,0,0,0,0,0,0,0,0,0,0,0,0,0,0,0,0,0,0,0,1,0
2026-07-14T15:25:07.875+0000,15,1,0,3,0,0,0,1,312,313,340,312,322,375,0.046000003814697266,0,0,0,0,0,0,0,0,0,0,0,0,0,0,0,0,0,0,0,0,1,0
2026-07-14T15:25:07.918+0000,15,1,0,3,0,0,0,1,313,314,341,313,323,376,0.042999982833862305,0,0,0,0,0,0,0,0,0,0,0,0,0,0,0,0,0,0,0,0,1,0
2026-07-14T15:25:07.937+0000,15,1,0,3,0,0,0,1,314,315,342,314,324,377,0.01900005340576172,0,0,0,0,0,0,0,0,0,0,0,0,0,0,0,0,0,0,0,0,1,0
2026-07-14T15:25:07.985+0000,15,1,0,3,0,0,0,1,315,316,343,315,325,378,0.04799985885620117,0,0,0,0,0,0,0,0,0,0,0,0,0,0,0,0,0,0,0,0,1,0
2026-07-14T15:25:08.120+0000,15,1,0,3,0,0,0,1,315,317,344,315,326,379,0.13499999046325684,0,0,0,0,0,0,0,0,0,0,0,0,0,0,0,0,0,0,0,0,1,0
2026-07-14T15:25:08.291+0000,15,1,0,3,0,0,0,1,316,318,345,316,327,380,0.17100000381469727,0,0,0,0,0,0,0,0,0,0,0,0,0,0,0,0,0,0,0,0,1,0
2026-07-14T15:25:08.295+0000,15,1,0,3,0,0,0,1,317,319,346,317,328,381,0.004000186920166016,0,0,0,0,0,0,0,0,0,0,0,0,0,0,0,0,0,0,0,0,1,0
2026-07-14T15:25:08.340+0000,15,1,0,3,0,0,0,1,318,320,347,318,329,382,0.04499983787536621,0,0,0,0,0,0,0,0,0,0,0,0,0,0,0,0,0,0,0,0,1,0
2026-07-14T15:25:08.379+0000,15,1,0,3,0,0,0,1,319,321,348,319,330,383,0.03900003433227539,0,0,0,0,0,0,0,0,0,0,0,0,0,0,0,0,0,0,0,0,1,0
2026-07-14T15:25:08.432+0000,15,1,0,3,0,0,0,1,320,322,349,320,331,384,0.05299997329711914,0,0,0,0,0,0,0,0,0,0,0,0,0,0,0,0,0,0,0,0,1,0
2026-07-14T15:25:08.439+0000,15,1,0,3,0,0,0,1,321,323,350,321,332,385,0.006999969482421875,0,0,0,0,0,0,0,0,0,0,0,0,0,0,0,0,0,0,0,0,1,0
2026-07-14T15:25:08.507+0000,15,1,0,3,0,0,0,1,322,324,351,322,333,386,0.06800007820129395,0,0,0,0,0,0,0,0,0,0,0,0,0,0,0,0,0,0,0,0,1,0
2026-07-14T15:25:08.512+0000,15,1,0,3,0,0,0,1,323,325,352,323,334,387,0.005000114440917969,0,0,0,0,0,0,0,0,0,0,0,0,0,0,0,0,0,0,0,0,1,0
2026-07-14T15:25:08.532+0000,15,1,0,3,0,0,0,1,324,326,353,324,335,388,0.019999980926513672,0,0,0,0,0,0,0,0,0,0,0,0,0,0,0,0,0,0,0,0,1,0
2026-07-14T15:25:08.535+0000,15,1,0,3,0,0,0,1,325,327,354,325,336,389,0.003000020980834961,0,0,0,0,0,0,0,0,0,0,0,0,0,0,0,0,0,0,0,0,1,0
2026-07-14T15:25:08.567+0000,15,1,0,3,0,0,0,1,326,328,355,326,337,390,0.031999826431274414,0,0,0,0,0,0,0,0,0,0,0,0,0,0,0,0,0,0,0,0,1,0
2026-07-14T15:25:08.586+0000,15,1,0,3,0,0,0,1,327,329,356,327,338,391,0.01900005340576172,0,0,0,0,0,0,0,0,0,0,0,0,0,0,0,0,0,0,0,0,1,0
2026-07-14T15:25:08.629+0000,15,1,0,3,0,0,0,1,328,330,357,328,339,392,0.042999982833862305,0,0,0,0,0,0,0,0,0,0,0,0,0,0,0,0,0,0,0,0,1,0
2026-07-14T15:25:08.632+0000,15,1,0,3,0,0,0,1,329,331,358,329,340,393,0.003000020980834961,0,0,0,0,0,0,0,0,0,0,0,0,0,0,0,0,0,0,0,0,1,0
2026-07-14T15:25:08.658+0000,15,1,0,3,0,0,0,1,330,332,359,330,341,394,0.026000022888183594,0,0,0,0,0,0,0,0,0,0,0,0,0,0,0,0,0,0,0,0,1,0
2026-07-14T15:25:08.669+0000,15,1,0,3,0,0,0,1,331,333,360,331,342,395,0.010999917984008789,0,0,0,0,0,0,0,0,0,0,0,0,0,0,0,0,0,0,0,0,1,0
2026-07-14T15:25:08.703+0000,15,1,0,3,0,0,0,1,332,334,361,332,343,396,0.03400015830993652,0,0,0,0,0,0,0,0,0,0,0,0,0,0,0,0,0,0,0,0,1,0
2026-07-14T15:25:08.750+0000,15,1,0,3,0,0,0,1,333,335,362,333,344,397,0.04699993133544922,0,0,0,0,0,0,0,0,0,0,0,0,0,0,0,0,0,0,0,0,1,0
2026-07-14T15:25:08.780+0000,15,1,0,3,0,0,0,1,334,336,363,334,345,398,0.029999971389770508,0,0,0,0,0,0,0,0,0,0,0,0,0,0,0,0,0,0,0,0,1,0
2026-07-14T15:25:08.868+0000,15,1,0,3,0,0,0,1,335,337,364,335,346,399,0.08800005912780762,0,0,0,0,0,0,0,0,0,0,0,0,0,0,0,0,0,0,0,0,1,0
2026-07-14T15:25:09.002+0000,15,1,0,3,0,0,0,1,336,338,365,336,347,400,0.13400006294250488,0,0,0,0,0,0,0,0,0,0,0,0,0,0,0,0,0,0,0,0,1,0
2026-07-14T15:25:09.045+0000,15,1,0,3,0,0,0,1,337,339,366,337,348,401,0.042999982833862305,0,0,0,0,0,0,0,0,0,0,0,0,0,0,0,0,0,0,0,0,1,0
2026-07-14T15:25:09.123+0000,15,1,0,3,0,0,0,1,338,340,367,338,349,402,0.07799983024597168,0,0,0,0,0,0,0,0,0,0,0,0,0,0,0,0,0,0,0,0,1,0
2026-07-14T15:25:09.159+0000,15,1,0,3,0,0,0,1,339,341,368,339,350,403,0.03600001335144043,0,0,0,0,0,0,0,0,0,0,0,0,0,0,0,0,0,0,0,0,1,0
2026-07-14T15:25:09.217+0000,15,1,0,3,0,0,0,1,340,342,369,340,351,404,0.05800008773803711,0,0,0,0,0,0,0,0,0,0,0,0,0,0,0,0,0,0,0,0,1,0
2026-07-14T15:25:09.340+0000,15,1,0,3,0,0,0,1,341,343,370,341,352,405,0.12299990653991699,0,0,0,0,0,0,0,0,0,0,0,0,0,0,0,0,0,0,0,0,1,0
2026-07-14T15:25:09.390+0000,15,1,0,3,0,0,0,1,342,344,371,342,353,406,0.05000019073486328,0,0,0,0,0,0,0,0,0,0,0,0,0,0,0,0,0,0,0,0,1,0
2026-07-14T15:25:09.410+0000,15,1,0,3,0,0,0,1,343,345,372,343,354,407,0.019999980926513672,0,0,0,0,0,0,0,0,0,0,0,0,0,0,0,0,0,0,0,0,1,0
2026-07-14T15:25:09.514+0000,15,1,0,3,0,0,0,1,344,346,373,344,355,408,0.10399985313415527,0,0,0,0,0,0,0,0,0,0,0,0,0,0,0,0,0,0,0,0,1,0
2026-07-14T15:25:09.574+0000,15,1,0,3,0,0,0,1,345,347,374,345,356,409,0.059999942779541016,0,0,0,0,0,0,0,0,0,0,0,0,0,0,0,0,0,0,0,0,1,0
2026-07-14T15:25:09.576+0000,15,1,0,3,0,0,0,1,346,348,375,346,357,410,0.002000093460083008,0,0,0,0,0,0,0,0,0,0,0,0,0,0,0,0,0,0,0,0,1,0
2026-07-14T15:25:09.625+0000,15,1,0,3,0,0,0,1,347,349,376,347,358,411,0.04900002479553223,0,0,0,0,0,0,0,0,0,0,0,0,0,0,0,0,0,0,0,0,1,0
2026-07-14T15:25:09.640+0000,15,1,0,3,0,0,0,1,348,350,377,348,359,412,0.015000104904174805,0,0,0,0,0,0,0,0,0,0,0,0,0,0,0,0,0,0,0,0,1,0
2026-07-14T15:25:09.715+0000,15,1,0,3,0,0,0,1,349,351,378,349,360,413,0.07499980926513672,0,0,0,0,0,0,0,0,0,0,0,0,0,0,0,0,0,0,0,0,1,0
2026-07-14T15:25:09.728+0000,15,1,0,3,0,0,0,1,350,352,379,350,361,414,0.013000011444091797,0,0,0,0,0,0,0,0,0,0,0,0,0,0,0,0,0,0,0,0,1,0
2026-07-14T15:25:09.751+0000,15,1,0,3,0,0,0,1,351,353,380,351,362,415,0.023000001907348633,0,0,0,0,0,0,0,0,0,0,0,0,0,0,0,0,0,0,0,0,1,0
2026-07-14T15:25:09.765+0000,15,1,0,3,0,0,0,1,352,354,381,352,363,416,0.014000177383422852,0,0,0,0,0,0,0,0,0,0,0,0,0,0,0,0,0,0,0,0,1,0
2026-07-14T15:25:09.825+0000,15,1,0,3,0,0,0,1,353,355,382,353,364,417,0.059999942779541016,0,0,0,0,0,0,0,0,0,0,0,0,0,0,0,0,0,0,0,0,1,0
2026-07-14T15:25:09.856+0000,15,1,0,3,0,0,0,1,354,356,383,354,365,418,0.03099989891052246,0,0,0,0,0,0,0,0,0,0,0,0,0,0,0,0,0,0,0,0,1,0
2026-07-14T15:25:10.049+0000,15,1,0,3,0,0,0,1,355,357,384,355,366,419,0.19300007820129395,0,0,0,0,0,0,0,0,0,0,0,0,0,0,0,0,0,0,0,0,1,0
2026-07-14T15:25:10.145+0000,15,1,0,3,0,0,0,1,356,358,385,356,367,420,0.09599995613098145,0,0,0,0,0,0,0,0,0,0,0,0,0,0,0,0,0,0,0,0,1,0
2026-07-14T15:25:10.176+0000,15,1,0,3,0,0,0,1,357,359,386,357,368,421,0.031000137329101562,0,0,0,0,0,0,0,0,0,0,0,0,0,0,0,0,0,0,0,0,1,0
2026-07-14T15:25:10.193+0000,15,1,0,3,0,0,0,1,358,360,387,358,369,422,0.01699995994567871,0,0,0,0,0,0,0,0,0,0,0,0,0,0,0,0,0,0,0,0,1,0
2026-07-14T15:25:10.232+0000,15,1,0,3,0,0,0,1,359,361,388,359,370,423,0.03900003433227539,0,0,0,0,0,0,0,0,0,0,0,0,0,0,0,0,0,0,0,0,1,0
2026-07-14T15:25:10.232+0000,15,1,0,3,0,0,0,1,360,362,389,360,371,424,0.0,0,0,0,0,0,0,0,0,0,0,0,0,0,0,0,0,0,0,0,0,1,0
2026-07-14T15:25:10.247+0000,15,1,0,3,0,0,0,1,361,363,390,361,372,425,0.014999866485595703,0,0,0,0,0,0,0,0,0,0,0,0,0,0,0,0,0,0,0,0,1,0
2026-07-14T15:25:10.301+0000,15,1,0,3,0,0,0,1,362,364,391,362,373,426,0.054000139236450195,0,0,0,0,0,0,0,0,0,0,0,0,0,0,0,0,0,0,0,0,1,0
2026-07-14T15:25:10.329+0000,15,1,0,3,0,0,0,1,363,365,392,363,374,427,0.0279998779296875,0,0,0,0,0,0,0,0,0,0,0,0,0,0,0,0,0,0,0,0,1,0
2026-07-14T15:25:10.401+0000,15,1,0,3,0,0,0,1,364,366,393,364,375,428,0.07200002670288086,0,0,0,0,0,0,0,0,0,0,0,0,0,0,0,0,0,0,0,0,1,0
2026-07-14T15:25:10.418+0000,15,1,0,3,0,0,0,1,365,367,394,365,376,429,0.01699995994567871,0,0,0,0,0,0,0,0,0,0,0,0,0,0,0,0,0,0,0,0,1,0
2026-07-14T15:25:10.464+0000,15,1,0,3,0,0,0,1,366,368,395,366,377,430,0.046000003814697266,0,0,0,0,0,0,0,0,0,0,0,0,0,0,0,0,0,0,0,0,1,0
2026-07-14T15:25:10.494+0000,15,1,0,3,0,0,0,1,367,369,396,367,378,431,0.029999971389770508,0,0,0,0,0,0,0,0,0,0,0,0,0,0,0,0,0,0,0,0,1,0
2026-07-14T15:25:10.494+0000,15,1,0,3,0,0,0,1,368,370,397,368,379,432,0.0,0,0,0,0,0,0,0,0,0,0,0,0,0,0,0,0,0,0,0,0,1,0
2026-07-14T15:25:10.495+0000,15,1,0,3,0,0,0,1,369,371,398,369,380,433,0.0009999275207519531,0,0,0,0,0,0,0,0,0,0,0,0,0,0,0,0,0,0,0,0,1,0
2026-07-14T15:25:10.568+0000,15,1,0,3,0,0,0,1,370,372,399,370,381,434,0.07300019264221191,0,0,0,0,0,0,0,0,0,0,0,0,0,0,0,0,0,0,0,0,1,0
2026-07-14T15:25:10.582+0000,15,1,0,3,0,0,0,1,371,373,400,371,382,435,0.01399993896484375,0,0,0,0,0,0,0,0,0,0,0,0,0,0,0,0,0,0,0,0,1,0
2026-07-14T15:25:10.699+0000,15,1,0,3,0,0,0,1,372,374,401,372,383,436,0.11699986457824707,0,0,0,0,0,0,0,0,0,0,0,0,0,0,0,0,0,0,0,0,1,0
2026-07-14T15:25:10.732+0000,15,1,0,3,0,0,0,1,373,375,402,373,384,437,0.03300023078918457,0,0,0,0,0,0,0,0,0,0,0,0,0,0,0,0,0,0,0,0,1,0
2026-07-14T15:25:10.762+0000,15,1,0,3,0,0,0,1,374,376,403,374,385,438,0.029999971389770508,0,0,0,0,0,0,0,0,0,0,0,0,0,0,0,0,0,0,0,0,1,0
2026-07-14T15:25:10.840+0000,15,1,0,3,0,0,0,1,375,377,404,375,386,439,0.07799983024597168,0,0,0,0,0,0,0,0,0,0,0,0,0,0,0,0,0,0,0,0,1,0
2026-07-14T15:25:10.911+0000,15,1,0,3,0,0,0,1,376,378,405,376,387,440,0.0710000991821289,0,0,0,0,0,0,0,0,0,0,0,0,0,0,0,0,0,0,0,0,1,0
2026-07-14T15:25:10.911+0000,15,1,0,3,0,0,0,1,377,379,406,377,388,441,0.0,0,0,0,0,0,0,0,0,0,0,0,0,0,0,0,0,0,0,0,0,1,0
2026-07-14T15:25:10.944+0000,15,1,0,3,0,0,0,1,378,380,407,378,389,442,0.03299999237060547,0,0,0,0,0,0,0,0,0,0,0,0,0,0,0,0,0,0,0,0,1,0
2026-07-14T15:25:10.987+0000,15,1,0,3,0,0,0,1,379,381,408,379,390,443,0.042999982833862305,0,0,0,0,0,0,0,0,0,0,0,0,0,0,0,0,0,0,0,0,1,0
2026-07-14T15:25:11.001+0000,15,1,0,3,0,0,0,1,380,382,409,380,391,444,0.01399993896484375,0,0,0,0,0,0,0,0,0,0,0,0,0,0,0,0,0,0,0,0,1,0
2026-07-14T15:25:11.026+0000,15,1,0,3,0,0,0,1,381,383,410,381,392,445,0.02500009536743164,0,0,0,0,0,0,0,0,0,0,0,0,0,0,0,0,0,0,0,0,1,0
2026-07-14T15:25:11.118+0000,15,1,0,3,0,0,0,1,382,384,411,382,393,446,0.09200000762939453,0,0,0,0,0,0,0,0,0,0,0,0,0,0,0,0,0,0,0,0,1,0
2026-07-14T15:25:11.164+0000,15,1,0,3,0,0,0,1,383,385,412,383,394,447,0.046000003814697266,0,0,0,0,0,0,0,0,0,0,0,0,0,0,0,0,0,0,0,0,1,0
2026-07-14T15:25:11.174+0000,15,1,0,3,0,0,0,1,384,386,413,384,395,448,0.009999990463256836,0,0,0,0,0,0,0,0,0,0,0,0,0,0,0,0,0,0,0,0,1,0
2026-07-14T15:25:11.286+0000,15,1,0,3,0,0,0,1,385,387,414,385,396,449,0.1119999885559082,0,0,0,0,0,0,0,0,0,0,0,0,0,0,0,0,0,0,0,0,1,0
2026-07-14T15:25:11.296+0000,15,1,0,3,0,0,0,1,386,388,415,386,397,450,0.009999990463256836,0,0,0,0,0,0,0,0,0,0,0,0,0,0,0,0,0,0,0,0,1,0
2026-07-14T15:25:11.305+0000,15,1,0,3,0,0,0,1,387,389,416,387,398,451,0.009000062942504883,0,0,0,0,0,0,0,0,0,0,0,0,0,0,0,0,0,0,0,0,1,0
2026-07-14T15:25:11.326+0000,15,1,0,3,0,0,0,1,388,390,417,388,399,452,0.020999908447265625,0,0,0,0,0,0,0,0,0,0,0,0,0,0,0,0,0,0,0,0,1,0
2026-07-14T15:25:11.330+0000,15,1,0,3,0,0,0,1,389,391,418,389,400,453,0.003999948501586914,0,0,0,0,0,0,0,0,0,0,0,0,0,0,0,0,0,0,0,0,1,0
2026-07-14T15:25:11.387+0000,15,1,0,3,0,0,0,1,390,392,419,390,401,454,0.057000160217285156,0,0,0,0,0,0,0,0,0,0,0,0,0,0,0,0,0,0,0,0,1,0
2026-07-14T15:25:11.453+0000,15,1,0,3,0,0,0,1,391,393,420,391,402,455,0.06599998474121094,0,0,0,0,0,0,0,0,0,0,0,0,0,0,0,0,0,0,0,0,1,0
2026-07-14T15:25:11.560+0000,15,1,0,3,0,0,0,1,392,394,421,392,403,456,0.10699987411499023,0,0,0,0,0,0,0,0,0,0,0,0,0,0,0,0,0,0,0,0,1,0
2026-07-14T15:25:11.560+0000,15,1,0,3,0,0,0,1,393,395,422,393,404,457,0.0,0,0,0,0,0,0,0,0,0,0,0,0,0,0,0,0,0,0,0,0,1,0
2026-07-14T15:25:11.560+0000,15,1,0,3,0,0,0,1,394,396,423,394,405,458,0.0,0,0,0,0,0,0,0,0,0,0,0,0,0,0,0,0,0,0,0,0,1,0
2026-07-14T15:25:11.726+0000,15,1,0,3,0,0,0,1,395,397,424,395,406,459,0.1660001277923584,0,0,0,0,0,0,0,0,0,0,0,0,0,0,0,0,0,0,0,0,1,0
2026-07-14T15:25:11.726+0000,15,1,0,3,0,0,0,1,396,398,425,396,407,460,0.0,0,0,0,0,0,0,0,0,0,0,0,0,0,0,0,0,0,0,0,0,1,0
2026-07-14T15:25:11.798+0000,15,1,0,3,0,0,0,1,397,399,426,397,408,461,0.07200002670288086,0,0,0,0,0,0,0,0,0,0,0,0,0,0,0,0,0,0,0,0,1,0
2026-07-14T15:25:11.827+0000,15,1,0,3,0,0,0,1,398,400,427,398,409,462,0.028999805450439453,0,0,0,0,0,0,0,0,0,0,0,0,0,0,0,0,0,0,0,0,1,0
2026-07-14T15:25:11.843+0000,15,1,0,3,0,0,0,1,399,401,428,399,410,463,0.016000032424926758,0,0,0,0,0,0,0,0,0,0,0,0,0,0,0,0,0,0,0,0,1,0
2026-07-14T15:25:11.925+0000,15,1,0,3,0,0,0,1,400,402,429,400,411,464,0.0820000171661377,0,0,0,0,0,0,0,0,0,0,0,0,0,0,0,0,0,0,0,0,1,0
2026-07-14T15:25:12.053+0000,15,1,0,3,0,0,0,1,401,403,430,401,412,465,0.12800002098083496,0,0,0,0,0,0,0,0,0,0,0,0,0,0,0,0,0,0,0,0,1,0
2026-07-14T15:25:12.058+0000,15,1,0,3,0,0,0,1,402,404,431,402,413,466,0.005000114440917969,0,0,0,0,0,0,0,0,0,0,0,0,0,0,0,0,0,0,0,0,1,0
2026-07-14T15:25:12.072+0000,15,1,0,3,0,0,0,1,403,405,432,403,414,467,0.01399993896484375,0,0,0,0,0,0,0,0,0,0,0,0,0,0,0,0,0,0,0,0,1,0
2026-07-14T15:25:12.199+0000,15,1,0,3,0,0,0,1,404,406,433,404,415,468,0.1269998550415039,0,0,0,0,0,0,0,0,0,0,0,0,0,0,0,0,0,0,0,0,1,0
2026-07-14T15:25:12.248+0000,15,1,0,3,0,0,0,1,405,407,434,405,416,469,0.04900002479553223,0,0,0,0,0,0,0,0,0,0,0,0,0,0,0,0,0,0,0,0,1,0
2026-07-14T15:25:12.287+0000,15,1,0,3,0,0,0,1,406,408,435,406,417,470,0.03900003433227539,0,0,0,0,0,0,0,0,0,0,0,0,0,0,0,0,0,0,0,0,1,0
2026-07-14T15:25:12.327+0000,15,1,0,3,0,0,0,1,407,409,436,407,418,471,0.039999961853027344,0,0,0,0,0,0,0,0,0,0,0,0,0,0,0,0,0,0,0,0,1,0
2026-07-14T15:25:12.334+0000,15,1,0,3,0,0,0,1,408,410,437,408,419,472,0.0070002079010009766,0,0,0,0,0,0,0,0,0,0,0,0,0,0,0,0,0,0,0,0,1,0
2026-07-14T15:25:12.543+0000,15,1,0,3,0,0,0,1,409,411,438,409,420,473,0.2089998722076416,0,0,0,0,0,0,0,0,0,0,0,0,0,0,0,0,0,0,0,0,1,0
2026-07-14T15:25:12.544+0000,15,1,0,3,0,0,0,1,410,412,439,410,421,474,0.0009999275207519531,0,0,0,0,0,0,0,0,0,0,0,0,0,0,0,0,0,0,0,0,1,0
2026-07-14T15:25:12.544+0000,15,1,0,3,0,0,0,1,411,413,440,411,422,475,0.0,0,0,0,0,0,0,0,0,0,0,0,0,0,0,0,0,0,0,0,0,1,0
2026-07-14T15:25:12.549+0000,15,1,0,3,0,0,0,1,412,414,441,412,423,476,0.005000114440917969,0,0,0,0,0,0,0,0,0,0,0,0,0,0,0,0,0,0,0,0,1,0
2026-07-14T15:25:12.560+0000,15,1,0,3,0,0,0,1,413,415,442,413,424,477,0.010999917984008789,0,0,0,0,0,0,0,0,0,0,0,0,0,0,0,0,0,0,0,0,1,0
2026-07-14T15:25:12.561+0000,15,1,0,3,0,0,0,1,414,416,443,414,425,478,0.0010001659393310547,0,0,0,0,0,0,0,0,0,0,0,0,0,0,0,0,0,0,0,0,1,0
2026-07-14T15:25:12.561+0000,15,1,0,3,0,0,0,1,415,417,444,415,426,479,0.0,0,0,0,0,0,0,0,0,0,0,0,0,0,0,0,0,0,0,0,0,1,0
2026-07-14T15:25:12.561+0000,15,1,0,3,0,0,0,1,416,418,445,416,427,480,0.0,0,0,0,0,0,0,0,0,0,0,0,0,0,0,0,0,0,0,0,0,1,0
2026-07-14T15:25:12.583+0000,15,1,0,3,0,0,0,1,417,419,446,417,428,481,0.021999835968017578,0,0,0,0,0,0,0,0,0,0,0,0,0,0,0,0,0,0,0,0,1,0
2026-07-14T15:25:12.607+0000,15,1,0,3,0,0,0,1,418,420,447,418,429,482,0.024000167846679688,0,0,0,0,0,0,0,0,0,0,0,0,0,0,0,0,0,0,0,0,1,0
2026-07-14T15:25:12.713+0000,15,1,0,3,0,0,0,1,419,421,448,419,430,483,0.10599994659423828,0,0,0,0,0,0,0,0,0,0,0,0,0,0,0,0,0,0,0,0,1,0
2026-07-14T15:25:12.730+0000,15,1,0,3,0,0,0,1,420,422,449,420,431,484,0.01699995994567871,0,0,0,0,0,0,0,0,0,0,0,0,0,0,0,0,0,0,0,0,1,0
2026-07-14T15:25:12.759+0000,15,1,0,3,0,0,0,1,421,423,450,421,432,485,0.029000043869018555,0,0,0,0,0,0,0,0,0,0,0,0,0,0,0,0,0,0,0,0,1,0
2026-07-14T15:25:12.829+0000,15,1,0,3,0,0,0,1,422,424,451,422,433,486,0.06999993324279785,0,0,0,0,0,0,0,0,0,0,0,0,0,0,0,0,0,0,0,0,1,0
2026-07-14T15:25:12.913+0000,15,1,0,3,0,0,0,1,423,425,452,423,434,487,0.0840001106262207,0,0,0,0,0,0,0,0,0,0,0,0,0,0,0,0,0,0,0,0,1,0
2026-07-14T15:25:12.938+0000,15,1,0,3,0,0,0,1,424,426,453,424,435,488,0.02499985694885254,0,0,0,0,0,0,0,0,0,0,0,0,0,0,0,0,0,0,0,0,1,0
2026-07-14T15:25:12.964+0000,15,1,0,3,0,0,0,1,425,427,454,425,436,489,0.026000022888183594,0,0,0,0,0,0,0,0,0,0,0,0,0,0,0,0,0,0,0,0,1,0
2026-07-14T15:25:13.072+0000,15,1,0,3,0,0,0,1,426,428,455,426,437,490,0.10800004005432129,0,0,0,0,0,0,0,0,0,0,0,0,0,0,0,0,0,0,0,0,1,0
2026-07-14T15:25:13.145+0000,15,1,0,3,0,0,0,1,427,429,456,427,438,491,0.07299995422363281,0,0,0,0,0,0,0,0,0,0,0,0,0,0,0,0,0,0,0,0,1,0
2026-07-14T15:25:13.192+0000,15,1,0,3,0,0,0,1,428,430,457,428,439,492,0.04699993133544922,0,0,0,0,0,0,0,0,0,0,0,0,0,0,0,0,0,0,0,0,1,0
2026-07-14T15:25:13.275+0000,15,1,0,3,0,0,0,1,429,431,458,429,440,493,0.08300018310546875,0,0,0,0,0,0,0,0,0,0,0,0,0,0,0,0,0,0,0,0,1,0
2026-07-14T15:25:13.287+0000,15,1,0,3,0,0,0,1,430,432,459,430,441,494,0.011999845504760742,0,0,0,0,0,0,0,0,0,0,0,0,0,0,0,0,0,0,0,0,1,0
2026-07-14T15:25:13.325+0000,15,1,0,3,0,0,0,1,431,433,460,431,442,495,0.03800010681152344,0,0,0,0,0,0,0,0,0,0,0,0,0,0,0,0,0,0,0,0,1,0
2026-07-14T15:25:13.344+0000,15,1,0,3,0,0,0,1,432,434,461,432,443,496,0.01900005340576172,0,0,0,0,0,0,0,0,0,0,0,0,0,0,0,0,0,0,0,0,1,0
2026-07-14T15:25:13.394+0000,15,1,0,3,0,0,0,1,433,435,462,433,444,497,0.04999995231628418,0,0,0,0,0,0,0,0,0,0,0,0,0,0,0,0,0,0,0,0,1,0
2026-07-14T15:25:13.405+0000,15,1,0,3,0,0,0,1,434,436,463,434,445,498,0.010999917984008789,0,0,0,0,0,0,0,0,0,0,0,0,0,0,0,0,0,0,0,0,1,0
2026-07-14T15:25:13.478+0000,15,1,0,3,0,0,0,1,435,437,464,435,446,499,0.07299995422363281,0,0,0,0,0,0,0,0,0,0,0,0,0,0,0,0,0,0,0,0,1,0
2026-07-14T15:25:13.494+0000,15,1,0,3,0,0,0,1,436,438,465,436,447,500,0.016000032424926758,0,0,0,0,0,0,0,0,0,0,0,0,0,0,0,0,0,0,0,0,1,0
2026-07-14T15:25:13.551+0000,15,1,0,3,0,0,0,1,437,439,466,437,448,501,0.057000160217285156,0,0,0,0,0,0,0,0,0,0,0,0,0,0,0,0,0,0,0,0,1,0
2026-07-14T15:25:13.559+0000,15,1,0,3,0,0,0,1,438,440,467,438,449,502,0.007999897003173828,0,0,0,0,0,0,0,0,0,0,0,0,0,0,0,0,0,0,0,0,1,0
2026-07-14T15:25:13.712+0000,15,1,0,3,0,0,0,1,439,441,468,439,450,503,0.1529998779296875,0,0,0,0,0,0,0,0,0,0,0,0,0,0,0,0,0,0,0,0,1,0
2026-07-14T15:25:13.779+0000,15,1,0,3,0,0,0,1,440,442,469,440,451,504,0.06700015068054199,0,0,0,0,0,0,0,0,0,0,0,0,0,0,0,0,0,0,0,0,1,0
2026-07-14T15:25:13.826+0000,15,1,0,3,0,0,0,1,441,443,470,441,452,505,0.04699993133544922,0,0,0,0,0,0,0,0,0,0,0,0,0,0,0,0,0,0,0,0,1,0
2026-07-14T15:25:13.830+0000,15,1,0,3,0,0,0,1,442,444,471,442,453,506,0.003999948501586914,0,0,0,0,0,0,0,0,0,0,0,0,0,0,0,0,0,0,0,0,1,0
2026-07-14T15:25:13.958+0000,15,1,0,3,0,0,0,1,443,445,472,443,454,507,0.12800002098083496,0,0,0,0,0,0,0,0,0,0,0,0,0,0,0,0,0,0,0,0,1,0
2026-07-14T15:25:14.025+0000,15,1,0,3,0,0,0,1,444,446,473,444,455,508,0.06700015068054199,0,0,0,0,0,0,0,0,0,0,0,0,0,0,0,0,0,0,0,0,1,0
2026-07-14T15:25:14.025+0000,15,1,0,3,0,0,0,1,445,447,474,445,456,509,0.0,0,0,0,0,0,0,0,0,0,0,0,0,0,0,0,0,0,0,0,0,1,0
2026-07-14T15:25:14.025+0000,15,1,0,3,0,0,0,1,446,448,475,446,457,510,0.0,0,0,0,0,0,0,0,0,0,0,0,0,0,0,0,0,0,0,0,0,1,0
2026-07-14T15:25:14.028+0000,15,1,0,3,0,0,0,1,447,449,476,447,458,511,0.003000020980834961,0,0,0,0,0,0,0,0,0,0,0,0,0,0,0,0,0,0,0,0,1,0
2026-07-14T15:25:14.072+0000,15,1,0,3,0,0,0,1,448,450,477,448,459,512,0.04399991035461426,0,0,0,0,0,0,0,0,0,0,0,0,0,0,0,0,0,0,0,0,1,0
2026-07-14T15:25:14.106+0000,15,1,0,3,0,0,0,1,449,451,478,449,460,513,0.03399991989135742,0,0,0,0,0,0,0,0,0,0,0,0,0,0,0,0,0,0,0,0,1,0
2026-07-14T15:25:14.145+0000,15,1,0,3,0,0,0,1,450,452,479,450,461,514,0.03900003433227539,0,0,0,0,0,0,0,0,0,0,0,0,0,0,0,0,0,0,0,0,1,0
2026-07-14T15:25:14.197+0000,15,1,0,3,0,0,0,1,451,453,480,451,462,515,0.05200004577636719,0,0,0,0,0,0,0,0,0,0,0,0,0,0,0,0,0,0,0,0,1,0
2026-07-14T15:25:14.208+0000,15,1,0,3,0,0,0,1,452,454,481,452,463,516,0.010999917984008789,0,0,0,0,0,0,0,0,0,0,0,0,0,0,0,0,0,0,0,0,1,0
2026-07-14T15:25:14.214+0000,15,1,0,3,0,0,0,1,453,455,482,453,464,517,0.006000041961669922,0,0,0,0,0,0,0,0,0,0,0,0,0,0,0,0,0,0,0,0,1,0
2026-07-14T15:25:14.237+0000,15,1,0,3,0,0,0,1,454,456,483,454,465,518,0.023000001907348633,0,0,0,0,0,0,0,0,0,0,0,0,0,0,0,0,0,0,0,0,1,0
2026-07-14T15:25:14.291+0000,15,1,0,3,0,0,0,1,455,457,484,455,466,519,0.053999900817871094,0,0,0,0,0,0,0,0,0,0,0,0,0,0,0,0,0,0,0,0,1,0
2026-07-14T15:25:14.411+0000,15,1,0,3,0,0,0,1,456,458,485,456,467,520,0.12000012397766113,0,0,0,0,0,0,0,0,0,0,0,0,0,0,0,0,0,0,0,0,1,0
2026-07-14T15:25:14.575+0000,15,1,0,3,0,0,0,1,457,459,486,457,468,521,0.1640000343322754,0,0,0,0,0,0,0,0,0,0,0,0,0,0,0,0,0,0,0,0,1,0
2026-07-14T15:25:14.575+0000,15,1,0,3,0,0,0,1,458,460,487,458,469,522,0.0,0,0,0,0,0,0,0,0,0,0,0,0,0,0,0,0,0,0,0,0,1,0
2026-07-14T15:25:14.575+0000,15,1,0,3,0,0,0,1,459,461,488,459,470,523,0.0,0,0,0,0,0,0,0,0,0,0,0,0,0,0,0,0,0,0,0,0,1,0
2026-07-14T15:25:14.577+0000,15,1,0,3,0,0,0,1,460,462,489,460,471,524,0.0019998550415039062,0,0,0,0,0,0,0,0,0,0,0,0,0,0,0,0,0,0,0,0,1,0
2026-07-14T15:25:14.615+0000,15,1,0,3,0,0,0,1,461,463,490,461,472,525,0.03800010681152344,0,0,0,0,0,0,0,0,0,0,0,0,0,0,0,0,0,0,0,0,1,0
2026-07-14T15:25:14.675+0000,15,1,0,3,0,0,0,1,462,464,491,462,473,526,0.059999942779541016,0,0,0,0,0,0,0,0,0,0,0,0,0,0,0,0,0,0,0,0,1,0
2026-07-14T15:25:14.714+0000,15,1,0,3,0,0,0,1,463,465,492,463,474,527,0.03900003433227539,0,0,0,0,0,0,0,0,0,0,0,0,0,0,0,0,0,0,0,0,1,0
2026-07-14T15:25:14.753+0000,15,1,0,3,0,0,0,1,464,466,493,464,475,528,0.03900003433227539,0,0,0,0,0,0,0,0,0,0,0,0,0,0,0,0,0,0,0,0,1,0
2026-07-14T15:25:14.776+0000,15,1,0,3,0,0,0,1,465,467,494,465,476,529,0.023000001907348633,0,0,0,0,0,0,0,0,0,0,0,0,0,0,0,0,0,0,0,0,1,0
2026-07-14T15:25:14.782+0000,15,1,0,3,0,0,0,1,466,468,495,466,477,530,0.006000041961669922,0,0,0,0,0,0,0,0,0,0,0,0,0,0,0,0,0,0,0,0,1,0
2026-07-14T15:25:14.787+0000,15,1,0,3,0,0,0,1,467,469,496,467,478,531,0.004999876022338867,0,0,0,0,0,0,0,0,0,0,0,0,0,0,0,0,0,0,0,0,1,0
2026-07-14T15:25:14.807+0000,15,1,0,3,0,0,0,1,468,470,497,468,479,532,0.019999980926513672,0,0,0,0,0,0,0,0,0,0,0,0,0,0,0,0,0,0,0,0,1,0
2026-07-14T15:25:14.808+0000,15,1,0,3,0,0,0,1,469,471,498,469,480,533,0.0010001659393310547,0,0,0,0,0,0,0,0,0,0,0,0,0,0,0,0,0,0,0,0,1,0
2026-07-14T15:25:14.871+0000,15,1,0,3,0,0,0,1,470,472,499,470,481,534,0.06299996376037598,0,0,0,0,0,0,0,0,0,0,0,0,0,0,0,0,0,0,0,0,1,0
2026-07-14T15:25:14.956+0000,15,1,0,3,0,0,0,1,471,473,500,471,482,535,0.08500003814697266,0,0,0,0,0,0,0,0,0,0,0,0,0,0,0,0,0,0,0,0,1,0
2026-07-14T15:25:14.986+0000,15,1,0,3,0,0,0,1,472,474,501,472,483,536,0.029999971389770508,0,0,0,0,0,0,0,0,0,0,0,0,0,0,0,0,0,0,0,0,1,0
2026-07-14T15:25:14.993+0000,15,1,0,3,0,0,0,1,473,475,502,473,484,537,0.006999969482421875,0,0,0,0,0,0,0,0,0,0,0,0,0,0,0,0,0,0,0,0,1,0
2026-07-14T15:25:15.010+0000,15,1,0,3,0,0,0,1,474,476,503,474,485,538,0.01699995994567871,0,0,0,0,0,0,0,0,0,0,0,0,0,0,0,0,0,0,0,0,1,0
2026-07-14T15:25:15.033+0000,15,1,0,3,0,0,0,1,475,477,504,475,486,539,0.023000001907348633,0,0,0,0,0,0,0,0,0,0,0,0,0,0,0,0,0,0,0,0,1,0
2026-07-14T15:25:15.037+0000,15,1,0,3,0,0,0,1,476,478,505,476,487,540,0.003999948501586914,0,0,0,0,0,0,0,0,0,0,0,0,0,0,0,0,0,0,0,0,1,0
2026-07-14T15:25:15.066+0000,15,1,0,3,0,0,0,1,477,479,506,477,488,541,0.029000043869018555,0,0,0,0,0,0,0,0,0,0,0,0,0,0,0,0,0,0,0,0,1,0
2026-07-14T15:25:15.074+0000,15,1,0,3,0,0,0,1,478,480,507,478,489,542,0.007999897003173828,0,0,0,0,0,0,0,0,0,0,0,0,0,0,0,0,0,0,0,0,1,0
2026-07-14T15:25:15.105+0000,15,1,0,3,0,0,0,1,479,481,508,479,490,543,0.031000137329101562,0,0,0,0,0,0,0,0,0,0,0,0,0,0,0,0,0,0,0,0,1,0
2026-07-14T15:25:15.178+0000,15,1,0,3,0,0,0,1,480,482,509,480,491,544,0.07299995422363281,0,0,0,0,0,0,0,0,0,0,0,0,0,0,0,0,0,0,0,0,1,0
2026-07-14T15:25:15.179+0000,15,1,0,3,0,0,0,1,481,483,510,481,492,545,0.0009999275207519531,0,0,0,0,0,0,0,0,0,0,0,0,0,0,0,0,0,0,0,0,1,0
2026-07-14T15:25:15.208+0000,15,1,0,3,0,0,0,1,482,484,511,482,493,546,0.029000043869018555,0,0,0,0,0,0,0,0,0,0,0,0,0,0,0,0,0,0,0,0,1,0
2026-07-14T15:25:15.331+0000,15,1,0,3,0,0,0,1,483,485,512,483,494,547,0.1230001449584961,0,0,0,0,0,0,0,0,0,0,0,0,0,0,0,0,0,0,0,0,1,0
2026-07-14T15:25:15.414+0000,15,1,0,3,0,0,0,1,484,486,513,484,495,548,0.08299994468688965,0,0,0,0,0,0,0,0,0,0,0,0,0,0,0,0,0,0,0,0,1,0
2026-07-14T15:25:15.496+0000,15,1,0,3,0,0,0,1,485,487,514,485,496,549,0.0820000171661377,0,0,0,0,0,0,0,0,0,0,0,0,0,0,0,0,0,0,0,0,1,0
2026-07-14T15:25:15.496+0000,15,1,0,3,0,0,0,1,486,488,515,486,497,550,0.0,0,0,0,0,0,0,0,0,0,0,0,0,0,0,0,0,0,0,0,0,1,0
2026-07-14T15:25:15.496+0000,15,1,0,3,0,0,0,1,487,489,516,487,498,551,0.0,0,0,0,0,0,0,0,0,0,0,0,0,0,0,0,0,0,0,0,0,1,0
2026-07-14T15:25:15.496+0000,15,1,0,3,0,0,0,1,488,490,517,488,499,552,0.0,0,0,0,0,0,0,0,0,0,0,0,0,0,0,0,0,0,0,0,0,1,0
2026-07-14T15:25:15.511+0000,15,1,0,3,0,0,0,1,489,491,518,489,500,553,0.014999866485595703,0,0,0,0,0,0,0,0,0,0,0,0,0,0,0,0,0,0,0,0,1,0
2026-07-14T15:25:15.538+0000,15,1,0,3,0,0,0,1,490,492,519,490,501,554,0.02700018882751465,0,0,0,0,0,0,0,0,0,0,0,0,0,0,0,0,0,0,0,0,1,0
2026-07-14T15:25:15.546+0000,15,1,0,3,0,0,0,1,491,493,520,491,502,555,0.007999897003173828,0,0,0,0,0,0,0,0,0,0,0,0,0,0,0,0,0,0,0,0,1,0
2026-07-14T15:25:15.558+0000,15,1,0,3,0,0,0,1,492,494,521,492,503,556,0.012000083923339844,0,0,0,0,0,0,0,0,0,0,0,0,0,0,0,0,0,0,0,0,1,0
2026-07-14T15:25:15.575+0000,15,1,0,3,0,0,0,1,493,495,522,493,504,557,0.01699995994567871,0,0,0,0,0,0,0,0,0,0,0,0,0,0,0,0,0,0,0,0,1,0
2026-07-14T15:25:15.603+0000,15,1,0,3,0,0,0,1,494,496,523,494,505,558,0.0279998779296875,0,0,0,0,0,0,0,0,0,0,0,0,0,0,0,0,0,0,0,0,1,0
2026-07-14T15:25:15.658+0000,15,1,0,3,0,0,0,1,495,497,524,495,506,559,0.05500006675720215,0,0,0,0,0,0,0,0,0,0,0,0,0,0,0,0,0,0,0,0,1,0
2026-07-14T15:25:15.721+0000,15,1,0,3,0,0,0,1,496,498,525,496,507,560,0.06299996376037598,0,0,0,0,0,0,0,0,0,0,0,0,0,0,0,0,0,0,0,0,1,0
2026-07-14T15:25:15.731+0000,15,1,0,3,0,0,0,1,497,499,526,497,508,561,0.009999990463256836,0,0,0,0,0,0,0,0,0,0,0,0,0,0,0,0,0,0,0,0,1,0
2026-07-14T15:25:15.752+0000,15,1,0,3,0,0,0,1,498,500,527,498,509,562,0.021000146865844727,0,0,0,0,0,0,0,0,0,0,0,0,0,0,0,0,0,0,0,0,1,0
2026-07-14T15:25:15.800+0000,15,1,0,3,0,0,0,1,499,501,528,499,510,563,0.04799985885620117,0,0,0,0,0,0,0,0,0,0,0,0,0,0,0,0,0,0,0,0,1,0
2026-07-14T15:25:15.810+0000,15,1,0,3,0,0,0,1,500,502,529,500,511,564,0.009999990463256836,0,0,0,0,0,0,0,0,0,0,0,0,0,0,0,0,0,0,0,0,1,0
2026-07-14T15:25:15.852+0000,15,1,0,3,0,0,0,1,501,503,530,501,512,565,0.04200005531311035,0,0,0,0,0,0,0,0,0,0,0,0,0,0,0,0,0,0,0,0,1,0
2026-07-14T15:25:15.899+0000,15,1,0,3,0,0,0,1,502,504,531,502,513,566,0.04699993133544922,0,0,0,0,0,0,0,0,0,0,0,0,0,0,0,0,0,0,0,0,1,0
2026-07-14T15:25:15.975+0000,15,1,0,3,0,0,0,1,503,505,532,503,514,567,0.07599997520446777,0,0,0,0,0,0,0,0,0,0,0,0,0,0,0,0,0,0,0,0,1,0
2026-07-14T15:25:16.089+0000,15,1,0,3,0,0,0,1,504,506,533,504,515,568,0.11400008201599121,0,0,0,0,0,0,0,0,0,0,0,0,0,0,0,0,0,0,0,0,1,0
2026-07-14T15:25:16.094+0000,15,1,0,3,0,0,0,1,505,507,534,505,516,569,0.005000114440917969,0,0,0,0,0,0,0,0,0,0,0,0,0,0,0,0,0,0,0,0,1,0
2026-07-14T15:25:16.149+0000,15,1,0,3,0,0,0,1,506,508,535,506,517,570,0.05499982833862305,0,0,0,0,0,0,0,0,0,0,0,0,0,0,0,0,0,0,0,0,1,0
2026-07-14T15:25:16.163+0000,15,1,0,3,0,0,0,1,507,509,536,507,518,571,0.014000177383422852,0,0,0,0,0,0,0,0,0,0,0,0,0,0,0,0,0,0,0,0,1,0
2026-07-14T15:25:16.193+0000,15,1,0,3,0,0,0,1,508,510,537,508,519,572,0.029999971389770508,0,0,0,0,0,0,0,0,0,0,0,0,0,0,0,0,0,0,0,0,1,0
2026-07-14T15:25:16.227+0000,15,1,0,3,0,0,0,1,509,511,538,509,520,573,0.03399991989135742,0,0,0,0,0,0,0,0,0,0,0,0,0,0,0,0,0,0,0,0,1,0
2026-07-14T15:25:16.250+0000,15,1,0,3,0,0,0,1,510,512,539,510,521,574,0.023000001907348633,0,0,0,0,0,0,0,0,0,0,0,0,0,0,0,0,0,0,0,0,1,0
2026-07-14T15:25:16.362+0000,15,1,0,3,0,0,0,1,511,513,540,511,522,575,0.1119999885559082,0,0,0,0,0,0,0,0,0,0,0,0,0,0,0,0,0,0,0,0,1,0
2026-07-14T15:25:16.416+0000,15,1,0,3,0,0,0,1,512,514,541,512,523,576,0.053999900817871094,0,0,0,0,0,0,0,0,0,0,0,0,0,0,0,0,0,0,0,0,1,0
2026-07-14T15:25:16.534+0000,15,1,0,3,0,0,0,1,513,515,542,513,524,577,0.11800003051757812,0,0,0,0,0,0,0,0,0,0,0,0,0,0,0,0,0,0,0,0,1,0
2026-07-14T15:25:16.549+0000,15,1,0,3,0,0,0,1,514,516,543,514,525,578,0.015000104904174805,0,0,0,0,0,0,0,0,0,0,0,0,0,0,0,0,0,0,0,0,1,0
2026-07-14T15:25:16.550+0000,15,1,0,3,0,0,0,1,515,517,544,515,526,579,0.0009999275207519531,0,0,0,0,0,0,0,0,0,0,0,0,0,0,0,0,0,0,0,0,1,0
2026-07-14T15:25:16.610+0000,15,1,0,3,0,0,0,1,516,518,545,516,526,580,0.059999942779541016,0,0,0,0,0,0,0,0,0,0,0,0,0,0,0,0,0,0,0,0,1,0
2026-07-14T15:25:16.622+0000,15,1,0,3,0,0,0,1,517,519,546,517,527,581,0.012000083923339844,0,0,0,0,0,0,0,0,0,0,0,0,0,0,0,0,0,0,0,0,1,0
2026-07-14T15:25:16.723+0000,15,1,0,3,0,0,0,1,518,520,547,518,528,582,0.10100007057189941,0,0,0,0,0,0,0,0,0,0,0,0,0,0,0,0,0,0,0,0,1,0
2026-07-14T15:25:16.741+0000,15,1,0,3,0,0,0,1,519,521,548,519,529,583,0.017999887466430664,0,0,0,0,0,0,0,0,0,0,0,0,0,0,0,0,0,0,0,0,1,0
2026-07-14T15:25:16.799+0000,15,1,0,3,0,0,0,1,520,522,549,520,530,584,0.05800008773803711,0,0,0,0,0,0,0,0,0,0,0,0,0,0,0,0,0,0,0,0,1,0
2026-07-14T15:25:16.805+0000,15,1,0,3,0,0,0,1,521,523,550,521,531,585,0.006000041961669922,0,0,0,0,0,0,0,0,0,0,0,0,0,0,0,0,0,0,0,0,1,0
2026-07-14T15:25:16.857+0000,15,1,0,3,0,0,0,1,522,524,551,522,532,586,0.05200004577636719,0,0,0,0,0,0,0,0,0,0,0,0,0,0,0,0,0,0,0,0,1,0
2026-07-14T15:25:17.017+0000,15,1,0,3,0,0,0,1,523,525,552,523,533,587,0.15999984741210938,0,0,0,0,0,0,0,0,0,0,0,0,0,0,0,0,0,0,0,0,1,0
2026-07-14T15:25:17.071+0000,15,1,0,3,0,0,0,1,524,526,553,524,534,588,0.054000139236450195,0,0,0,0,0,0,0,0,0,0,0,0,0,0,0,0,0,0,0,0,1,0
2026-07-14T15:25:17.146+0000,15,1,0,3,0,0,0,1,525,527,554,525,535,589,0.07499980926513672,0,0,0,0,0,0,0,0,0,0,0,0,0,0,0,0,0,0,0,0,1,0
2026-07-14T15:25:17.305+0000,15,1,0,3,0,0,0,1,526,528,555,526,536,590,0.15900015830993652,0,0,0,0,0,0,0,0,0,0,0,0,0,0,0,0,0,0,0,0,1,0
2026-07-14T15:25:17.353+0000,15,1,0,3,0,0,0,1,527,529,556,527,537,591,0.04799985885620117,0,0,0,0,0,0,0,0,0,0,0,0,0,0,0,0,0,0,0,0,1,0
2026-07-14T15:25:17.427+0000,15,1,0,3,0,0,0,1,528,530,557,528,538,592,0.07400012016296387,0,0,0,0,0,0,0,0,0,0,0,0,0,0,0,0,0,0,0,0,1,0
2026-07-14T15:25:17.519+0000,15,1,0,3,0,0,0,1,529,531,558,529,539,593,0.09200000762939453,0,0,0,0,0,0,0,0,0,0,0,0,0,0,0,0,0,0,0,0,1,0
2026-07-14T15:25:17.528+0000,15,1,0,3,0,0,0,1,530,532,559,530,540,594,0.009000062942504883,0,0,0,0,0,0,0,0,0,0,0,0,0,0,0,0,0,0,0,0,1,0
2026-07-14T15:25:17.628+0000,15,1,0,3,0,0,0,1,531,533,560,531,541,595,0.09999990463256836,0,0,0,0,0,0,0,0,0,0,0,0,0,0,0,0,0,0,0,0,1,0
2026-07-14T15:25:17.731+0000,15,1,0,3,0,0,0,1,532,534,561,532,542,596,0.10299992561340332,0,0,0,0,0,0,0,0,0,0,0,0,0,0,0,0,0,0,0,0,1,0
2026-07-14T15:25:17.748+0000,15,1,0,3,0,0,0,1,533,535,562,533,543,597,0.01699995994567871,0,0,0,0,0,0,0,0,0,0,0,0,0,0,0,0,0,0,0,0,1,0
2026-07-14T15:25:17.826+0000,15,1,0,3,0,0,0,1,534,536,563,534,544,598,0.07800006866455078,0,0,0,0,0,0,0,0,0,0,0,0,0,0,0,0,0,0,0,0,1,0
2026-07-14T15:25:17.875+0000,15,1,0,3,0,0,0,1,535,537,564,535,545,599,0.04900002479553223,0,0,0,0,0,0,0,0,0,0,0,0,0,0,0,0,0,0,0,0,1,0
2026-07-14T15:25:17.928+0000,15,1,0,3,0,0,0,1,536,538,565,536,546,600,0.05299997329711914,0,0,0,0,0,0,0,0,0,0,0,0,0,0,0,0,0,0,0,0,1,0
2026-07-14T15:25:17.956+0000,15,1,0,3,0,0,0,1,537,539,566,537,547,601,0.0280001163482666,0,0,0,0,0,0,0,0,0,0,0,0,0,0,0,0,0,0,0,0,1,0
2026-07-14T15:25:17.962+0000,15,1,0,3,0,0,0,1,538,540,567,538,548,602,0.00599980354309082,0,0,0,0,0,0,0,0,0,0,0,0,0,0,0,0,0,0,0,0,1,0
2026-07-14T15:25:17.987+0000,15,1,0,3,0,0,0,1,539,541,568,539,549,603,0.02500009536743164,0,0,0,0,0,0,0,0,0,0,0,0,0,0,0,0,0,0,0,0,1,0
2026-07-14T15:25:18.022+0000,15,1,0,3,0,0,0,1,540,542,569,540,550,604,0.03500008583068848,0,0,0,0,0,0,0,0,0,0,0,0,0,0,0,0,0,0,0,0,1,0
2026-07-14T15:25:18.115+0000,15,1,0,3,0,0,0,1,541,543,570,541,551,605,0.09299993515014648,0,0,0,0,0,0,0,0,0,0,0,0,0,0,0,0,0,0,0,0,1,0
2026-07-14T15:25:18.116+0000,15,1,0,3,0,0,0,1,542,544,571,542,552,606,0.0009999275207519531,0,0,0,0,0,0,0,0,0,0,0,0,0,0,0,0,0,0,0,0,1,0
2026-07-14T15:25:18.128+0000,15,1,0,3,0,0,0,1,543,545,572,543,553,607,0.012000083923339844,0,0,0,0,0,0,0,0,0,0,0,0,0,0,0,0,0,0,0,0,1,0
2026-07-14T15:25:18.176+0000,15,1,0,3,0,0,0,1,544,546,573,544,554,608,0.04800009727478027,0,0,0,0,0,0,0,0,0,0,0,0,0,0,0,0,0,0,0,0,1,0
2026-07-14T15:25:18.196+0000,15,1,0,3,0,0,0,1,545,547,574,545,555,609,0.019999980926513672,0,0,0,0,0,0,0,0,0,0,0,0,0,0,0,0,0,0,0,0,1,0
2026-07-14T15:25:18.204+0000,15,1,0,3,0,0,0,1,546,548,575,546,556,610,0.007999897003173828,0,0,0,0,0,0,0,0,0,0,0,0,0,0,0,0,0,0,0,0,1,0
2026-07-14T15:25:18.217+0000,15,1,0,3,0,0,0,1,547,549,576,547,557,611,0.013000011444091797,0,0,0,0,0,0,0,0,0,0,0,0,0,0,0,0,0,0,0,0,1,0
2026-07-14T15:25:18.234+0000,15,1,0,3,0,0,0,1,548,550,577,548,558,612,0.01699995994567871,0,0,0,0,0,0,0,0,0,0,0,0,0,0,0,0,0,0,0,0,1,0
2026-07-14T15:25:18.271+0000,15,1,0,3,0,0,0,1,549,551,578,549,559,613,0.03699994087219238,0,0,0,0,0,0,0,0,0,0,0,0,0,0,0,0,0,0,0,0,1,0
2026-07-14T15:25:18.416+0000,15,1,0,3,0,0,0,1,550,552,579,550,560,614,0.14499998092651367,0,0,0,0,0,0,0,0,0,0,0,0,0,0,0,0,0,0,0,0,1,0
2026-07-14T15:25:18.430+0000,15,1,0,3,0,0,0,1,551,553,580,551,561,615,0.014000177383422852,0,0,0,0,0,0,0,0,0,0,0,0,0,0,0,0,0,0,0,0,1,0
2026-07-14T15:25:18.646+0000,15,1,0,3,0,0,0,1,552,554,581,552,562,616,0.21599984169006348,0,0,0,0,0,0,0,0,0,0,0,0,0,0,0,0,0,0,0,0,1,0
2026-07-14T15:25:18.660+0000,15,1,0,3,0,0,0,1,553,555,582,553,563,617,0.014000177383422852,0,0,0,0,0,0,0,0,0,0,0,0,0,0,0,0,0,0,0,0,1,0
2026-07-14T15:25:18.765+0000,15,1,0,3,0,0,0,1,554,556,583,554,564,618,0.10500001907348633,0,0,0,0,0,0,0,0,0,0,0,0,0,0,0,0,0,0,0,0,1,0
2026-07-14T15:25:18.774+0000,15,1,0,3,0,0,0,1,555,557,584,555,565,619,0.008999824523925781,0,0,0,0,0,0,0,0,0,0,0,0,0,0,0,0,0,0,0,0,1,0
2026-07-14T15:25:18.870+0000,15,1,0,3,0,0,0,1,556,558,585,556,566,620,0.09599995613098145,0,0,0,0,0,0,0,0,0,0,0,0,0,0,0,0,0,0,0,0,1,0
2026-07-14T15:25:18.896+0000,15,1,0,3,0,0,0,1,557,559,586,557,567,621,0.026000022888183594,0,0,0,0,0,0,0,0,0,0,0,0,0,0,0,0,0,0,0,0,1,0
2026-07-14T15:25:18.918+0000,15,1,0,3,0,0,0,1,558,560,587,558,568,622,0.02200007438659668,0,0,0,0,0,0,0,0,0,0,0,0,0,0,0,0,0,0,0,0,1,0
2026-07-14T15:25:18.925+0000,15,1,0,3,0,0,0,1,559,561,588,559,569,623,0.006999969482421875,0,0,0,0,0,0,0,0,0,0,0,0,0,0,0,0,0,0,0,0,1,0
2026-07-14T15:25:18.984+0000,15,1,0,3,0,0,0,1,560,562,589,560,570,624,0.05900001525878906,0,0,0,0,0,0,0,0,0,0,0,0,0,0,0,0,0,0,0,0,1,0
2026-07-14T15:25:19.065+0000,15,1,0,3,0,0,0,1,561,563,590,561,571,625,0.08100008964538574,0,0,0,0,0,0,0,0,0,0,0,0,0,0,0,0,0,0,0,0,1,0
2026-07-14T15:25:19.080+0000,15,1,0,3,0,0,0,1,562,564,591,562,572,626,0.014999866485595703,0,0,0,0,0,0,0,0,0,0,0,0,0,0,0,0,0,0,0,0,1,0
2026-07-14T15:25:19.114+0000,15,1,0,3,0,0,0,1,563,565,592,563,573,627,0.03400015830993652,0,0,0,0,0,0,0,0,0,0,0,0,0,0,0,0,0,0,0,0,1,0
2026-07-14T15:25:19.136+0000,15,1,0,3,0,0,0,1,564,566,593,564,574,628,0.021999835968017578,0,0,0,0,0,0,0,0,0,0,0,0,0,0,0,0,0,0,0,0,1,0
2026-07-14T15:25:19.151+0000,15,1,0,3,0,0,0,1,565,567,594,565,575,629,0.015000104904174805,0,0,0,0,0,0,0,0,0,0,0,0,0,0,0,0,0,0,0,0,1,0
2026-07-14T15:25:19.221+0000,15,1,0,3,0,0,0,1,566,568,595,566,576,630,0.06999993324279785,0,0,0,0,0,0,0,0,0,0,0,0,0,0,0,0,0,0,0,0,1,0
2026-07-14T15:25:19.377+0000,15,1,0,3,0,0,0,1,567,569,596,567,577,631,0.15600013732910156,0,0,0,0,0,0,0,0,0,0,0,0,0,0,0,0,0,0,0,0,1,0
2026-07-14T15:25:19.525+0000,15,1,0,3,0,0,0,1,568,570,597,568,578,632,0.14800000190734863,0,0,0,0,0,0,0,0,0,0,0,0,0,0,0,0,0,0,0,0,1,0
2026-07-14T15:25:19.618+0000,15,1,0,3,0,0,0,1,569,571,598,569,579,633,0.09299993515014648,0,0,0,0,0,0,0,0,0,0,0,0,0,0,0,0,0,0,0,0,1,0
2026-07-14T15:25:19.658+0000,15,1,0,3,0,0,0,1,570,572,599,570,580,634,0.039999961853027344,0,0,0,0,0,0,0,0,0,0,0,0,0,0,0,0,0,0,0,0,1,0
2026-07-14T15:25:19.741+0000,15,1,0,3,0,0,0,1,571,573,600,571,581,635,0.08299994468688965,0,0,0,0,0,0,0,0,0,0,0,0,0,0,0,0,0,0,0,0,1,0
2026-07-14T15:25:19.772+0000,15,1,0,3,0,0,0,1,572,574,601,572,582,636,0.031000137329101562,0,0,0,0,0,0,0,0,0,0,0,0,0,0,0,0,0,0,0,0,1,0
2026-07-14T15:25:19.801+0000,15,1,0,3,0,0,0,1,573,575,602,573,583,637,0.029000043869018555,0,0,0,0,0,0,0,0,0,0,0,0,0,0,0,0,0,0,0,0,1,0
2026-07-14T15:25:19.813+0000,15,1,0,3,0,0,0,1,574,576,603,574,584,638,0.011999845504760742,0,0,0,0,0,0,0,0,0,0,0,0,0,0,0,0,0,0,0,0,1,0
2026-07-14T15:25:19.888+0000,15,1,0,3,0,0,0,1,575,577,604,575,585,639,0.07500004768371582,0,0,0,0,0,0,0,0,0,0,0,0,0,0,0,0,0,0,0,0,1,0
2026-07-14T15:25:19.963+0000,15,1,0,3,0,0,0,1,576,578,605,576,586,640,0.07500004768371582,0,0,0,0,0,0,0,0,0,0,0,0,0,0,0,0,0,0,0,0,1,0
2026-07-14T15:25:20.003+0000,15,1,0,3,0,0,0,1,577,579,606,577,587,641,0.039999961853027344,0,0,0,0,0,0,0,0,0,0,0,0,0,0,0,0,0,0,0,0,1,0
2026-07-14T15:25:20.104+0000,15,1,0,3,0,0,0,1,578,580,607,578,588,642,0.10100007057189941,0,0,0,0,0,0,0,0,0,0,0,0,0,0,0,0,0,0,0,0,1,0
2026-07-14T15:25:20.163+0000,15,1,0,3,0,0,0,1,579,581,608,579,589,643,0.05900001525878906,0,0,0,0,0,0,0,0,0,0,0,0,0,0,0,0,0,0,0,0,1,0
2026-07-14T15:25:20.345+0000,15,1,0,3,0,0,0,1,580,582,609,580,590,644,0.18199992179870605,0,0,0,0,0,0,0,0,0,0,0,0,0,0,0,0,0,0,0,0,1,0
2026-07-14T15:25:20.347+0000,15,1,0,3,0,0,0,1,581,583,610,581,591,645,0.0019998550415039062,0,0,0,0,0,0,0,0,0,0,0,0,0,0,0,0,0,0,0,0,1,0
2026-07-14T15:25:20.355+0000,15,1,0,3,0,0,0,1,582,584,611,582,592,646,0.00800013542175293,0,0,0,0,0,0,0,0,0,0,0,0,0,0,0,0,0,0,0,0,1,0
2026-07-14T15:25:20.381+0000,15,1,0,3,0,0,0,1,583,585,612,583,593,647,0.026000022888183594,0,0,0,0,0,0,0,0,0,0,0,0,0,0,0,0,0,0,0,0,1,0
2026-07-14T15:25:20.386+0000,15,1,0,3,0,0,0,1,584,586,613,584,594,648,0.004999876022338867,0,0,0,0,0,0,0,0,0,0,0,0,0,0,0,0,0,0,0,0,1,0
2026-07-14T15:25:20.402+0000,15,1,0,3,0,0,0,1,585,587,614,585,595,649,0.016000032424926758,0,0,0,0,0,0,0,0,0,0,0,0,0,0,0,0,0,0,0,0,1,0
2026-07-14T15:25:20.426+0000,15,1,0,3,0,0,0,1,586,588,615,586,596,650,0.024000167846679688,0,0,0,0,0,0,0,0,0,0,0,0,0,0,0,0,0,0,0,0,1,0
2026-07-14T15:25:20.455+0000,15,1,0,3,0,0,0,1,587,589,616,587,597,651,0.028999805450439453,0,0,0,0,0,0,0,0,0,0,0,0,0,0,0,0,0,0,0,0,1,0
2026-07-14T15:25:20.482+0000,15,1,0,3,0,0,0,1,588,590,617,588,598,652,0.02700018882751465,0,0,0,0,0,0,0,0,0,0,0,0,0,0,0,0,0,0,0,0,1,0
2026-07-14T15:25:20.523+0000,15,1,0,3,0,0,0,1,589,591,618,589,599,653,0.0409998893737793,0,0,0,0,0,0,0,0,0,0,0,0,0,0,0,0,0,0,0,0,1,0
2026-07-14T15:25:20.533+0000,15,1,0,3,0,0,0,1,590,592,619,590,600,654,0.009999990463256836,0,0,0,0,0,0,0,0,0,0,0,0,0,0,0,0,0,0,0,0,1,0
2026-07-14T15:25:20.607+0000,15,1,0,3,0,0,0,1,591,593,620,591,601,655,0.07400012016296387,0,0,0,0,0,0,0,0,0,0,0,0,0,0,0,0,0,0,0,0,1,0
2026-07-14T15:25:20.607+0000,15,1,0,3,0,0,0,1,592,594,621,592,602,656,0.0,0,0,0,0,0,0,0,0,0,0,0,0,0,0,0,0,0,0,0,0,1,0
2026-07-14T15:25:20.641+0000,15,1,0,3,0,0,0,1,593,595,622,593,603,657,0.03399991989135742,0,0,0,0,0,0,0,0,0,0,0,0,0,0,0,0,0,0,0,0,1,0
2026-07-14T15:25:20.681+0000,15,1,0,3,0,0,0,1,594,596,623,594,604,658,0.039999961853027344,0,0,0,0,0,0,0,0,0,0,0,0,0,0,0,0,0,0,0,0,1,0
2026-07-14T15:25:20.728+0000,15,1,0,3,0,0,0,1,595,597,624,595,605,659,0.04699993133544922,0,0,0,0,0,0,0,0,0,0,0,0,0,0,0,0,0,0,0,0,1,0
2026-07-14T15:25:20.728+0000,15,1,0,3,0,0,0,1,596,598,625,596,606,660,0.0,0,0,0,0,0,0,0,0,0,0,0,0,0,0,0,0,0,0,0,0,1,0
2026-07-14T15:25:20.752+0000,15,1,0,3,0,0,0,1,597,599,626,597,607,661,0.024000167846679688,0,0,0,0,0,0,0,0,0,0,0,0,0,0,0,0,0,0,0,0,1,0
2026-07-14T15:25:20.795+0000,15,1,0,3,0,0,0,1,598,600,627,598,608,662,0.042999982833862305,0,0,0,0,0,0,0,0,0,0,0,0,0,0,0,0,0,0,0,0,1,0
2026-07-14T15:25:20.834+0000,15,1,0,3,0,0,0,1,599,601,628,599,609,663,0.03900003433227539,0,0,0,0,0,0,0,0,0,0,0,0,0,0,0,0,0,0,0,0,1,0
2026-07-14T15:25:20.840+0000,15,1,0,3,0,0,0,1,600,602,629,600,610,664,0.00599980354309082,0,0,0,0,0,0,0,0,0,0,0,0,0,0,0,0,0,0,0,0,1,0
2026-07-14T15:25:20.950+0000,15,1,0,3,0,0,0,1,601,603,630,601,611,664,0.1100001335144043,0,0,0,0,0,0,0,0,0,0,0,0,0,0,0,0,0,0,0,0,1,0
2026-07-14T15:25:20.968+0000,15,1,0,3,0,0,0,1,602,604,631,602,612,665,0.017999887466430664,0,0,0,0,0,0,0,0,0,0,0,0,0,0,0,0,0,0,0,0,1,0
2026-07-14T15:25:20.983+0000,15,1,0,3,0,0,0,1,603,605,632,603,613,666,0.015000104904174805,0,0,0,0,0,0,0,0,0,0,0,0,0,0,0,0,0,0,0,0,1,0
2026-07-14T15:25:21.031+0000,15,1,0,3,0,0,0,1,604,606,633,604,614,667,0.04799985885620117,0,0,0,0,0,0,0,0,0,0,0,0,0,0,0,0,0,0,0,0,1,0
2026-07-14T15:25:21.062+0000,15,1,0,3,0,0,0,1,605,607,634,605,615,668,0.031000137329101562,0,0,0,0,0,0,0,0,0,0,0,0,0,0,0,0,0,0,0,0,1,0
2026-07-14T15:25:21.331+0000,15,1,0,3,0,0,0,1,606,608,635,606,616,669,0.2690000534057617,0,0,0,0,0,0,0,0,0,0,0,0,0,0,0,0,0,0,0,0,1,0
2026-07-14T15:25:21.611+0000,15,1,0,3,0,0,0,1,607,609,636,607,617,670,0.2799999713897705,0,0,0,0,0,0,0,0,0,0,0,0,0,0,0,0,0,0,0,0,1,0
2026-07-14T15:25:21.639+0000,15,1,0,3,0,0,0,1,608,610,637,608,618,671,0.0279998779296875,0,0,0,0,0,0,0,0,0,0,0,0,0,0,0,0,0,0,0,0,1,0
2026-07-14T15:25:21.718+0000,15,1,0,3,0,0,0,1,609,611,638,609,619,672,0.07899999618530273,0,0,0,0,0,0,0,0,0,0,0,0,0,0,0,0,0,0,0,0,1,0
2026-07-14T15:25:21.793+0000,15,1,0,3,0,0,0,1,610,612,639,610,620,673,0.07500004768371582,0,0,0,0,0,0,0,0,0,0,0,0,0,0,0,0,0,0,0,0,1,0
2026-07-14T15:25:21.871+0000,15,1,0,3,0,0,0,1,611,613,640,611,621,674,0.07800006866455078,0,0,0,0,0,0,0,0,0,0,0,0,0,0,0,0,0,0,0,0,1,0
2026-07-14T15:25:21.882+0000,15,1,0,3,0,0,0,1,612,614,641,612,622,675,0.010999917984008789,0,0,0,0,0,0,0,0,0,0,0,0,0,0,0,0,0,0,0,0,1,0
2026-07-14T15:25:21.902+0000,15,1,0,3,0,0,0,1,613,615,642,613,623,676,0.019999980926513672,0,0,0,0,0,0,0,0,0,0,0,0,0,0,0,0,0,0,0,0,1,0
2026-07-14T15:25:21.912+0000,15,1,0,3,0,0,0,1,614,616,643,614,624,677,0.009999990463256836,0,0,0,0,0,0,0,0,0,0,0,0,0,0,0,0,0,0,0,0,1,0
2026-07-14T15:25:21.934+0000,15,1,0,3,0,0,0,1,615,617,644,615,625,678,0.02200007438659668,0,0,0,0,0,0,0,0,0,0,0,0,0,0,0,0,0,0,0,0,1,0
2026-07-14T15:25:21.947+0000,15,1,0,3,0,0,0,1,616,618,645,616,626,679,0.013000011444091797,0,0,0,0,0,0,0,0,0,0,0,0,0,0,0,0,0,0,0,0,1,0
2026-07-14T15:25:21.961+0000,15,1,0,3,0,0,0,1,617,619,646,617,627,680,0.01399993896484375,0,0,0,0,0,0,0,0,0,0,0,0,0,0,0,0,0,0,0,0,1,0
2026-07-14T15:25:21.964+0000,15,1,0,3,0,0,0,1,618,620,647,618,628,681,0.003000020980834961,0,0,0,0,0,0,0,0,0,0,0,0,0,0,0,0,0,0,0,0,1,0
2026-07-14T15:25:21.979+0000,15,1,0,3,0,0,0,1,619,621,648,619,629,682,0.015000104904174805,0,0,0,0,0,0,0,0,0,0,0,0,0,0,0,0,0,0,0,0,1,0
2026-07-14T15:25:21.996+0000,15,1,0,3,0,0,0,1,620,622,649,620,630,683,0.01699995994567871,0,0,0,0,0,0,0,0,0,0,0,0,0,0,0,0,0,0,0,0,1,0
2026-07-14T15:25:22.076+0000,15,1,0,3,0,0,0,1,621,623,650,621,631,684,0.07999992370605469,0,0,0,0,0,0,0,0,0,0,0,0,0,0,0,0,0,0,0,0,1,0
2026-07-14T15:25:22.162+0000,15,1,0,3,0,0,0,1,622,624,651,622,632,685,0.08599996566772461,0,0,0,0,0,0,0,0,0,0,0,0,0,0,0,0,0,0,0,0,1,0
2026-07-14T15:25:22.189+0000,15,1,0,3,0,0,0,1,623,625,652,623,633,686,0.026999950408935547,0,0,0,0,0,0,0,0,0,0,0,0,0,0,0,0,0,0,0,0,1,0
2026-07-14T15:25:22.216+0000,15,1,0,3,0,0,0,1,624,626,653,624,634,687,0.02700018882751465,0,0,0,0,0,0,0,0,0,0,0,0,0,0,0,0,0,0,0,0,1,0
2026-07-14T15:25:22.283+0000,15,1,0,3,0,0,0,1,625,627,654,625,635,688,0.06699991226196289,0,0,0,0,0,0,0,0,0,0,0,0,0,0,0,0,0,0,0,0,1,0
2026-07-14T15:25:22.359+0000,15,1,0,3,0,0,0,1,626,628,655,626,636,689,0.07599997520446777,0,0,0,0,0,0,0,0,0,0,0,0,0,0,0,0,0,0,0,0,1,0
2026-07-14T15:25:22.576+0000,15,1,0,3,0,0,0,1,627,629,656,627,637,690,0.21700000762939453,0,0,0,0,0,0,0,0,0,0,0,0,0,0,0,0,0,0,0,0,1,0
2026-07-14T15:25:22.580+0000,15,1,0,3,0,0,0,1,628,630,657,628,638,691,0.003999948501586914,0,0,0,0,0,0,0,0,0,0,0,0,0,0,0,0,0,0,0,0,1,0
2026-07-14T15:25:22.632+0000,15,1,0,3,0,0,0,1,629,631,658,629,639,692,0.05200004577636719,0,0,0,0,0,0,0,0,0,0,0,0,0,0,0,0,0,0,0,0,1,0
2026-07-14T15:25:22.644+0000,15,1,0,3,0,0,0,1,630,632,659,630,640,693,0.012000083923339844,0,0,0,0,0,0,0,0,0,0,0,0,0,0,0,0,0,0,0,0,1,0
2026-07-14T15:25:22.681+0000,15,1,0,3,0,0,0,1,631,633,660,631,641,694,0.03699994087219238,0,0,0,0,0,0,0,0,0,0,0,0,0,0,0,0,0,0,0,0,1,0
2026-07-14T15:25:22.706+0000,15,1,0,3,0,0,0,1,632,634,661,632,642,695,0.02500009536743164,0,0,0,0,0,0,0,0,0,0,0,0,0,0,0,0,0,0,0,0,1,0
2026-07-14T15:25:22.826+0000,15,1,0,3,0,0,0,1,633,635,662,633,643,696,0.11999988555908203,0,0,0,0,0,0,0,0,0,0,0,0,0,0,0,0,0,0,0,0,1,0
2026-07-14T15:25:23.065+0000,15,1,0,3,0,0,0,1,634,636,663,634,644,697,0.2390000820159912,0,0,0,0,0,0,0,0,0,0,0,0,0,0,0,0,0,0,0,0,1,0
2026-07-14T15:25:23.114+0000,15,1,0,3,0,0,0,1,635,637,664,635,645,698,0.04900002479553223,0,0,0,0,0,0,0,0,0,0,0,0,0,0,0,0,0,0,0,0,1,0
2026-07-14T15:25:23.134+0000,15,1,0,3,0,0,0,1,636,638,665,636,646,699,0.019999980926513672,0,0,0,0,0,0,0,0,0,0,0,0,0,0,0,0,0,0,0,0,1,0
2026-07-14T15:25:23.144+0000,15,1,0,3,0,0,0,1,637,639,666,637,647,700,0.009999990463256836,0,0,0,0,0,0,0,0,0,0,0,0,0,0,0,0,0,0,0,0,1,0
2026-07-14T15:25:23.207+0000,15,1,0,3,0,0,0,1,638,640,667,638,648,701,0.06299996376037598,0,0,0,0,0,0,0,0,0,0,0,0,0,0,0,0,0,0,0,0,1,0
2026-07-14T15:25:23.465+0000,15,1,0,3,0,0,0,1,639,641,668,639,649,702,0.25799989700317383,0,0,0,0,0,0,0,0,0,0,0,0,0,0,0,0,0,0,0,0,1,0
2026-07-14T15:25:23.547+0000,15,1,0,3,0,0,0,1,640,642,669,640,650,703,0.0820000171661377,0,0,0,0,0,0,0,0,0,0,0,0,0,0,0,0,0,0,0,0,1,0
2026-07-14T15:25:23.613+0000,15,1,0,3,0,0,0,1,641,643,670,641,651,704,0.06599998474121094,0,0,0,0,0,0,0,0,0,0,0,0,0,0,0,0,0,0,0,0,1,0
2026-07-14T15:25:23.630+0000,15,1,0,3,0,0,0,1,642,644,671,642,652,705,0.017000198364257812,0,0,0,0,0,0,0,0,0,0,0,0,0,0,0,0,0,0,0,0,1,0
2026-07-14T15:25:23.700+0000,15,1,0,3,0,0,0,1,643,645,672,643,653,706,0.06999993324279785,0,0,0,0,0,0,0,0,0,0,0,0,0,0,0,0,0,0,0,0,1,0
2026-07-14T15:25:23.700+0000,15,1,0,3,0,0,0,1,644,646,673,644,654,707,0.0,0,0,0,0,0,0,0,0,0,0,0,0,0,0,0,0,0,0,0,0,1,0
2026-07-14T15:25:23.700+0000,15,1,0,3,0,0,0,1,645,647,674,645,655,708,0.0,0,0,0,0,0,0,0,0,0,0,0,0,0,0,0,0,0,0,0,0,1,0
2026-07-14T15:25:23.729+0000,15,1,0,3,0,0,0,1,646,648,675,646,656,709,0.029000043869018555,0,0,0,0,0,0,0,0,0,0,0,0,0,0,0,0,0,0,0,0,1,0
2026-07-14T15:25:23.784+0000,15,1,0,3,0,0,0,1,647,649,676,647,657,710,0.05499982833862305,0,0,0,0,0,0,0,0,0,0,0,0,0,0,0,0,0,0,0,0,1,0
2026-07-14T15:25:23.805+0000,15,1,0,3,0,0,0,1,648,650,677,648,658,711,0.021000146865844727,0,0,0,0,0,0,0,0,0,0,0,0,0,0,0,0,0,0,0,0,1,0
2026-07-14T15:25:23.850+0000,15,1,0,3,0,0,0,1,649,651,678,649,659,712,0.04499983787536621,0,0,0,0,0,0,0,0,0,0,0,0,0,0,0,0,0,0,0,0,1,0
2026-07-14T15:25:23.852+0000,15,1,0,3,0,0,0,1,650,652,679,650,660,713,0.002000093460083008,0,0,0,0,0,0,0,0,0,0,0,0,0,0,0,0,0,0,0,0,1,0
2026-07-14T15:25:23.928+0000,15,1,0,3,0,0,0,1,651,653,680,651,661,714,0.07599997520446777,0,0,0,0,0,0,0,0,0,0,0,0,0,0,0,0,0,0,0,0,1,0
2026-07-14T15:25:24.003+0000,15,1,0,3,0,0,0,1,652,654,681,652,662,715,0.07500004768371582,0,0,0,0,0,0,0,0,0,0,0,0,0,0,0,0,0,0,0,0,1,0
2026-07-14T15:25:24.011+0000,15,1,0,3,0,0,0,1,653,655,682,653,663,716,0.007999897003173828,0,0,0,0,0,0,0,0,0,0,0,0,0,0,0,0,0,0,0,0,1,0
2026-07-14T15:25:24.092+0000,15,1,0,3,0,0,0,1,654,656,683,654,664,717,0.08100008964538574,0,0,0,0,0,0,0,0,0,0,0,0,0,0,0,0,0,0,0,0,1,0
2026-07-14T15:25:24.102+0000,15,1,0,3,0,0,0,1,655,657,684,655,665,718,0.009999990463256836,0,0,0,0,0,0,0,0,0,0,0,0,0,0,0,0,0,0,0,0,1,0
2026-07-14T15:25:24.207+0000,15,1,0,3,0,0,0,1,656,658,685,656,666,719,0.10500001907348633,0,0,0,0,0,0,0,0,0,0,0,0,0,0,0,0,0,0,0,0,1,0
2026-07-14T15:25:24.207+0000,15,1,0,3,0,0,0,1,657,659,686,657,667,720,0.0,0,0,0,0,0,0,0,0,0,0,0,0,0,0,0,0,0,0,0,0,1,0
2026-07-14T15:25:24.210+0000,15,1,0,3,0,0,0,1,658,660,687,658,668,721,0.003000020980834961,0,0,0,0,0,0,0,0,0,0,0,0,0,0,0,0,0,0,0,0,1,0
2026-07-14T15:25:24.210+0000,15,1,0,3,0,0,0,1,659,661,688,659,669,722,0.0,0,0,0,0,0,0,0,0,0,0,0,0,0,0,0,0,0,0,0,0,1,0
2026-07-14T15:25:24.227+0000,15,1,0,3,0,0,0,1,660,662,689,660,670,723,0.01699995994567871,0,0,0,0,0,0,0,0,0,0,0,0,0,0,0,0,0,0,0,0,1,0
2026-07-14T15:25:24.321+0000,15,1,0,3,0,0,0,1,661,663,690,661,671,724,0.09400010108947754,0,0,0,0,0,0,0,0,0,0,0,0,0,0,0,0,0,0,0,0,1,0
2026-07-14T15:25:24.325+0000,15,1,0,3,0,0,0,1,662,664,691,662,672,725,0.003999948501586914,0,0,0,0,0,0,0,0,0,0,0,0,0,0,0,0,0,0,0,0,1,0
2026-07-14T15:25:24.325+0000,15,1,0,3,0,0,0,1,663,665,692,663,673,726,0.0,0,0,0,0,0,0,0,0,0,0,0,0,0,0,0,0,0,0,0,0,1,0
2026-07-14T15:25:24.337+0000,15,1,0,3,0,0,0,1,664,666,693,664,674,727,0.011999845504760742,0,0,0,0,0,0,0,0,0,0,0,0,0,0,0,0,0,0,0,0,1,0
2026-07-14T15:25:24.376+0000,15,1,0,3,0,0,0,1,665,667,694,665,675,728,0.03900003433227539,0,0,0,0,0,0,0,0,0,0,0,0,0,0,0,0,0,0,0,0,1,0
2026-07-14T15:25:24.387+0000,15,1,0,3,0,0,0,1,666,668,695,666,676,729,0.01100015640258789,0,0,0,0,0,0,0,0,0,0,0,0,0,0,0,0,0,0,0,0,1,0
2026-07-14T15:25:24.453+0000,15,1,0,3,0,0,0,1,667,669,696,667,677,730,0.06599998474121094,0,0,0,0,0,0,0,0,0,0,0,0,0,0,0,0,0,0,0,0,1,0
2026-07-14T15:25:24.532+0000,15,1,0,3,0,0,0,1,668,670,697,668,678,731,0.07899999618530273,0,0,0,0,0,0,0,0,0,0,0,0,0,0,0,0,0,0,0,0,1,0
2026-07-14T15:25:24.635+0000,15,1,0,3,0,0,0,1,669,671,698,669,679,732,0.10299992561340332,0,0,0,0,0,0,0,0,0,0,0,0,0,0,0,0,0,0,0,0,1,0
2026-07-14T15:25:24.701+0000,15,1,0,3,0,0,0,1,670,672,699,670,680,733,0.06599998474121094,0,0,0,0,0,0,0,0,0,0,0,0,0,0,0,0,0,0,0,0,1,0
2026-07-14T15:25:24.764+0000,15,1,0,3,0,0,0,1,671,673,700,671,681,734,0.06299996376037598,0,0,0,0,0,0,0,0,0,0,0,0,0,0,0,0,0,0,0,0,1,0
2026-07-14T15:25:24.836+0000,15,1,0,3,0,0,0,1,672,674,701,672,682,735,0.07200002670288086,0,0,0,0,0,0,0,0,0,0,0,0,0,0,0,0,0,0,0,0,1,0
2026-07-14T15:25:24.868+0000,15,1,0,3,0,0,0,1,673,675,702,673,683,736,0.032000064849853516,0,0,0,0,0,0,0,0,0,0,0,0,0,0,0,0,0,0,0,0,1,0
2026-07-14T15:25:24.891+0000,15,1,0,3,0,0,0,1,674,676,703,674,684,737,0.023000001907348633,0,0,0,0,0,0,0,0,0,0,0,0,0,0,0,0,0,0,0,0,1,0
2026-07-14T15:25:24.939+0000,15,1,0,3,0,0,0,1,675,677,704,675,685,738,0.04799985885620117,0,0,0,0,0,0,0,0,0,0,0,0,0,0,0,0,0,0,0,0,1,0
2026-07-14T15:25:24.957+0000,15,1,0,3,0,0,0,1,676,678,705,676,686,739,0.018000125885009766,0,0,0,0,0,0,0,0,0,0,0,0,0,0,0,0,0,0,0,0,1,0
2026-07-14T15:25:24.984+0000,15,1,0,3,0,0,0,1,677,679,706,677,687,740,0.026999950408935547,0,0,0,0,0,0,0,0,0,0,0,0,0,0,0,0,0,0,0,0,1,0
2026-07-14T15:25:25.076+0000,15,1,0,3,0,0,0,1,678,680,707,678,688,741,0.09200000762939453,0,0,0,0,0,0,0,0,0,0,0,0,0,0,0,0,0,0,0,0,1,0
2026-07-14T15:25:25.109+0000,15,1,0,3,0,0,0,1,679,681,708,679,689,742,0.03299999237060547,0,0,0,0,0,0,0,0,0,0,0,0,0,0,0,0,0,0,0,0,1,0
2026-07-14T15:25:25.127+0000,15,1,0,3,0,0,0,1,680,682,709,680,690,743,0.018000125885009766,0,0,0,0,0,0,0,0,0,0,0,0,0,0,0,0,0,0,0,0,1,0
2026-07-14T15:25:25.127+0000,15,1,0,3,0,0,0,1,681,683,710,681,691,744,0.0,0,0,0,0,0,0,0,0,0,0,0,0,0,0,0,0,0,0,0,0,1,0
2026-07-14T15:25:26.150+0000,15,1,0,3,0,0,0,1,682,684,711,682,692,745,1.0230000019073486,0,0,0,0,0,0,0,0,0,0,0,0,0,0,0,0,0,0,0,0,1,0
2026-07-14T15:25:26.197+0000,15,1,0,3,0,0,0,1,683,685,712,683,693,746,0.04699993133544922,0,0,0,0,0,0,0,0,0,0,0,0,0,0,0,0,0,0,0,0,1,0
2026-07-14T15:25:26.197+0000,15,1,0,3,0,0,0,1,684,686,713,684,694,747,0.0,0,0,0,0,0,0,0,0,0,0,0,0,0,0,0,0,0,0,0,0,1,0
2026-07-14T15:25:26.198+0000,15,1,0,3,0,0,0,1,685,687,714,685,695,748,0.0009999275207519531,0,0,0,0,0,0,0,0,0,0,0,0,0,0,0,0,0,0,0,0,1,0
2026-07-14T15:25:26.266+0000,15,1,0,3,0,0,0,1,686,688,715,686,696,749,0.06800007820129395,0,0,0,0,0,0,0,0,0,0,0,0,0,0,0,0,0,0,0,0,1,0
2026-07-14T15:25:26.349+0000,15,1,0,3,0,0,0,1,687,689,716,687,697,750,0.08299994468688965,0,0,0,0,0,0,0,0,0,0,0,0,0,0,0,0,0,0,0,0,1,0
2026-07-14T15:25:26.451+0000,15,1,0,3,0,0,0,1,688,690,717,688,698,751,0.10199999809265137,0,0,0,0,0,0,0,0,0,0,0,0,0,0,0,0,0,0,0,0,1,0
2026-07-14T15:25:26.483+0000,15,1,0,3,0,0,0,1,689,691,718,689,699,752,0.032000064849853516,0,0,0,0,0,0,0,0,0,0,0,0,0,0,0,0,0,0,0,0,1,0
2026-07-14T15:25:26.642+0000,15,1,0,3,0,0,0,1,690,692,719,690,700,753,0.15899991989135742,0,0,0,0,0,0,0,0,0,0,0,0,0,0,0,0,0,0,0,0,1,0
2026-07-14T15:25:26.642+0000,15,1,0,3,0,0,0,1,691,693,720,691,701,754,0.0,0,0,0,0,0,0,0,0,0,0,0,0,0,0,0,0,0,0,0,0,1,0
2026-07-14T15:25:26.644+0000,15,1,0,3,0,0,0,1,692,694,721,692,702,755,0.002000093460083008,0,0,0,0,0,0,0,0,0,0,0,0,0,0,0,0,0,0,0,0,1,0
2026-07-14T15:25:26.712+0000,15,1,0,3,0,0,0,1,693,695,722,693,703,756,0.06799983978271484,0,0,0,0,0,0,0,0,0,0,0,0,0,0,0,0,0,0,0,0,1,0
2026-07-14T15:25:26.712+0000,15,1,0,3,0,0,0,1,694,696,723,694,704,757,0.0,0,0,0,0,0,0,0,0,0,0,0,0,0,0,0,0,0,0,0,0,1,0
2026-07-14T15:25:26.712+0000,15,1,0,3,0,0,0,1,695,697,724,695,705,758,0.0,0,0,0,0,0,0,0,0,0,0,0,0,0,0,0,0,0,0,0,0,1,0
2026-07-14T15:25:26.730+0000,15,1,0,3,0,0,0,1,696,698,725,696,706,759,0.018000125885009766,0,0,0,0,0,0,0,0,0,0,0,0,0,0,0,0,0,0,0,0,1,0
2026-07-14T15:25:26.736+0000,15,1,0,3,0,0,0,1,697,699,726,697,707,760,0.006000041961669922,0,0,0,0,0,0,0,0,0,0,0,0,0,0,0,0,0,0,0,0,1,0
2026-07-14T15:25:26.862+0000,15,1,0,3,0,0,0,1,698,700,727,698,708,761,0.12599992752075195,0,0,0,0,0,0,0,0,0,0,0,0,0,0,0,0,0,0,0,0,1,0
2026-07-14T15:25:26.889+0000,15,1,0,3,0,0,0,1,699,701,728,699,709,762,0.026999950408935547,0,0,0,0,0,0,0,0,0,0,0,0,0,0,0,0,0,0,0,0,1,0
2026-07-14T15:25:26.901+0000,15,1,0,3,0,0,0,1,700,702,729,700,710,763,0.012000083923339844,0,0,0,0,0,0,0,0,0,0,0,0,0,0,0,0,0,0,0,0,1,0
2026-07-14T15:25:26.905+0000,15,1,0,3,0,0,0,1,701,703,730,701,711,764,0.003999948501586914,0,0,0,0,0,0,0,0,0,0,0,0,0,0,0,0,0,0,0,0,1,0
2026-07-14T15:25:27.013+0000,15,1,0,3,0,0,0,1,702,704,731,702,712,765,0.10800004005432129,0,0,0,0,0,0,0,0,0,0,0,0,0,0,0,0,0,0,0,0,1,0
2026-07-14T15:25:27.092+0000,15,1,0,3,0,0,0,1,703,705,732,703,713,766,0.07899999618530273,0,0,0,0,0,0,0,0,0,0,0,0,0,0,0,0,0,0,0,0,1,0
2026-07-14T15:25:27.278+0000,15,1,0,3,0,0,0,1,704,706,733,704,714,767,0.18600010871887207,0,0,0,0,0,0,0,0,0,0,0,0,0,0,0,0,0,0,0,0,1,0
2026-07-14T15:25:27.291+0000,15,1,0,3,0,0,0,1,705,707,734,705,715,768,0.012999773025512695,0,0,0,0,0,0,0,0,0,0,0,0,0,0,0,0,0,0,0,0,1,0
2026-07-14T15:25:27.291+0000,15,1,0,3,0,0,0,1,706,708,735,706,716,769,0.0,0,0,0,0,0,0,0,0,0,0,0,0,0,0,0,0,0,0,0,0,1,0
2026-07-14T15:25:27.357+0000,15,1,0,3,0,0,0,1,707,709,736,707,717,770,0.06600022315979004,0,0,0,0,0,0,0,0,0,0,0,0,0,0,0,0,0,0,0,0,1,0
2026-07-14T15:25:27.437+0000,15,1,0,3,0,0,0,1,708,710,737,708,718,771,0.07999992370605469,0,0,0,0,0,0,0,0,0,0,0,0,0,0,0,0,0,0,0,0,1,0
2026-07-14T15:25:27.504+0000,15,1,0,3,0,0,0,1,709,711,738,709,719,772,0.06699991226196289,0,0,0,0,0,0,0,0,0,0,0,0,0,0,0,0,0,0,0,0,1,0
2026-07-14T15:25:27.510+0000,15,1,0,3,0,0,0,1,710,712,739,710,720,773,0.006000041961669922,0,0,0,0,0,0,0,0,0,0,0,0,0,0,0,0,0,0,0,0,1,0
2026-07-14T15:25:27.526+0000,15,1,0,3,0,0,0,1,711,713,740,711,721,774,0.016000032424926758,0,0,0,0,0,0,0,0,0,0,0,0,0,0,0,0,0,0,0,0,1,0
2026-07-14T15:25:27.693+0000,15,1,0,3,0,0,0,1,712,714,741,712,722,775,0.16700005531311035,0,0,0,0,0,0,0,0,0,0,0,0,0,0,0,0,0,0,0,0,1,0
2026-07-14T15:25:27.697+0000,15,1,0,3,0,0,0,1,713,715,742,713,723,776,0.003999948501586914,0,0,0,0,0,0,0,0,0,0,0,0,0,0,0,0,0,0,0,0,1,0
2026-07-14T15:25:27.790+0000,15,1,0,3,0,0,0,1,714,716,743,714,724,777,0.09299993515014648,0,0,0,0,0,0,0,0,0,0,0,0,0,0,0,0,0,0,0,0,1,0
2026-07-14T15:25:27.881+0000,15,1,0,3,0,0,0,1,715,717,744,715,725,778,0.09100008010864258,0,0,0,0,0,0,0,0,0,0,0,0,0,0,0,0,0,0,0,0,1,0
2026-07-14T15:25:27.925+0000,15,1,0,3,0,0,0,1,716,718,745,716,726,779,0.04399991035461426,0,0,0,0,0,0,0,0,0,0,0,0,0,0,0,0,0,0,0,0,1,0
2026-07-14T15:25:28.029+0000,15,1,0,3,0,0,0,1,717,719,746,717,727,780,0.10400009155273438,0,0,0,0,0,0,0,0,0,0,0,0,0,0,0,0,0,0,0,0,1,0
2026-07-14T15:25:28.031+0000,15,1,0,3,0,0,0,1,718,720,747,718,728,781,0.0019998550415039062,0,0,0,0,0,0,0,0,0,0,0,0,0,0,0,0,0,0,0,0,1,0
2026-07-14T15:25:28.103+0000,15,1,0,3,0,0,0,1,719,721,748,719,729,782,0.07200002670288086,0,0,0,0,0,0,0,0,0,0,0,0,0,0,0,0,0,0,0,0,1,0
2026-07-14T15:25:28.127+0000,15,1,0,3,0,0,0,1,720,722,749,720,730,783,0.024000167846679688,0,0,0,0,0,0,0,0,0,0,0,0,0,0,0,0,0,0,0,0,1,0
2026-07-14T15:25:28.135+0000,15,1,0,3,0,0,0,1,721,723,750,721,731,784,0.007999897003173828,0,0,0,0,0,0,0,0,0,0,0,0,0,0,0,0,0,0,0,0,1,0
2026-07-14T15:25:28.157+0000,15,1,0,3,0,0,0,1,722,724,751,722,732,785,0.02200007438659668,0,0,0,0,0,0,0,0,0,0,0,0,0,0,0,0,0,0,0,0,1,0
2026-07-14T15:25:28.237+0000,15,1,0,3,0,0,0,1,723,725,752,723,733,786,0.07999992370605469,0,0,0,0,0,0,0,0,0,0,0,0,0,0,0,0,0,0,0,0,1,0
2026-07-14T15:25:28.245+0000,15,1,0,3,0,0,0,1,724,726,753,724,734,787,0.007999897003173828,0,0,0,0,0,0,0,0,0,0,0,0,0,0,0,0,0,0,0,0,1,0
2026-07-14T15:25:28.284+0000,15,1,0,3,0,0,0,1,725,727,754,725,735,788,0.03900003433227539,0,0,0,0,0,0,0,0,0,0,0,0,0,0,0,0,0,0,0,0,1,0
2026-07-14T15:25:28.322+0000,15,1,0,3,0,0,0,1,726,728,755,726,736,789,0.03800010681152344,0,0,0,0,0,0,0,0,0,0,0,0,0,0,0,0,0,0,0,0,1,0
2026-07-14T15:25:28.421+0000,15,1,0,3,0,0,0,1,727,729,756,727,737,790,0.0989999771118164,0,0,0,0,0,0,0,0,0,0,0,0,0,0,0,0,0,0,0,0,1,0
2026-07-14T15:25:28.469+0000,15,1,0,3,0,0,0,1,728,730,757,728,738,791,0.04800009727478027,0,0,0,0,0,0,0,0,0,0,0,0,0,0,0,0,0,0,0,0,1,0
2026-07-14T15:25:28.474+0000,15,1,0,3,0,0,0,1,729,731,758,729,739,792,0.004999876022338867,0,0,0,0,0,0,0,0,0,0,0,0,0,0,0,0,0,0,0,0,1,0
2026-07-14T15:25:28.488+0000,15,1,0,3,0,0,0,1,730,732,759,730,740,793,0.01399993896484375,0,0,0,0,0,0,0,0,0,0,0,0,0,0,0,0,0,0,0,0,1,0
2026-07-14T15:25:28.554+0000,15,1,0,3,0,0,0,1,731,733,760,731,741,794,0.06599998474121094,0,0,0,0,0,0,0,0,0,0,0,0,0,0,0,0,0,0,0,0,1,0
2026-07-14T15:25:28.624+0000,15,1,0,3,0,0,0,1,732,734,761,732,742,795,0.07000017166137695,0,0,0,0,0,0,0,0,0,0,0,0,0,0,0,0,0,0,0,0,1,0
2026-07-14T15:25:28.679+0000,15,1,0,3,0,0,0,1,733,735,762,733,743,796,0.05499982833862305,0,0,0,0,0,0,0,0,0,0,0,0,0,0,0,0,0,0,0,0,1,0
2026-07-14T15:25:28.715+0000,15,1,0,3,0,0,0,1,734,736,763,734,744,797,0.03600001335144043,0,0,0,0,0,0,0,0,0,0,0,0,0,0,0,0,0,0,0,0,1,0
2026-07-14T15:25:28.733+0000,15,1,0,3,0,0,0,1,735,737,764,735,745,798,0.018000125885009766,0,0,0,0,0,0,0,0,0,0,0,0,0,0,0,0,0,0,0,0,1,0
2026-07-14T15:25:28.760+0000,15,1,0,3,0,0,0,1,736,738,765,736,746,799,0.026999950408935547,0,0,0,0,0,0,0,0,0,0,0,0,0,0,0,0,0,0,0,0,1,0
2026-07-14T15:25:28.764+0000,15,1,0,3,0,0,0,1,737,739,766,737,747,800,0.003999948501586914,0,0,0,0,0,0,0,0,0,0,0,0,0,0,0,0,0,0,0,0,1,0
2026-07-14T15:25:28.775+0000,15,1,0,3,0,0,0,1,738,740,767,738,748,801,0.01100015640258789,0,0,0,0,0,0,0,0,0,0,0,0,0,0,0,0,0,0,0,0,1,0
2026-07-14T15:25:28.839+0000,15,1,0,3,0,0,0,1,739,741,768,739,749,802,0.06399989128112793,0,0,0,0,0,0,0,0,0,0,0,0,0,0,0,0,0,0,0,0,1,0
2026-07-14T15:25:28.912+0000,15,1,0,3,0,0,0,1,740,742,769,740,750,803,0.07299995422363281,0,0,0,0,0,0,0,0,0,0,0,0,0,0,0,0,0,0,0,0,1,0
2026-07-14T15:25:28.957+0000,15,1,0,3,0,0,0,1,741,743,770,741,751,804,0.04500007629394531,0,0,0,0,0,0,0,0,0,0,0,0,0,0,0,0,0,0,0,0,1,0
2026-07-14T15:25:28.983+0000,15,1,0,3,0,0,0,1,742,744,771,742,752,805,0.026000022888183594,0,0,0,0,0,0,0,0,0,0,0,0,0,0,0,0,0,0,0,0,1,0
2026-07-14T15:25:29.025+0000,15,1,0,3,0,0,0,1,743,745,772,743,753,806,0.04200005531311035,0,0,0,0,0,0,0,0,0,0,0,0,0,0,0,0,0,0,0,0,1,0
2026-07-14T15:25:29.035+0000,15,1,0,3,0,0,0,1,744,746,773,744,754,807,0.009999990463256836,0,0,0,0,0,0,0,0,0,0,0,0,0,0,0,0,0,0,0,0,1,0
2026-07-14T15:25:29.123+0000,15,1,0,3,0,0,0,1,745,747,774,745,755,808,0.08799982070922852,0,0,0,0,0,0,0,0,0,0,0,0,0,0,0,0,0,0,0,0,1,0
2026-07-14T15:25:29.161+0000,15,1,0,3,0,0,0,1,746,748,775,746,756,809,0.03800010681152344,0,0,0,0,0,0,0,0,0,0,0,0,0,0,0,0,0,0,0,0,1,0
2026-07-14T15:25:29.174+0000,15,1,0,3,0,0,0,1,747,749,776,747,757,810,0.013000011444091797,0,0,0,0,0,0,0,0,0,0,0,0,0,0,0,0,0,0,0,0,1,0
2026-07-14T15:25:29.205+0000,15,1,0,3,0,0,0,1,748,750,777,748,758,811,0.03099989891052246,0,0,0,0,0,0,0,0,0,0,0,0,0,0,0,0,0,0,0,0,1,0
2026-07-14T15:25:29.285+0000,15,1,0,3,0,0,0,1,749,751,778,749,759,812,0.08000016212463379,0,0,0,0,0,0,0,0,0,0,0,0,0,0,0,0,0,0,0,0,1,0
2026-07-14T15:25:29.297+0000,15,1,0,3,0,0,0,1,750,752,779,750,760,813,0.011999845504760742,0,0,0,0,0,0,0,0,0,0,0,0,0,0,0,0,0,0,0,0,1,0
2026-07-14T15:25:29.301+0000,15,1,0,3,0,0,0,1,751,753,780,751,761,814,0.004000186920166016,0,0,0,0,0,0,0,0,0,0,0,0,0,0,0,0,0,0,0,0,1,0
2026-07-14T15:25:29.303+0000,15,1,0,3,0,0,0,1,752,754,781,752,762,815,0.0019998550415039062,0,0,0,0,0,0,0,0,0,0,0,0,0,0,0,0,0,0,0,0,1,0
2026-07-14T15:25:29.337+0000,15,1,0,3,0,0,0,1,753,755,782,753,763,816,0.03399991989135742,0,0,0,0,0,0,0,0,0,0,0,0,0,0,0,0,0,0,0,0,1,0
2026-07-14T15:25:29.437+0000,15,1,0,3,0,0,0,1,754,756,783,754,764,817,0.10000014305114746,0,0,0,0,0,0,0,0,0,0,0,0,0,0,0,0,0,0,0,0,1,0
2026-07-14T15:25:29.496+0000,15,1,0,3,0,0,0,1,755,757,784,755,765,818,0.05900001525878906,0,0,0,0,0,0,0,0,0,0,0,0,0,0,0,0,0,0,0,0,1,0
2026-07-14T15:25:29.525+0000,15,1,0,3,0,0,0,1,756,758,785,756,766,819,0.029000043869018555,0,0,0,0,0,0,0,0,0,0,0,0,0,0,0,0,0,0,0,0,1,0
2026-07-14T15:25:29.553+0000,15,1,0,3,0,0,0,1,757,759,786,757,767,820,0.0279998779296875,0,0,0,0,0,0,0,0,0,0,0,0,0,0,0,0,0,0,0,0,1,0
2026-07-14T15:25:29.568+0000,15,1,0,3,0,0,0,1,758,760,787,758,768,821,0.015000104904174805,0,0,0,0,0,0,0,0,0,0,0,0,0,0,0,0,0,0,0,0,1,0
2026-07-14T15:25:29.575+0000,15,1,0,3,0,0,0,1,759,761,788,759,769,822,0.006999969482421875,0,0,0,0,0,0,0,0,0,0,0,0,0,0,0,0,0,0,0,0,1,0
2026-07-14T15:25:29.613+0000,15,1,0,3,0,0,0,1,760,762,789,760,770,823,0.037999868392944336,0,0,0,0,0,0,0,0,0,0,0,0,0,0,0,0,0,0,0,0,1,0
2026-07-14T15:25:29.648+0000,15,1,0,3,0,0,0,1,761,763,790,761,771,824,0.03500008583068848,0,0,0,0,0,0,0,0,0,0,0,0,0,0,0,0,0,0,0,0,1,0
2026-07-14T15:25:29.704+0000,15,1,0,3,0,0,0,1,762,764,791,762,772,825,0.0559999942779541,0,0,0,0,0,0,0,0,0,0,0,0,0,0,0,0,0,0,0,0,1,0
2026-07-14T15:25:29.733+0000,15,1,0,3,0,0,0,1,763,765,792,763,773,826,0.029000043869018555,0,0,0,0,0,0,0,0,0,0,0,0,0,0,0,0,0,0,0,0,1,0
2026-07-14T15:25:29.771+0000,15,1,0,3,0,0,0,1,764,766,793,764,774,827,0.037999868392944336,0,0,0,0,0,0,0,0,0,0,0,0,0,0,0,0,0,0,0,0,1,0
2026-07-14T15:25:29.811+0000,15,1,0,3,0,0,0,1,765,767,794,765,775,828,0.040000200271606445,0,0,0,0,0,0,0,0,0,0,0,0,0,0,0,0,0,0,0,0,1,0
2026-07-14T15:25:29.873+0000,15,1,0,3,0,0,0,1,766,768,795,766,776,829,0.06199979782104492,0,0,0,0,0,0,0,0,0,0,0,0,0,0,0,0,0,0,0,0,1,0
2026-07-14T15:25:29.893+0000,15,1,0,3,0,0,0,1,767,769,796,767,777,830,0.019999980926513672,0,0,0,0,0,0,0,0,0,0,0,0,0,0,0,0,0,0,0,0,1,0
2026-07-14T15:25:29.938+0000,15,1,0,3,0,0,0,1,768,770,797,768,778,831,0.04500007629394531,0,0,0,0,0,0,0,0,0,0,0,0,0,0,0,0,0,0,0,0,1,0
2026-07-14T15:25:29.980+0000,15,1,0,3,0,0,0,1,769,771,798,769,779,832,0.04200005531311035,0,0,0,0,0,0,0,0,0,0,0,0,0,0,0,0,0,0,0,0,1,0
2026-07-14T15:25:30.007+0000,15,1,0,3,0,0,0,1,770,772,799,770,780,833,0.026999950408935547,0,0,0,0,0,0,0,0,0,0,0,0,0,0,0,0,0,0,0,0,1,0
2026-07-14T15:25:30.023+0000,15,1,0,3,0,0,0,1,771,773,800,771,781,834,0.016000032424926758,0,0,0,0,0,0,0,0,0,0,0,0,0,0,0,0,0,0,0,0,1,0
2026-07-14T15:25:30.041+0000,15,1,0,3,0,0,0,1,772,774,801,772,782,835,0.017999887466430664,0,0,0,0,0,0,0,0,0,0,0,0,0,0,0,0,0,0,0,0,1,0
2026-07-14T15:25:30.077+0000,15,1,0,3,0,0,0,1,773,775,802,773,783,836,0.03600001335144043,0,0,0,0,0,0,0,0,0,0,0,0,0,0,0,0,0,0,0,0,1,0
2026-07-14T15:25:30.094+0000,15,1,0,3,0,0,0,1,774,776,803,774,784,837,0.017000198364257812,0,0,0,0,0,0,0,0,0,0,0,0,0,0,0,0,0,0,0,0,1,0
2026-07-14T15:25:30.247+0000,15,1,0,3,0,0,0,1,775,777,804,775,785,838,0.1529998779296875,0,0,0,0,0,0,0,0,0,0,0,0,0,0,0,0,0,0,0,0,1,0
2026-07-14T15:25:30.248+0000,15,1,0,3,0,0,0,1,776,778,805,776,786,839,0.0009999275207519531,0,0,0,0,0,0,0,0,0,0,0,0,0,0,0,0,0,0,0,0,1,0
2026-07-14T15:25:30.248+0000,15,1,0,3,0,0,0,1,777,779,806,777,787,840,0.0,0,0,0,0,0,0,0,0,0,0,0,0,0,0,0,0,0,0,0,0,1,0
2026-07-14T15:25:30.248+0000,15,1,0,3,0,0,0,1,778,780,807,778,788,841,0.0,0,0,0,0,0,0,0,0,0,0,0,0,0,0,0,0,0,0,0,0,1,0
2026-07-14T15:25:30.302+0000,15,1,0,3,0,0,0,1,779,781,808,779,789,842,0.054000139236450195,0,0,0,0,0,0,0,0,0,0,0,0,0,0,0,0,0,0,0,0,1,0
2026-07-14T15:25:30.377+0000,15,1,0,3,0,0,0,1,780,782,809,780,790,843,0.07500004768371582,0,0,0,0,0,0,0,0,0,0,0,0,0,0,0,0,0,0,0,0,1,0
2026-07-14T15:25:30.425+0000,15,1,0,3,0,0,0,1,781,783,810,781,791,844,0.04799985885620117,0,0,0,0,0,0,0,0,0,0,0,0,0,0,0,0,0,0,0,0,1,0
2026-07-14T15:25:30.545+0000,15,1,0,3,0,0,0,1,782,784,811,782,792,845,0.12000012397766113,0,0,0,0,0,0,0,0,0,0,0,0,0,0,0,0,0,0,0,0,1,0
2026-07-14T15:25:30.601+0000,15,1,0,3,0,0,0,1,783,785,812,783,793,846,0.0559999942779541,0,0,0,0,0,0,0,0,0,0,0,0,0,0,0,0,0,0,0,0,1,0
2026-07-14T15:25:30.602+0000,15,1,0,3,0,0,0,1,784,786,813,784,794,847,0.0009999275207519531,0,0,0,0,0,0,0,0,0,0,0,0,0,0,0,0,0,0,0,0,1,0
2026-07-14T15:25:30.673+0000,15,1,0,3,0,0,0,1,785,787,814,785,795,848,0.0710000991821289,0,0,0,0,0,0,0,0,0,0,0,0,0,0,0,0,0,0,0,0,1,0
2026-07-14T15:25:30.729+0000,15,1,0,3,0,0,0,1,786,788,815,786,796,849,0.0559999942779541,0,0,0,0,0,0,0,0,0,0,0,0,0,0,0,0,0,0,0,0,1,0
2026-07-14T15:25:30.729+0000,15,1,0,3,0,0,0,1,787,789,816,787,797,850,0.0,0,0,0,0,0,0,0,0,0,0,0,0,0,0,0,0,0,0,0,0,1,0
2026-07-14T15:25:30.729+0000,15,1,0,3,0,0,0,1,788,790,817,788,798,851,0.0,0,0,0,0,0,0,0,0,0,0,0,0,0,0,0,0,0,0,0,0,1,0
2026-07-14T15:25:30.734+0000,15,1,0,3,0,0,0,1,789,791,818,789,799,852,0.004999876022338867,0,0,0,0,0,0,0,0,0,0,0,0,0,0,0,0,0,0,0,0,1,0
2026-07-14T15:25:30.742+0000,15,1,0,3,0,0,0,1,790,792,819,790,800,853,0.00800013542175293,0,0,0,0,0,0,0,0,0,0,0,0,0,0,0,0,0,0,0,0,1,0
2026-07-14T15:25:30.743+0000,15,1,0,3,0,0,0,1,791,793,820,791,801,854,0.0009999275207519531,0,0,0,0,0,0,0,0,0,0,0,0,0,0,0,0,0,0,0,0,1,0
2026-07-14T15:25:30.922+0000,15,1,0,3,0,0,0,1,792,794,821,792,802,855,0.1789999008178711,0,0,0,0,0,0,0,0,0,0,0,0,0,0,0,0,0,0,0,0,1,0
2026-07-14T15:25:30.979+0000,15,1,0,3,0,0,0,1,793,795,822,793,803,856,0.057000160217285156,0,0,0,0,0,0,0,0,0,0,0,0,0,0,0,0,0,0,0,0,1,0
2026-07-14T15:25:30.982+0000,15,1,0,3,0,0,0,1,794,796,823,794,804,857,0.003000020980834961,0,0,0,0,0,0,0,0,0,0,0,0,0,0,0,0,0,0,0,0,1,0
2026-07-14T15:25:30.985+0000,15,1,0,3,0,0,0,1,795,797,824,795,805,858,0.0029997825622558594,0,0,0,0,0,0,0,0,0,0,0,0,0,0,0,0,0,0,0,0,1,0
2026-07-14T15:25:31.005+0000,15,1,0,3,0,0,0,1,796,798,825,796,806,859,0.020000219345092773,0,0,0,0,0,0,0,0,0,0,0,0,0,0,0,0,0,0,0,0,1,0
2026-07-14T15:25:31.040+0000,15,1,0,3,0,0,0,1,797,799,826,797,807,860,0.034999847412109375,0,0,0,0,0,0,0,0,0,0,0,0,0,0,0,0,0,0,0,0,1,0
2026-07-14T15:25:31.072+0000,15,1,0,3,0,0,0,1,798,800,827,798,808,861,0.032000064849853516,0,0,0,0,0,0,0,0,0,0,0,0,0,0,0,0,0,0,0,0,1,0
2026-07-14T15:25:31.109+0000,15,1,0,3,0,0,0,1,799,801,828,799,809,862,0.03699994087219238,0,0,0,0,0,0,0,0,0,0,0,0,0,0,0,0,0,0,0,0,1,0
2026-07-14T15:25:31.124+0000,15,1,0,3,0,0,0,1,800,802,829,800,810,863,0.015000104904174805,0,0,0,0,0,0,0,0,0,0,0,0,0,0,0,0,0,0,0,0,1,0
2026-07-14T15:25:31.130+0000,15,1,0,3,0,0,0,1,801,803,830,801,811,864,0.006000041961669922,0,0,0,0,0,0,0,0,0,0,0,0,0,0,0,0,0,0,0,0,1,0
2026-07-14T15:25:31.196+0000,15,1,0,3,0,0,0,1,802,804,831,802,812,865,0.06599998474121094,0,0,0,0,0,0,0,0,0,0,0,0,0,0,0,0,0,0,0,0,1,0
2026-07-14T15:25:31.238+0000,15,1,0,3,0,0,0,1,803,805,832,803,813,866,0.04199981689453125,0,0,0,0,0,0,0,0,0,0,0,0,0,0,0,0,0,0,0,0,1,0
2026-07-14T15:25:31.257+0000,15,1,0,3,0,0,0,1,804,806,833,804,814,867,0.01900005340576172,0,0,0,0,0,0,0,0,0,0,0,0,0,0,0,0,0,0,0,0,1,0
2026-07-14T15:25:31.257+0000,15,1,0,3,0,0,0,1,805,807,834,805,815,868,0.0,0,0,0,0,0,0,0,0,0,0,0,0,0,0,0,0,0,0,0,0,1,0
2026-07-14T15:25:31.358+0000,15,1,0,3,0,0,0,1,806,808,835,806,816,869,0.10100007057189941,0,0,0,0,0,0,0,0,0,0,0,0,0,0,0,0,0,0,0,0,1,0
2026-07-14T15:25:31.400+0000,15,1,0,3,0,0,0,1,807,809,836,807,817,870,0.04200005531311035,0,0,0,0,0,0,0,0,0,0,0,0,0,0,0,0,0,0,0,0,1,0
2026-07-14T15:25:31.418+0000,15,1,0,3,0,0,0,1,808,810,837,808,818,871,0.017999887466430664,0,0,0,0,0,0,0,0,0,0,0,0,0,0,0,0,0,0,0,0,1,0
2026-07-14T15:25:31.430+0000,15,1,0,3,0,0,0,1,809,811,838,809,819,872,0.012000083923339844,0,0,0,0,0,0,0,0,0,0,0,0,0,0,0,0,0,0,0,0,1,0
2026-07-14T15:25:31.555+0000,15,1,0,3,0,0,0,1,810,812,839,810,820,873,0.125,0,0,0,0,0,0,0,0,0,0,0,0,0,0,0,0,0,0,0,0,1,0
2026-07-14T15:25:31.620+0000,15,1,0,3,0,0,0,1,811,813,840,811,821,874,0.06499981880187988,0,0,0,0,0,0,0,0,0,0,0,0,0,0,0,0,0,0,0,0,1,0
2026-07-14T15:25:31.656+0000,15,1,0,3,0,0,0,1,812,814,841,812,822,875,0.03600001335144043,0,0,0,0,0,0,0,0,0,0,0,0,0,0,0,0,0,0,0,0,1,0
2026-07-14T15:25:31.767+0000,15,1,0,3,0,0,0,1,813,815,842,813,823,876,0.11100006103515625,0,0,0,0,0,0,0,0,0,0,0,0,0,0,0,0,0,0,0,0,1,0
2026-07-14T15:25:31.806+0000,15,1,0,3,0,0,0,1,814,816,843,814,824,877,0.03900003433227539,0,0,0,0,0,0,0,0,0,0,0,0,0,0,0,0,0,0,0,0,1,0
2026-07-14T15:25:31.877+0000,15,1,0,3,0,0,0,1,815,817,844,815,825,878,0.0710000991821289,0,0,0,0,0,0,0,0,0,0,0,0,0,0,0,0,0,0,0,0,1,0
2026-07-14T15:25:31.885+0000,15,1,0,3,0,0,0,1,816,818,845,816,826,879,0.007999897003173828,0,0,0,0,0,0,0,0,0,0,0,0,0,0,0,0,0,0,0,0,1,0
2026-07-14T15:25:31.946+0000,15,1,0,3,0,0,0,1,817,819,846,817,827,880,0.06100010871887207,0,0,0,0,0,0,0,0,0,0,0,0,0,0,0,0,0,0,0,0,1,0
2026-07-14T15:25:31.954+0000,15,1,0,3,0,0,0,1,818,820,847,818,828,881,0.007999897003173828,0,0,0,0,0,0,0,0,0,0,0,0,0,0,0,0,0,0,0,0,1,0
2026-07-14T15:25:31.992+0000,15,1,0,3,0,0,0,1,819,821,848,819,829,882,0.03800010681152344,0,0,0,0,0,0,0,0,0,0,0,0,0,0,0,0,0,0,0,0,1,0
2026-07-14T15:25:32.024+0000,15,1,0,3,0,0,0,1,820,822,849,820,830,883,0.031999826431274414,0,0,0,0,0,0,0,0,0,0,0,0,0,0,0,0,0,0,0,0,1,0
2026-07-14T15:25:32.100+0000,15,1,0,3,0,0,0,1,821,823,850,821,831,884,0.07599997520446777,0,0,0,0,0,0,0,0,0,0,0,0,0,0,0,0,0,0,0,0,1,0
2026-07-14T15:25:32.145+0000,15,1,0,3,0,0,0,1,822,824,851,822,832,885,0.04500007629394531,0,0,0,0,0,0,0,0,0,0,0,0,0,0,0,0,0,0,0,0,1,0
2026-07-14T15:25:32.305+0000,15,1,0,3,0,0,0,1,823,825,852,823,833,886,0.16000008583068848,0,0,0,0,0,0,0,0,0,0,0,0,0,0,0,0,0,0,0,0,1,0
2026-07-14T15:25:32.449+0000,15,1,0,3,0,0,0,1,824,826,853,824,834,887,0.14399981498718262,0,0,0,0,0,0,0,0,0,0,0,0,0,0,0,0,0,0,0,0,1,0
2026-07-14T15:25:32.575+0000,15,1,0,3,0,0,0,1,825,827,854,825,835,888,0.12600016593933105,0,0,0,0,0,0,0,0,0,0,0,0,0,0,0,0,0,0,0,0,1,0
2026-07-14T15:25:32.596+0000,15,1,0,3,0,0,0,1,826,828,855,826,836,889,0.020999908447265625,0,0,0,0,0,0,0,0,0,0,0,0,0,0,0,0,0,0,0,0,1,0
2026-07-14T15:25:32.669+0000,15,1,0,3,0,0,0,1,827,829,856,827,837,890,0.07299995422363281,0,0,0,0,0,0,0,0,0,0,0,0,0,0,0,0,0,0,0,0,1,0
2026-07-14T15:25:32.669+0000,15,1,0,3,0,0,0,1,828,830,857,828,838,891,0.0,0,0,0,0,0,0,0,0,0,0,0,0,0,0,0,0,0,0,0,0,1,0
2026-07-14T15:25:32.735+0000,15,1,0,3,0,0,0,1,829,831,858,829,839,892,0.06599998474121094,0,0,0,0,0,0,0,0,0,0,0,0,0,0,0,0,0,0,0,0,1,0
2026-07-14T15:25:32.792+0000,15,1,0,3,0,0,0,1,830,832,859,830,840,893,0.057000160217285156,0,0,0,0,0,0,0,0,0,0,0,0,0,0,0,0,0,0,0,0,1,0
2026-07-14T15:25:32.821+0000,15,1,0,3,0,0,0,1,831,833,860,831,841,894,0.029000043869018555,0,0,0,0,0,0,0,0,0,0,0,0,0,0,0,0,0,0,0,0,1,0
2026-07-14T15:25:32.852+0000,15,1,0,3,0,0,0,1,832,834,861,832,842,895,0.03099989891052246,0,0,0,0,0,0,0,0,0,0,0,0,0,0,0,0,0,0,0,0,1,0
2026-07-14T15:25:32.878+0000,15,1,0,3,0,0,0,1,833,835,862,833,843,896,0.026000022888183594,0,0,0,0,0,0,0,0,0,0,0,0,0,0,0,0,0,0,0,0,1,0
2026-07-14T15:25:32.966+0000,15,1,0,3,0,0,0,1,834,836,863,834,844,897,0.08800005912780762,0,0,0,0,0,0,0,0,0,0,0,0,0,0,0,0,0,0,0,0,1,0
2026-07-14T15:25:33.066+0000,15,1,0,3,0,0,0,1,835,837,864,835,845,898,0.09999990463256836,0,0,0,0,0,0,0,0,0,0,0,0,0,0,0,0,0,0,0,0,1,0
2026-07-14T15:25:33.150+0000,15,1,0,3,0,0,0,1,836,838,865,836,846,899,0.0840001106262207,0,0,0,0,0,0,0,0,0,0,0,0,0,0,0,0,0,0,0,0,1,0
2026-07-14T15:25:33.208+0000,15,1,0,3,0,0,0,1,837,839,866,837,847,900,0.05799984931945801,0,0,0,0,0,0,0,0,0,0,0,0,0,0,0,0,0,0,0,0,1,0
2026-07-14T15:25:33.221+0000,15,1,0,3,0,0,0,1,838,840,867,838,848,901,0.013000011444091797,0,0,0,0,0,0,0,0,0,0,0,0,0,0,0,0,0,0,0,0,1,0
2026-07-14T15:25:33.222+0000,15,1,0,3,0,0,0,1,839,841,868,839,849,902,0.0009999275207519531,0,0,0,0,0,0,0,0,0,0,0,0,0,0,0,0,0,0,0,0,1,0
2026-07-14T15:25:33.230+0000,15,1,0,3,0,0,0,1,840,842,869,840,850,903,0.00800013542175293,0,0,0,0,0,0,0,0,0,0,0,0,0,0,0,0,0,0,0,0,1,0
2026-07-14T15:25:33.234+0000,15,1,0,3,0,0,0,1,841,843,870,841,851,904,0.003999948501586914,0,0,0,0,0,0,0,0,0,0,0,0,0,0,0,0,0,0,0,0,1,0
2026-07-14T15:25:33.300+0000,15,1,0,3,0,0,0,1,842,844,871,842,852,905,0.06599998474121094,0,0,0,0,0,0,0,0,0,0,0,0,0,0,0,0,0,0,0,0,1,0
2026-07-14T15:25:33.300+0000,15,1,0,3,0,0,0,1,843,845,872,843,853,906,0.0,0,0,0,0,0,0,0,0,0,0,0,0,0,0,0,0,0,0,0,0,1,0
2026-07-14T15:25:33.305+0000,15,1,0,3,0,0,0,1,844,846,873,844,854,907,0.005000114440917969,0,0,0,0,0,0,0,0,0,0,0,0,0,0,0,0,0,0,0,0,1,0
2026-07-14T15:25:33.310+0000,15,1,0,3,0,0,0,1,845,847,874,845,855,908,0.004999876022338867,0,0,0,0,0,0,0,0,0,0,0,0,0,0,0,0,0,0,0,0,1,0
2026-07-14T15:25:33.310+0000,15,1,0,3,0,0,0,1,846,848,875,846,856,909,0.0,0,0,0,0,0,0,0,0,0,0,0,0,0,0,0,0,0,0,0,0,1,0
2026-07-14T15:25:33.344+0000,15,1,0,3,0,0,0,1,847,849,876,847,857,910,0.03400015830993652,0,0,0,0,0,0,0,0,0,0,0,0,0,0,0,0,0,0,0,0,1,0
2026-07-14T15:25:33.357+0000,15,1,0,3,0,0,0,1,848,850,877,848,858,911,0.013000011444091797,0,0,0,0,0,0,0,0,0,0,0,0,0,0,0,0,0,0,0,0,1,0
2026-07-14T15:25:33.371+0000,15,1,0,3,0,0,0,1,849,851,878,849,859,912,0.01399993896484375,0,0,0,0,0,0,0,0,0,0,0,0,0,0,0,0,0,0,0,0,1,0
2026-07-14T15:25:33.380+0000,15,1,0,3,0,0,0,1,850,852,879,850,860,913,0.009000062942504883,0,0,0,0,0,0,0,0,0,0,0,0,0,0,0,0,0,0,0,0,1,0
2026-07-14T15:25:33.395+0000,15,1,0,3,0,0,0,1,851,853,880,851,861,914,0.014999866485595703,0,0,0,0,0,0,0,0,0,0,0,0,0,0,0,0,0,0,0,0,1,0
2026-07-14T15:25:33.395+0000,15,1,0,3,0,0,0,1,852,854,881,852,862,915,0.0,0,0,0,0,0,0,0,0,0,0,0,0,0,0,0,0,0,0,0,0,1,0
2026-07-14T15:25:33.557+0000,15,1,0,3,0,0,0,1,853,855,882,853,863,916,0.16199994087219238,0,0,0,0,0,0,0,0,0,0,0,0,0,0,0,0,0,0,0,0,1,0
2026-07-14T15:25:33.584+0000,15,1,0,3,0,0,0,1,854,856,883,854,864,917,0.02700018882751465,0,0,0,0,0,0,0,0,0,0,0,0,0,0,0,0,0,0,0,0,1,0
2026-07-14T15:25:33.584+0000,15,1,0,3,0,0,0,1,855,857,884,855,865,918,0.0,0,0,0,0,0,0,0,0,0,0,0,0,0,0,0,0,0,0,0,0,1,0
2026-07-14T15:25:33.602+0000,15,1,0,3,0,0,0,1,856,858,885,856,866,919,0.017999887466430664,0,0,0,0,0,0,0,0,0,0,0,0,0,0,0,0,0,0,0,0,1,0
2026-07-14T15:25:33.606+0000,15,1,0,3,0,0,0,1,857,859,886,857,867,920,0.003999948501586914,0,0,0,0,0,0,0,0,0,0,0,0,0,0,0,0,0,0,0,0,1,0
2026-07-14T15:25:33.614+0000,15,1,0,3,0,0,0,1,858,860,887,858,868,921,0.00800013542175293,0,0,0,0,0,0,0,0,0,0,0,0,0,0,0,0,0,0,0,0,1,0
2026-07-14T15:25:33.634+0000,15,1,0,3,0,0,0,1,859,861,888,859,869,922,0.019999980926513672,0,0,0,0,0,0,0,0,0,0,0,0,0,0,0,0,0,0,0,0,1,0
2026-07-14T15:25:33.675+0000,15,1,0,3,0,0,0,1,860,862,889,860,870,923,0.0409998893737793,0,0,0,0,0,0,0,0,0,0,0,0,0,0,0,0,0,0,0,0,1,0
2026-07-14T15:25:33.680+0000,15,1,0,3,0,0,0,1,861,863,890,861,871,924,0.005000114440917969,0,0,0,0,0,0,0,0,0,0,0,0,0,0,0,0,0,0,0,0,1,0
2026-07-14T15:25:33.719+0000,15,1,0,3,0,0,0,1,862,864,891,862,872,925,0.03900003433227539,0,0,0,0,0,0,0,0,0,0,0,0,0,0,0,0,0,0,0,0,1,0
2026-07-14T15:25:33.821+0000,15,1,0,3,0,0,0,1,863,865,892,863,873,926,0.10199999809265137,0,0,0,0,0,0,0,0,0,0,0,0,0,0,0,0,0,0,0,0,1,0
2026-07-14T15:25:33.983+0000,15,1,0,3,0,0,0,1,864,866,893,864,874,927,0.16199994087219238,0,0,0,0,0,0,0,0,0,0,0,0,0,0,0,0,0,0,0,0,1,0
2026-07-14T15:25:34.049+0000,15,1,0,3,0,0,0,1,865,867,894,865,875,928,0.06599998474121094,0,0,0,0,0,0,0,0,0,0,0,0,0,0,0,0,0,0,0,0,1,0
2026-07-14T15:25:34.069+0000,15,1,0,3,0,0,0,1,866,868,895,866,876,929,0.019999980926513672,0,0,0,0,0,0,0,0,0,0,0,0,0,0,0,0,0,0,0,0,1,0
2026-07-14T15:25:34.194+0000,15,1,0,3,0,0,0,1,867,869,896,867,877,930,0.125,0,0,0,0,0,0,0,0,0,0,0,0,0,0,0,0,0,0,0,0,1,0
2026-07-14T15:25:34.231+0000,15,1,0,3,0,0,0,1,868,870,897,868,878,931,0.03699994087219238,0,0,0,0,0,0,0,0,0,0,0,0,0,0,0,0,0,0,0,0,1,0
2026-07-14T15:25:34.313+0000,15,1,0,3,0,0,0,1,869,871,898,869,879,932,0.0820000171661377,0,0,0,0,0,0,0,0,0,0,0,0,0,0,0,0,0,0,0,0,1,0
2026-07-14T15:25:34.332+0000,15,1,0,3,0,0,0,1,870,872,899,870,880,933,0.01900005340576172,0,0,0,0,0,0,0,0,0,0,0,0,0,0,0,0,0,0,0,0,1,0
2026-07-14T15:25:34.376+0000,15,1,0,3,0,0,0,1,871,873,900,871,881,934,0.04399991035461426,0,0,0,0,0,0,0,0,0,0,0,0,0,0,0,0,0,0,0,0,1,0
2026-07-14T15:25:34.403+0000,15,1,0,3,0,0,0,1,872,874,901,872,882,935,0.02700018882751465,0,0,0,0,0,0,0,0,0,0,0,0,0,0,0,0,0,0,0,0,1,0
2026-07-14T15:25:34.409+0000,15,1,0,3,0,0,0,1,873,875,902,873,883,936,0.00599980354309082,0,0,0,0,0,0,0,0,0,0,0,0,0,0,0,0,0,0,0,0,1,0
2026-07-14T15:25:34.436+0000,15,1,0,3,0,0,0,1,874,876,903,874,884,937,0.02700018882751465,0,0,0,0,0,0,0,0,0,0,0,0,0,0,0,0,0,0,0,0,1,0
2026-07-14T15:25:34.475+0000,15,1,0,3,0,0,0,1,875,877,904,875,885,938,0.03899979591369629,0,0,0,0,0,0,0,0,0,0,0,0,0,0,0,0,0,0,0,0,1,0
2026-07-14T15:25:34.481+0000,15,1,0,3,0,0,0,1,876,878,905,876,886,939,0.006000041961669922,0,0,0,0,0,0,0,0,0,0,0,0,0,0,0,0,0,0,0,0,1,0
2026-07-14T15:25:34.497+0000,15,1,0,3,0,0,0,1,877,879,906,877,887,940,0.016000032424926758,0,0,0,0,0,0,0,0,0,0,0,0,0,0,0,0,0,0,0,0,1,0
2026-07-14T15:25:34.534+0000,15,1,0,3,0,0,0,1,878,880,907,878,888,941,0.03699994087219238,0,0,0,0,0,0,0,0,0,0,0,0,0,0,0,0,0,0,0,0,1,0
2026-07-14T15:25:34.541+0000,15,1,0,3,0,0,0,1,879,881,908,879,889,942,0.006999969482421875,0,0,0,0,0,0,0,0,0,0,0,0,0,0,0,0,0,0,0,0,1,0
2026-07-14T15:25:34.549+0000,15,1,0,3,0,0,0,1,880,882,909,880,890,943,0.00800013542175293,0,0,0,0,0,0,0,0,0,0,0,0,0,0,0,0,0,0,0,0,1,0
2026-07-14T15:25:34.572+0000,15,1,0,3,0,0,0,1,881,883,910,881,891,944,0.023000001907348633,0,0,0,0,0,0,0,0,0,0,0,0,0,0,0,0,0,0,0,0,1,0
2026-07-14T15:25:34.577+0000,15,1,0,3,0,0,0,1,882,884,911,882,892,945,0.004999876022338867,0,0,0,0,0,0,0,0,0,0,0,0,0,0,0,0,0,0,0,0,1,0
2026-07-14T15:25:34.705+0000,15,1,0,3,0,0,0,1,883,885,912,883,893,946,0.12800002098083496,0,0,0,0,0,0,0,0,0,0,0,0,0,0,0,0,0,0,0,0,1,0
2026-07-14T15:25:34.726+0000,15,1,0,3,0,0,0,1,884,886,913,884,894,947,0.021000146865844727,0,0,0,0,0,0,0,0,0,0,0,0,0,0,0,0,0,0,0,0,1,0
2026-07-14T15:25:34.731+0000,15,1,0,3,0,0,0,1,885,887,914,885,895,948,0.004999876022338867,0,0,0,0,0,0,0,0,0,0,0,0,0,0,0,0,0,0,0,0,1,0
2026-07-14T15:25:34.740+0000,15,1,0,3,0,0,0,1,886,888,915,886,896,949,0.009000062942504883,0,0,0,0,0,0,0,0,0,0,0,0,0,0,0,0,0,0,0,0,1,0
2026-07-14T15:25:34.748+0000,15,1,0,3,0,0,0,1,887,889,916,887,897,950,0.007999897003173828,0,0,0,0,0,0,0,0,0,0,0,0,0,0,0,0,0,0,0,0,1,0
2026-07-14T15:25:34.764+0000,15,1,0,3,0,0,0,1,888,890,917,888,898,951,0.016000032424926758,0,0,0,0,0,0,0,0,0,0,0,0,0,0,0,0,0,0,0,0,1,0
2026-07-14T15:25:34.806+0000,15,1,0,3,0,0,0,1,889,891,918,889,899,952,0.04200005531311035,0,0,0,0,0,0,0,0,0,0,0,0,0,0,0,0,0,0,0,0,1,0
2026-07-14T15:25:34.808+0000,15,1,0,3,0,0,0,1,890,892,919,890,900,953,0.002000093460083008,0,0,0,0,0,0,0,0,0,0,0,0,0,0,0,0,0,0,0,0,1,0
2026-07-14T15:25:34.937+0000,15,1,0,3,0,0,0,1,891,893,920,891,901,954,0.12899994850158691,0,0,0,0,0,0,0,0,0,0,0,0,0,0,0,0,0,0,0,0,1,0
2026-07-14T15:25:34.992+0000,15,1,0,3,0,0,0,1,892,894,921,892,902,955,0.05500006675720215,0,0,0,0,0,0,0,0,0,0,0,0,0,0,0,0,0,0,0,0,1,0
2026-07-14T15:25:34.995+0000,15,1,0,3,0,0,0,1,893,895,922,893,903,956,0.0029997825622558594,0,0,0,0,0,0,0,0,0,0,0,0,0,0,0,0,0,0,0,0,1,0
2026-07-14T15:25:35.028+0000,15,1,0,3,0,0,0,1,894,896,923,894,904,957,0.03300023078918457,0,0,0,0,0,0,0,0,0,0,0,0,0,0,0,0,0,0,0,0,1,0
2026-07-14T15:25:35.055+0000,15,1,0,3,0,0,0,1,895,897,924,895,905,958,0.026999950408935547,0,0,0,0,0,0,0,0,0,0,0,0,0,0,0,0,0,0,0,0,1,0
2026-07-14T15:25:35.144+0000,15,1,0,3,0,0,0,1,896,898,925,896,906,959,0.08899998664855957,0,0,0,0,0,0,0,0,0,0,0,0,0,0,0,0,0,0,0,0,1,0
2026-07-14T15:25:35.150+0000,15,1,0,3,0,0,0,1,897,899,926,897,907,960,0.006000041961669922,0,0,0,0,0,0,0,0,0,0,0,0,0,0,0,0,0,0,0,0,1,0
2026-07-14T15:25:35.233+0000,15,1,0,3,0,0,0,1,898,900,927,898,908,961,0.08299994468688965,0,0,0,0,0,0,0,0,0,0,0,0,0,0,0,0,0,0,0,0,1,0
2026-07-14T15:25:35.252+0000,15,1,0,3,0,0,0,1,899,901,928,899,909,962,0.01900005340576172,0,0,0,0,0,0,0,0,0,0,0,0,0,0,0,0,0,0,0,0,1,0
2026-07-14T15:25:35.277+0000,15,1,0,3,0,0,0,1,900,902,929,900,910,963,0.02499985694885254,0,0,0,0,0,0,0,0,0,0,0,0,0,0,0,0,0,0,0,0,1,0
2026-07-14T15:25:35.278+0000,15,1,0,3,0,0,0,1,901,903,930,901,911,964,0.0010001659393310547,0,0,0,0,0,0,0,0,0,0,0,0,0,0,0,0,0,0,0,0,1,0
2026-07-14T15:25:35.288+0000,15,1,0,3,0,0,0,1,902,904,931,902,912,965,0.009999990463256836,0,0,0,0,0,0,0,0,0,0,0,0,0,0,0,0,0,0,0,0,1,0
2026-07-14T15:25:35.323+0000,15,1,0,3,0,0,0,1,903,905,932,903,913,966,0.034999847412109375,0,0,0,0,0,0,0,0,0,0,0,0,0,0,0,0,0,0,0,0,1,0
2026-07-14T15:25:35.331+0000,15,1,0,3,0,0,0,1,904,906,933,904,914,967,0.00800013542175293,0,0,0,0,0,0,0,0,0,0,0,0,0,0,0,0,0,0,0,0,1,0
2026-07-14T15:25:35.341+0000,15,1,0,3,0,0,0,1,905,907,934,905,915,968,0.009999990463256836,0,0,0,0,0,0,0,0,0,0,0,0,0,0,0,0,0,0,0,0,1,0
2026-07-14T15:25:35.341+0000,15,1,0,3,0,0,0,1,906,908,935,906,916,969,0.0,0,0,0,0,0,0,0,0,0,0,0,0,0,0,0,0,0,0,0,0,1,0
2026-07-14T15:25:35.354+0000,15,1,0,3,0,0,0,1,907,909,936,907,917,970,0.013000011444091797,0,0,0,0,0,0,0,0,0,0,0,0,0,0,0,0,0,0,0,0,1,0
2026-07-14T15:25:35.400+0000,15,1,0,3,0,0,0,1,908,910,937,908,918,971,0.046000003814697266,0,0,0,0,0,0,0,0,0,0,0,0,0,0,0,0,0,0,0,0,1,0
2026-07-14T15:25:35.401+0000,15,1,0,3,0,0,0,1,909,911,938,909,919,972,0.0009999275207519531,0,0,0,0,0,0,0,0,0,0,0,0,0,0,0,0,0,0,0,0,1,0
2026-07-14T15:25:35.422+0000,15,1,0,3,0,0,0,1,910,912,939,910,920,973,0.020999908447265625,0,0,0,0,0,0,0,0,0,0,0,0,0,0,0,0,0,0,0,0,1,0
2026-07-14T15:25:35.500+0000,15,1,0,3,0,0,0,1,911,913,940,911,921,974,0.07800006866455078,0,0,0,0,0,0,0,0,0,0,0,0,0,0,0,0,0,0,0,0,1,0
2026-07-14T15:25:35.507+0000,15,1,0,3,0,0,0,1,912,914,941,912,922,975,0.006999969482421875,0,0,0,0,0,0,0,0,0,0,0,0,0,0,0,0,0,0,0,0,1,0
2026-07-14T15:25:35.512+0000,15,1,0,3,0,0,0,1,913,915,942,913,923,976,0.005000114440917969,0,0,0,0,0,0,0,0,0,0,0,0,0,0,0,0,0,0,0,0,1,0
2026-07-14T15:25:35.752+0000,15,1,0,3,0,0,0,1,914,916,943,914,924,977,0.24000000953674316,0,0,0,0,0,0,0,0,0,0,0,0,0,0,0,0,0,0,0,0,1,0
2026-07-14T15:25:35.820+0000,15,1,0,3,0,0,0,1,915,917,944,915,925,978,0.06799983978271484,0,0,0,0,0,0,0,0,0,0,0,0,0,0,0,0,0,0,0,0,1,0
2026-07-14T15:25:35.820+0000,15,1,0,3,0,0,0,1,916,918,945,916,926,979,0.0,0,0,0,0,0,0,0,0,0,0,0,0,0,0,0,0,0,0,0,0,1,0
2026-07-14T15:25:35.969+0000,15,1,0,3,0,0,0,1,917,919,946,917,927,980,0.1490001678466797,0,0,0,0,0,0,0,0,0,0,0,0,0,0,0,0,0,0,0,0,1,0
2026-07-14T15:25:35.976+0000,15,1,0,3,0,0,0,1,918,920,947,918,928,981,0.006999969482421875,0,0,0,0,0,0,0,0,0,0,0,0,0,0,0,0,0,0,0,0,1,0
2026-07-14T15:25:35.985+0000,15,1,0,3,0,0,0,1,919,921,948,919,929,982,0.008999824523925781,0,0,0,0,0,0,0,0,0,0,0,0,0,0,0,0,0,0,0,0,1,0
2026-07-14T15:25:36.002+0000,15,1,0,3,0,0,0,1,920,922,949,920,930,983,0.017000198364257812,0,0,0,0,0,0,0,0,0,0,0,0,0,0,0,0,0,0,0,0,1,0
2026-07-14T15:25:36.034+0000,15,1,0,3,0,0,0,1,921,923,950,921,931,984,0.031999826431274414,0,0,0,0,0,0,0,0,0,0,0,0,0,0,0,0,0,0,0,0,1,0
2026-07-14T15:25:36.119+0000,15,1,0,3,0,0,0,1,922,924,951,922,932,985,0.08500003814697266,0,0,0,0,0,0,0,0,0,0,0,0,0,0,0,0,0,0,0,0,1,0
2026-07-14T15:25:36.158+0000,15,1,0,3,0,0,0,1,923,925,952,923,933,986,0.03900003433227539,0,0,0,0,0,0,0,0,0,0,0,0,0,0,0,0,0,0,0,0,1,0
2026-07-14T15:25:36.169+0000,15,1,0,3,0,0,0,1,924,926,953,924,934,987,0.010999917984008789,0,0,0,0,0,0,0,0,0,0,0,0,0,0,0,0,0,0,0,0,1,0
2026-07-14T15:25:36.198+0000,15,1,0,3,0,0,0,1,925,927,954,925,935,988,0.029000043869018555,0,0,0,0,0,0,0,0,0,0,0,0,0,0,0,0,0,0,0,0,1,0
2026-07-14T15:25:36.233+0000,15,1,0,3,0,0,0,1,926,928,955,926,936,989,0.03500008583068848,0,0,0,0,0,0,0,0,0,0,0,0,0,0,0,0,0,0,0,0,1,0
2026-07-14T15:25:36.292+0000,15,1,0,3,0,0,0,1,927,929,956,927,937,990,0.05900001525878906,0,0,0,0,0,0,0,0,0,0,0,0,0,0,0,0,0,0,0,0,1,0
2026-07-14T15:25:36.297+0000,15,1,0,3,0,0,0,1,928,930,957,928,938,991,0.004999876022338867,0,0,0,0,0,0,0,0,0,0,0,0,0,0,0,0,0,0,0,0,1,0
2026-07-14T15:25:36.309+0000,15,1,0,3,0,0,0,1,929,931,958,929,939,992,0.012000083923339844,0,0,0,0,0,0,0,0,0,0,0,0,0,0,0,0,0,0,0,0,1,0
2026-07-14T15:25:36.340+0000,15,1,0,3,0,0,0,1,930,932,959,930,940,993,0.03099989891052246,0,0,0,0,0,0,0,0,0,0,0,0,0,0,0,0,0,0,0,0,1,0
2026-07-14T15:25:36.363+0000,15,1,0,3,0,0,0,1,931,933,960,931,941,994,0.023000001907348633,0,0,0,0,0,0,0,0,0,0,0,0,0,0,0,0,0,0,0,0,1,0
2026-07-14T15:25:36.389+0000,15,1,0,3,0,0,0,1,932,934,961,932,942,995,0.026000022888183594,0,0,0,0,0,0,0,0,0,0,0,0,0,0,0,0,0,0,0,0,1,0
2026-07-14T15:25:36.411+0000,15,1,0,3,0,0,0,1,933,935,962,933,943,996,0.02200007438659668,0,0,0,0,0,0,0,0,0,0,0,0,0,0,0,0,0,0,0,0,1,0
2026-07-14T15:25:36.414+0000,15,1,0,3,0,0,0,1,934,936,963,934,944,997,0.003000020980834961,0,0,0,0,0,0,0,0,0,0,0,0,0,0,0,0,0,0,0,0,1,0
2026-07-14T15:25:36.476+0000,15,1,0,3,0,0,0,1,935,937,964,935,945,998,0.06200003623962402,0,0,0,0,0,0,0,0,0,0,0,0,0,0,0,0,0,0,0,0,1,0
2026-07-14T15:25:36.483+0000,15,1,0,3,0,0,0,1,936,938,965,936,946,999,0.006999969482421875,0,0,0,0,0,0,0,0,0,0,0,0,0,0,0,0,0,0,0,0,1,0
2026-07-14T15:25:36.604+0000,15,1,0,3,0,0,0,1,937,939,966,937,947,999,0.12100005149841309,0,0,0,0,0,0,0,0,0,0,0,0,0,0,0,0,0,0,0,0,1,0
2026-07-14T15:25:36.604+0000,15,1,0,3,0,0,0,1,938,940,967,938,948,999,0.0,0,0,0,0,0,0,0,0,0,0,0,0,0,0,0,0,0,0,0,0,1,0
2026-07-14T15:25:36.626+0000,15,1,0,3,0,0,0,1,939,941,968,939,949,999,0.021999835968017578,0,0,0,0,0,0,0,0,0,0,0,0,0,0,0,0,0,0,0,0,1,0
2026-07-14T15:25:36.642+0000,15,1,0,3,0,0,0,1,940,942,969,940,950,999,0.016000032424926758,0,0,0,0,0,0,0,0,0,0,0,0,0,0,0,0,0,0,0,0,1,0
2026-07-14T15:25:36.670+0000,15,1,0,3,0,0,0,1,941,943,970,941,951,999,0.0280001163482666,0,0,0,0,0,0,0,0,0,0,0,0,0,0,0,0,0,0,0,0,1,0
2026-07-14T15:25:36.705+0000,15,1,0,3,0,0,0,1,942,944,971,942,952,999,0.034999847412109375,0,0,0,0,0,0,0,0,0,0,0,0,0,0,0,0,0,0,0,0,1,0
2026-07-14T15:25:36.727+0000,15,1,0,3,0,0,0,1,943,945,972,943,953,999,0.02200007438659668,0,0,0,0,0,0,0,0,0,0,0,0,0,0,0,0,0,0,0,0,1,0
2026-07-14T15:25:36.766+0000,15,1,0,3,0,0,0,1,944,946,973,944,954,999,0.03900003433227539,0,0,0,0,0,0,0,0,0,0,0,0,0,0,0,0,0,0,0,0,1,0
2026-07-14T15:25:36.787+0000,15,1,0,3,0,0,0,1,945,947,974,945,955,999,0.020999908447265625,0,0,0,0,0,0,0,0,0,0,0,0,0,0,0,0,0,0,0,0,1,0
2026-07-14T15:25:36.791+0000,15,1,0,3,0,0,0,1,946,948,975,946,956,999,0.003999948501586914,0,0,0,0,0,0,0,0,0,0,0,0,0,0,0,0,0,0,0,0,1,0
2026-07-14T15:25:36.853+0000,15,1,0,3,0,0,0,1,947,949,976,947,957,999,0.06200003623962402,0,0,0,0,0,0,0,0,0,0,0,0,0,0,0,0,0,0,0,0,1,0
2026-07-14T15:25:36.853+0000,15,1,0,3,0,0,0,1,948,950,977,948,958,999,0.0,0,0,0,0,0,0,0,0,0,0,0,0,0,0,0,0,0,0,0,0,1,0
2026-07-14T15:25:36.909+0000,15,1,0,3,0,0,0,1,949,951,978,949,959,999,0.0559999942779541,0,0,0,0,0,0,0,0,0,0,0,0,0,0,0,0,0,0,0,0,1,0
2026-07-14T15:25:36.968+0000,15,1,0,3,0,0,0,1,950,952,979,950,960,999,0.05900001525878906,0,0,0,0,0,0,0,0,0,0,0,0,0,0,0,0,0,0,0,0,1,0
2026-07-14T15:25:36.975+0000,15,1,0,3,0,0,0,1,951,953,980,951,961,999,0.006999969482421875,0,0,0,0,0,0,0,0,0,0,0,0,0,0,0,0,0,0,0,0,1,0
2026-07-14T15:25:36.977+0000,15,1,0,3,0,0,0,1,952,954,981,952,962,999,0.002000093460083008,0,0,0,0,0,0,0,0,0,0,0,0,0,0,0,0,0,0,0,0,1,0
2026-07-14T15:25:36.984+0000,15,1,0,3,0,0,0,1,953,955,982,953,963,999,0.006999969482421875,0,0,0,0,0,0,0,0,0,0,0,0,0,0,0,0,0,0,0,0,1,0
2026-07-14T15:25:37.006+0000,15,1,0,3,0,0,0,1,954,956,983,954,964,999,0.02200007438659668,0,0,0,0,0,0,0,0,0,0,0,0,0,0,0,0,0,0,0,0,1,0
2026-07-14T15:25:37.091+0000,15,1,0,3,0,0,0,1,955,957,984,955,965,999,0.08500003814697266,0,0,0,0,0,0,0,0,0,0,0,0,0,0,0,0,0,0,0,0,1,0
2026-07-14T15:25:37.112+0000,15,1,0,3,0,0,0,1,956,958,985,956,966,999,0.020999908447265625,0,0,0,0,0,0,0,0,0,0,0,0,0,0,0,0,0,0,0,0,1,0
2026-07-14T15:25:37.127+0000,15,1,0,3,0,0,0,1,957,959,986,957,967,999,0.015000104904174805,0,0,0,0,0,0,0,0,0,0,0,0,0,0,0,0,0,0,0,0,1,0
2026-07-14T15:25:37.243+0000,15,1,0,3,0,0,0,1,958,960,987,958,968,999,0.11599993705749512,0,0,0,0,0,0,0,0,0,0,0,0,0,0,0,0,0,0,0,0,1,0
2026-07-14T15:25:37.245+0000,15,1,0,3,0,0,0,1,959,961,988,959,969,999,0.0019998550415039062,0,0,0,0,0,0,0,0,0,0,0,0,0,0,0,0,0,0,0,0,1,0
2026-07-14T15:25:37.650+0000,15,1,0,3,0,0,0,1,960,962,989,960,970,999,0.4050002098083496,0,0,0,0,0,0,0,0,0,0,0,0,0,0,0,0,0,0,0,0,1,0
2026-07-14T15:25:37.719+0000,15,1,0,3,0,0,0,1,961,963,990,961,971,999,0.0690000057220459,0,0,0,0,0,0,0,0,0,0,0,0,0,0,0,0,0,0,0,0,1,0
2026-07-14T15:25:37.868+0000,15,1,0,3,0,0,0,1,962,964,991,962,972,999,0.14899992942810059,0,0,0,0,0,0,0,0,0,0,0,0,0,0,0,0,0,0,0,0,1,0
2026-07-14T15:25:37.895+0000,15,1,0,3,0,0,0,1,963,965,992,963,973,999,0.026999950408935547,0,0,0,0,0,0,0,0,0,0,0,0,0,0,0,0,0,0,0,0,1,0
2026-07-14T15:25:37.915+0000,15,1,0,3,0,0,0,1,964,966,993,964,974,999,0.019999980926513672,0,0,0,0,0,0,0,0,0,0,0,0,0,0,0,0,0,0,0,0,1,0
2026-07-14T15:25:37.919+0000,15,1,0,3,0,0,0,1,965,967,994,965,975,999,0.003999948501586914,0,0,0,0,0,0,0,0,0,0,0,0,0,0,0,0,0,0,0,0,1,0
2026-07-14T15:25:37.953+0000,15,1,0,3,0,0,0,1,966,968,995,966,976,999,0.03400015830993652,0,0,0,0,0,0,0,0,0,0,0,0,0,0,0,0,0,0,0,0,1,0
2026-07-14T15:25:38.048+0000,15,1,0,3,0,0,0,1,967,969,996,967,977,999,0.09500002861022949,0,0,0,0,0,0,0,0,0,0,0,0,0,0,0,0,0,0,0,0,1,0
2026-07-14T15:25:38.137+0000,15,1,0,3,0,0,0,1,968,970,997,968,978,999,0.08899998664855957,0,0,0,0,0,0,0,0,0,0,0,0,0,0,0,0,0,0,0,0,1,0
2026-07-14T15:25:38.166+0000,15,1,0,3,0,0,0,1,969,971,998,969,979,999,0.028999805450439453,0,0,0,0,0,0,0,0,0,0,0,0,0,0,0,0,0,0,0,0,1,0
2026-07-14T15:25:38.168+0000,15,1,0,3,0,0,0,1,970,972,999,970,980,999,0.002000093460083008,0,0,0,0,0,0,0,0,0,0,0,0,0,0,0,0,0,0,0,0,1,0
2026-07-14T15:25:38.186+0000,15,1,0,3,0,0,0,1,971,973,999,971,981,999,0.018000125885009766,0,0,0,0,0,0,0,0,0,0,0,0,0,0,0,0,0,0,0,0,1,0
2026-07-14T15:25:38.187+0000,15,1,0,3,0,0,0,1,972,974,999,972,982,999,0.0009999275207519531,0,0,0,0,0,0,0,0,0,0,0,0,0,0,0,0,0,0,0,0,1,0
2026-07-14T15:25:38.245+0000,15,1,0,3,0,0,0,1,973,975,999,973,983,999,0.05799984931945801,0,0,0,0,0,0,0,0,0,0,0,0,0,0,0,0,0,0,0,0,1,0
2026-07-14T15:25:38.248+0000,15,1,0,3,0,0,0,1,974,976,999,974,984,999,0.003000020980834961,0,0,0,0,0,0,0,0,0,0,0,0,0,0,0,0,0,0,0,0,1,0
2026-07-14T15:25:38.266+0000,15,1,0,3,0,0,0,1,975,977,999,975,985,999,0.018000125885009766,0,0,0,0,0,0,0,0,0,0,0,0,0,0,0,0,0,0,0,0,1,0
2026-07-14T15:25:38.278+0000,15,1,0,3,0,0,0,1,976,978,999,976,986,999,0.012000083923339844,0,0,0,0,0,0,0,0,0,0,0,0,0,0,0,0,0,0,0,0,1,0
2026-07-14T15:25:38.331+0000,15,1,0,3,0,0,0,1,977,979,999,977,987,999,0.05299997329711914,0,0,0,0,0,0,0,0,0,0,0,0,0,0,0,0,0,0,0,0,1,0
2026-07-14T15:25:38.410+0000,15,1,0,3,0,0,0,1,978,980,999,978,988,999,0.07899999618530273,0,0,0,0,0,0,0,0,0,0,0,0,0,0,0,0,0,0,0,0,1,0
2026-07-14T15:25:38.519+0000,15,1,0,3,0,0,0,1,979,981,999,979,989,999,0.10899996757507324,0,0,0,0,0,0,0,0,0,0,0,0,0,0,0,0,0,0,0,0,1,0
2026-07-14T15:25:38.533+0000,15,1,0,3,0,0,0,1,980,982,999,980,990,999,0.01399993896484375,0,0,0,0,0,0,0,0,0,0,0,0,0,0,0,0,0,0,0,0,1,0
2026-07-14T15:25:38.567+0000,15,1,0,3,0,0,0,1,981,983,999,981,991,999,0.03399991989135742,0,0,0,0,0,0,0,0,0,0,0,0,0,0,0,0,0,0,0,0,1,0
2026-07-14T15:25:38.671+0000,15,1,0,3,0,0,0,1,982,984,999,982,992,999,0.10400009155273438,0,0,0,0,0,0,0,0,0,0,0,0,0,0,0,0,0,0,0,0,1,0
2026-07-14T15:25:38.678+0000,15,1,0,3,0,0,0,1,983,985,999,983,993,999,0.006999969482421875,0,0,0,0,0,0,0,0,0,0,0,0,0,0,0,0,0,0,0,0,1,0
2026-07-14T15:25:38.690+0000,15,1,0,3,0,0,0,1,984,986,999,984,994,999,0.012000083923339844,0,0,0,0,0,0,0,0,0,0,0,0,0,0,0,0,0,0,0,0,1,0
2026-07-14T15:25:38.696+0000,15,1,0,3,0,0,0,1,985,987,999,985,995,999,0.006000041961669922,0,0,0,0,0,0,0,0,0,0,0,0,0,0,0,0,0,0,0,0,1,0
2026-07-14T15:25:38.703+0000,15,1,0,3,0,0,0,1,986,988,999,986,996,999,0.006999969482421875,0,0,0,0,0,0,0,0,0,0,0,0,0,0,0,0,0,0,0,0,1,0
2026-07-14T15:25:38.786+0000,15,1,0,3,0,0,0,1,987,989,999,987,997,999,0.08299994468688965,0,0,0,0,0,0,0,0,0,0,0,0,0,0,0,0,0,0,0,0,1,0
2026-07-14T15:25:38.797+0000,15,1,0,3,0,0,0,1,988,990,999,988,998,999,0.010999917984008789,0,0,0,0,0,0,0,0,0,0,0,0,0,0,0,0,0,0,0,0,1,0
2026-07-14T15:25:38.820+0000,15,1,0,3,0,0,0,1,989,991,999,989,999,999,0.023000001907348633,0,0,0,0,0,0,0,0,0,0,0,0,0,0,0,0,0,0,0,0,1,0
2026-07-14T15:25:38.830+0000,15,1,0,3,0,0,0,1,990,992,999,990,999,999,0.009999990463256836,0,0,0,0,0,0,0,0,0,0,0,0,0,0,0,0,0,0,0,0,1,0
2026-07-14T15:25:38.890+0000,15,1,0,3,0,0,0,1,991,993,999,991,999,999,0.06000018119812012,0,0,0,0,0,0,0,0,0,0,0,0,0,0,0,0,0,0,0,0,1,0
2026-07-14T15:25:38.912+0000,15,1,0,3,0,0,0,1,992,994,999,992,999,999,0.021999835968017578,0,0,0,0,0,0,0,0,0,0,0,0,0,0,0,0,0,0,0,0,1,0
2026-07-14T15:25:38.918+0000,15,1,0,3,0,0,0,1,993,995,999,993,999,999,0.006000041961669922,0,0,0,0,0,0,0,0,0,0,0,0,0,0,0,0,0,0,0,0,1,0
2026-07-14T15:25:38.968+0000,15,1,0,3,0,0,0,1,994,996,999,994,999,999,0.04999995231628418,0,0,0,0,0,0,0,0,0,0,0,0,0,0,0,0,0,0,0,0,1,0
2026-07-14T15:25:39.058+0000,15,1,0,3,0,0,0,1,995,997,999,995,999,999,0.09000015258789062,0,0,0,0,0,0,0,0,0,0,0,0,0,0,0,0,0,0,0,0,1,0
2026-07-14T15:25:39.088+0000,15,1,0,3,0,0,0,1,996,998,999,996,999,999,0.029999971389770508,0,0,0,0,0,0,0,0,0,0,0,0,0,0,0,0,0,0,0,0,1,0
2026-07-14T15:25:39.137+0000,15,1,0,3,0,0,0,1,997,999,999,997,999,999,0.04900002479553223,0,0,0,0,0,0,0,0,0,0,0,0,0,0,0,0,0,0,0,0,1,0
2026-07-14T15:25:39.159+0000,15,1,0,3,0,0,0,1,998,999,999,998,999,999,0.021999835968017578,0,0,0,0,0,0,0,0,0,0,0,0,0,0,0,0,0,0,0,0,1,0
2026-07-14T15:25:39.159+0000,15,1,0,3,0,0,0,1,999,999,999,999,999,999,0.0,0,0,0,0,0,0,0,0,0,0,0,0,0,0,0,0,0,0,0,0,1,0
2026-07-14T15:25:39.210+0000,15,1,0,3,0,0,0,1,999,999,999,999,999,999,0.051000118255615234,0,0,0,0,0,0,0,0,0,0,0,0,0,0,0,0,0,0,0,0,1,0
2026-07-14T15:25:39.239+0000,15,1,0,3,0,0,0,1,999,999,999,999,999,999,0.029000043869018555,0,0,0,0,0,0,0,0,0,0,0,0,0,0,0,0,0,0,0,0,1,0
2026-07-14T15:25:39.239+0000,15,1,0,3,0,0,0,1,999,999,999,999,999,999,0.0,0,0,0,0,0,0,0,0,0,0,0,0,0,0,0,0,0,0,0,0,1,0
2026-07-14T15:25:39.242+0000,15,1,0,3,0,0,0,1,999,999,999,999,999,999,0.003000020980834961,0,0,0,0,0,0,0,0,0,0,0,0,0,0,0,0,0,0,0,0,1,0
2026-07-14T15:25:39.253+0000,15,1,0,3,0,0,0,1,999,999,999,999,999,999,0.010999917984008789,0,0,0,0,0,0,0,0,0,0,0,0,0,0,0,0,0,0,0,0,1,0
2026-07-14T15:25:39.326+0000,15,1,0,3,0,0,0,1,999,999,999,999,999,999,0.07299995422363281,0,0,0,0,0,0,0,0,0,0,0,0,0,0,0,0,0,0,0,0,1,0
2026-07-14T15:25:39.331+0000,15,1,0,3,0,0,0,1,999,999,999,999,999,999,0.005000114440917969,0,0,0,0,0,0,0,0,0,0,0,0,0,0,0,0,0,0,0,0,1,0
2026-07-14T15:25:39.534+0000,15,1,0,3,0,0,0,1,999,999,999,999,999,999,0.20299983024597168,0,0,0,0,0,0,0,0,0,0,0,0,0,0,0,0,0,0,0,0,1,0
2026-07-14T15:25:39.538+0000,15,1,0,3,0,0,0,1,999,999,999,999,999,999,0.004000186920166016,0,0,0,0,0,0,0,0,0,0,0,0,0,0,0,0,0,0,0,0,1,0
2026-07-14T15:25:39.570+0000,15,1,0,3,0,0,0,1,999,999,999,999,999,999,0.031999826431274414,0,0,0,0,0,0,0,0,0,0,0,0,0,0,0,0,0,0,0,0,1,0
2026-07-14T15:25:39.576+0000,15,1,0,3,0,0,0,1,999,999,999,999,999,999,0.006000041961669922,0,0,0,0,0,0,0,0,0,0,0,0,0,0,0,0,0,0,0,0,1,0
2026-07-14T15:25:39.658+0000,15,1,0,3,0,0,0,1,999,999,999,999,999,999,0.0820000171661377,0,0,0,0,0,0,0,0,0,0,0,0,0,0,0,0,0,0,0,0,1,0
2026-07-14T15:25:39.789+0000,15,1,0,3,0,0,0,1,999,999,999,999,999,999,0.13100004196166992,0,0,0,0,0,0,0,0,0,0,0,0,0,0,0,0,0,0,0,0,1,0
2026-07-14T15:25:39.818+0000,15,1,0,3,0,0,0,1,999,999,999,999,999,999,0.029000043869018555,0,0,0,0,0,0,0,0,0,0,0,0,0,0,0,0,0,0,0,0,1,0
2026-07-14T15:25:39.964+0000,15,1,0,3,0,0,0,1,999,999,999,999,999,999,0.14599990844726562,0,0,0,0,0,0,0,0,0,0,0,0,0,0,0,0,0,0,0,0,1,0
2026-07-14T15:25:39.997+0000,15,1,0,3,0,0,0,1,999,999,999,999,999,999,0.03299999237060547,0,0,0,0,0,0,0,0,0,0,0,0,0,0,0,0,0,0,0,0,1,0
2026-07-14T15:25:40.021+0000,15,1,0,3,0,0,0,1,999,999,999,999,999,999,0.023999929428100586,0,0,0,0,0,0,0,0,0,0,0,0,0,0,0,0,0,0,0,0,1,0
2026-07-14T15:25:40.149+0000,15,1,0,3,0,0,0,1,999,999,999,999,999,999,0.12800002098083496,0,0,0,0,0,0,0,0,0,0,0,0,0,0,0,0,0,0,0,0,1,0
2026-07-14T15:25:40.168+0000,15,1,0,3,0,0,0,1,999,999,999,999,999,999,0.01900005340576172,0,0,0,0,0,0,0,0,0,0,0,0,0,0,0,0,0,0,0,0,1,0
2026-07-14T15:25:40.175+0000,15,1,0,3,0,0,0,1,999,999,999,999,999,999,0.006999969482421875,0,0,0,0,0,0,0,0,0,0,0,0,0,0,0,0,0,0,0,0,1,0
2026-07-14T15:25:40.309+0000,15,1,0,3,0,0,0,1,999,999,999,999,999,999,0.13400006294250488,0,0,0,0,0,0,0,0,0,0,0,0,0,0,0,0,0,0,0,0,1,0
2026-07-14T15:25:40.309+0000,15,1,0,3,0,0,0,1,999,999,999,999,999,999,0.0,0,0,0,0,0,0,0,0,0,0,0,0,0,0,0,0,0,0,0,0,1,0
2026-07-14T15:25:40.315+0000,15,1,0,3,0,0,0,1,999,999,999,999,999,999,0.006000041961669922,0,0,0,0,0,0,0,0,0,0,0,0,0,0,0,0,0,0,0,0,1,0
2026-07-14T15:25:40.367+0000,15,1,0,3,0,0,0,1,999,999,999,999,999,999,0.05200004577636719,0,0,0,0,0,0,0,0,0,0,0,0,0,0,0,0,0,0,0,0,1,0
2026-07-14T15:25:40.369+0000,15,1,0,3,0,0,0,1,999,999,999,999,999,999,0.0019998550415039062,0,0,0,0,0,0,0,0,0,0,0,0,0,0,0,0,0,0,0,0,1,0
2026-07-14T15:25:40.371+0000,15,1,0,3,0,0,0,1,999,999,999,999,999,999,0.002000093460083008,0,0,0,0,0,0,0,0,0,0,0,0,0,0,0,0,0,0,0,0,1,0
2026-07-14T15:25:40.416+0000,15,1,0,3,0,0,0,1,999,999,999,999,999,999,0.04499983787536621,0,0,0,0,0,0,0,0,0,0,0,0,0,0,0,0,0,0,0,0,1,0
2026-07-14T15:25:40.449+0000,15,1,0,3,0,0,0,1,999,999,999,999,999,999,0.03299999237060547,0,0,0,0,0,0,0,0,0,0,0,0,0,0,0,0,0,0,0,0,1,0
2026-07-14T15:25:40.459+0000,15,1,0,3,0,0,0,1,999,999,999,999,999,999,0.010000228881835938,0,0,0,0,0,0,0,0,0,0,0,0,0,0,0,0,0,0,0,0,1,0
2026-07-14T15:25:40.532+0000,15,1,0,3,0,0,0,1,999,999,999,999,999,999,0.07299995422363281,0,0,0,0,0,0,0,0,0,0,0,0,0,0,0,0,0,0,0,0,1,0
2026-07-14T15:25:40.553+0000,15,1,0,3,0,0,0,1,999,999,999,999,999,999,0.020999908447265625,0,0,0,0,0,0,0,0,0,0,0,0,0,0,0,0,0,0,0,0,1,0
2026-07-14T15:25:40.565+0000,15,1,0,3,0,0,0,1,999,999,999,999,999,999,0.012000083923339844,0,0,0,0,0,0,0,0,0,0,0,0,0,0,0,0,0,0,0,0,1,0
2026-07-14T15:25:40.583+0000,15,1,0,3,0,0,0,1,999,999,999,999,999,999,0.017999887466430664,0,0,0,0,0,0,0,0,0,0,0,0,0,0,0,0,0,0,0,0,1,0
2026-07-14T15:25:40.593+0000,15,1,0,3,0,0,0,1,999,999,999,999,999,999,0.009999990463256836,0,0,0,0,0,0,0,0,0,0,0,0,0,0,0,0,0,0,0,0,1,0
2026-07-14T15:25:40.697+0000,15,1,0,3,0,0,0,1,999,999,999,999,999,999,0.10400009155273438,0,0,0,0,0,0,0,0,0,0,0,0,0,0,0,0,0,0,0,0,1,0
2026-07-14T15:25:40.739+0000,15,1,0,3,0,0,0,1,999,999,999,999,999,999,0.04200005531311035,0,0,0,0,0,0,0,0,0,0,0,0,0,0,0,0,0,0,0,0,1,0
2026-07-14T15:25:40.824+0000,15,1,0,3,0,0,0,1,999,999,999,999,999,999,0.08499979972839355,0,0,0,0,0,0,0,0,0,0,0,0,0,0,0,0,0,0,0,0,1,0
2026-07-14T15:25:40.858+0000,15,1,0,3,0,0,0,1,999,999,999,999,999,999,0.03400015830993652,0,0,0,0,0,0,0,0,0,0,0,0,0,0,0,0,0,0,0,0,1,0
2026-07-14T15:25:40.872+0000,15,1,0,3,0,0,0,1,999,999,999,999,999,999,0.01399993896484375,0,0,0,0,0,0,0,0,0,0,0,0,0,0,0,0,0,0,0,0,1,0
2026-07-14T15:25:40.979+0000,15,1,0,3,0,0,0,1,999,999,999,999,999,999,0.10700011253356934,0,0,0,0,0,0,0,0,0,0,0,0,0,0,0,0,0,0,0,0,1,0
2026-07-14T15:25:40.989+0000,15,1,0,3,0,0,0,1,999,999,999,999,999,999,0.009999990463256836,0,0,0,0,0,0,0,0,0,0,0,0,0,0,0,0,0,0,0,0,1,0
2026-07-14T15:25:40.995+0000,15,1,0,3,0,0,0,1,999,999,999,999,999,999,0.00599980354309082,0,0,0,0,0,0,0,0,0,0,0,0,0,0,0,0,0,0,0,0,1,0
2026-07-14T15:25:40.999+0000,15,1,0,3,0,0,0,1,999,999,999,999,999,999,0.004000186920166016,0,0,0,0,0,0,0,0,0,0,0,0,0,0,0,0,0,0,0,0,1,0
2026-07-14T15:25:41.021+0000,15,1,0,3,0,0,0,1,999,999,999,999,999,999,0.021999835968017578,0,0,0,0,0,0,0,0,0,0,0,0,0,0,0,0,0,0,0,0,1,0
2026-07-14T15:25:41.067+0000,15,1,0,3,0,0,0,1,999,999,999,999,999,999,0.046000003814697266,0,0,0,0,0,0,0,0,0,0,0,0,0,0,0,0,0,0,0,0,1,0
2026-07-14T15:25:41.170+0000,15,1,0,3,0,0,0,1,999,999,999,999,999,999,0.10300016403198242,0,0,0,0,0,0,0,0,0,0,0,0,0,0,0,0,0,0,0,0,1,0
2026-07-14T15:25:41.183+0000,15,1,0,3,0,0,0,1,999,999,999,999,999,999,0.013000011444091797,0,0,0,0,0,0,0,0,0,0,0,0,0,0,0,0,0,0,0,0,1,0
2026-07-14T15:25:41.183+0000,15,1,0,3,0,0,0,1,999,999,999,999,999,999,0.0,0,0,0,0,0,0,0,0,0,0,0,0,0,0,0,0,0,0,0,0,1,0
2026-07-14T15:25:41.193+0000,15,1,0,3,0,0,0,1,999,999,999,999,999,999,0.009999990463256836,0,0,0,0,0,0,0,0,0,0,0,0,0,0,0,0,0,0,0,0,1,0
2026-07-14T15:25:41.215+0000,15,1,0,3,0,0,0,1,999,999,999,999,999,999,0.021999835968017578,0,0,0,0,0,0,0,0,0,0,0,0,0,0,0,0,0,0,0,0,1,0
2026-07-14T15:25:41.266+0000,15,1,0,3,0,0,0,1,999,999,999,999,999,999,0.051000118255615234,0,0,0,0,0,0,0,0,0,0,0,0,0,0,0,0,0,0,0,0,1,0
2026-07-14T15:25:41.294+0000,15,1,0,3,0,0,0,1,999,999,999,999,999,999,0.0279998779296875,0,0,0,0,0,0,0,0,0,0,0,0,0,0,0,0,0,0,0,0,1,0
2026-07-14T15:25:41.317+0000,15,1,0,3,0,0,0,1,999,999,999,999,999,999,0.023000001907348633,0,0,0,0,0,0,0,0,0,0,0,0,0,0,0,0,0,0,0,0,1,0
2026-07-14T15:25:41.337+0000,15,1,0,3,0,0,0,1,999,999,999,999,999,999,0.019999980926513672,0,0,0,0,0,0,0,0,0,0,0,0,0,0,0,0,0,0,0,0,1,0
2026-07-14T15:25:41.449+0000,15,1,0,3,0,0,0,1,999,999,999,999,999,999,0.1119999885559082,0,0,0,0,0,0,0,0,0,0,0,0,0,0,0,0,0,0,0,0,1,0
2026-07-14T15:25:41.463+0000,15,1,0,3,0,0,0,1,999,999,999,999,999,999,0.014000177383422852,0,0,0,0,0,0,0,0,0,0,0,0,0,0,0,0,0,0,0,0,1,0
2026-07-14T15:25:41.474+0000,15,1,0,3,0,0,0,1,999,999,999,999,999,999,0.010999917984008789,0,0,0,0,0,0,0,0,0,0,0,0,0,0,0,0,0,0,0,0,1,0
2026-07-14T15:25:41.599+0000,15,1,0,3,0,0,0,1,999,999,999,999,999,999,0.125,0,0,0,0,0,0,0,0,0,0,0,0,0,0,0,0,0,0,0,0,1,0
2026-07-14T15:25:41.599+0000,15,1,0,3,0,0,0,1,999,999,999,999,999,999,0.0,0,0,0,0,0,0,0,0,0,0,0,0,0,0,0,0,0,0,0,0,1,0
2026-07-14T15:25:41.599+0000,15,1,0,3,0,0,0,1,999,999,999,999,999,999,0.0,0,0,0,0,0,0,0,0,0,0,0,0,0,0,0,0,0,0,0,0,1,0
2026-07-14T15:25:41.643+0000,15,1,0,3,0,0,0,1,999,999,999,999,999,999,0.04399991035461426,0,0,0,0,0,0,0,0,0,0,0,0,0,0,0,0,0,0,0,0,1,0
2026-07-14T15:25:41.693+0000,15,1,0,3,0,0,0,1,999,999,999,999,999,999,0.05000019073486328,0,0,0,0,0,0,0,0,0,0,0,0,0,0,0,0,0,0,0,0,1,0
2026-07-14T15:25:41.695+0000,15,1,0,3,0,0,0,1,999,999,999,999,999,999,0.0019998550415039062,0,0,0,0,0,0,0,0,0,0,0,0,0,0,0,0,0,0,0,0,1,0
2026-07-14T15:25:41.732+0000,15,1,0,3,0,0,0,1,999,999,999,999,999,999,0.037000179290771484,0,0,0,0,0,0,0,0,0,0,0,0,0,0,0,0,0,0,0,0,1,0
2026-07-14T15:25:41.895+0000,15,1,0,3,0,0,0,1,999,999,999,999,999,999,0.16299986839294434,0,0,0,0,0,0,0,0,0,0,0,0,0,0,0,0,0,0,0,0,1,0
2026-07-14T15:25:41.965+0000,15,1,0,3,0,0,0,1,999,999,999,999,999,999,0.06999993324279785,0,0,0,0,0,0,0,0,0,0,0,0,0,0,0,0,0,0,0,0,1,0
2026-07-14T15:25:42.006+0000,15,1,0,3,0,0,0,1,999,999,999,999,999,999,0.0410001277923584,0,0,0,0,0,0,0,0,0,0,0,0,0,0,0,0,0,0,0,0,1,0
2026-07-14T15:25:42.103+0000,15,1,0,3,0,0,0,1,999,999,999,999,999,999,0.0969998836517334,0,0,0,0,0,0,0,0,0,0,0,0,0,0,0,0,0,0,0,0,1,0
2026-07-14T15:25:42.103+0000,15,1,0,3,0,0,0,1,999,999,999,999,999,999,0.0,0,0,0,0,0,0,0,0,0,0,0,0,0,0,0,0,0,0,0,0,1,0
2026-07-14T15:25:42.148+0000,15,1,0,3,0,0,0,1,999,999,999,999,999,999,0.04500007629394531,0,0,0,0,0,0,0,0,0,0,0,0,0,0,0,0,0,0,0,0,1,0
2026-07-14T15:25:42.196+0000,15,1,0,3,0,0,0,1,999,999,999,999,999,999,0.04800009727478027,0,0,0,0,0,0,0,0,0,0,0,0,0,0,0,0,0,0,0,0,1,0
2026-07-14T15:25:42.354+0000,15,1,0,3,0,0,0,1,999,999,999,999,999,999,0.15799999237060547,0,0,0,0,0,0,0,0,0,0,0,0,0,0,0,0,0,0,0,0,1,0
2026-07-14T15:25:42.371+0000,15,1,0,3,0,0,0,1,999,999,999,999,999,999,0.01699995994567871,0,0,0,0,0,0,0,0,0,0,0,0,0,0,0,0,0,0,0,0,1,0
2026-07-14T15:25:42.374+0000,15,1,0,3,0,0,0,1,999,999,999,999,999,999,0.003000020980834961,0,0,0,0,0,0,0,0,0,0,0,0,0,0,0,0,0,0,0,0,1,0
2026-07-14T15:25:42.441+0000,15,1,0,3,0,0,0,1,999,999,999,999,999,999,0.06699991226196289,0,0,0,0,0,0,0,0,0,0,0,0,0,0,0,0,0,0,0,0,1,0
2026-07-14T15:25:42.479+0000,15,1,0,3,0,0,0,1,999,999,999,999,999,999,0.03800010681152344,0,0,0,0,0,0,0,0,0,0,0,0,0,0,0,0,0,0,0,0,1,0
2026-07-14T15:25:42.552+0000,15,1,0,3,0,0,0,1,999,999,999,999,999,999,0.07299995422363281,0,0,0,0,0,0,0,0,0,0,0,0,0,0,0,0,0,0,0,0,1,0
2026-07-14T15:25:42.565+0000,15,1,0,3,0,0,0,1,999,999,999,999,999,999,0.013000011444091797,0,0,0,0,0,0,0,0,0,0,0,0,0,0,0,0,0,0,0,0,1,0
2026-07-14T15:25:42.574+0000,15,1,0,3,0,0,0,1,999,999,999,999,999,999,0.008999824523925781,0,0,0,0,0,0,0,0,0,0,0,0,0,0,0,0,0,0,0,0,1,0
2026-07-14T15:25:42.577+0000,15,1,0,3,0,0,0,1,999,999,999,999,999,999,0.003000020980834961,0,0,0,0,0,0,0,0,0,0,0,0,0,0,0,0,0,0,0,0,1,0
2026-07-14T15:25:42.627+0000,15,1,0,3,0,0,0,1,999,999,999,999,999,999,0.05000019073486328,0,0,0,0,0,0,0,0,0,0,0,0,0,0,0,0,0,0,0,0,1,0
2026-07-14T15:25:42.720+0000,15,1,0,3,0,0,0,1,999,999,999,999,999,999,0.09299993515014648,0,0,0,0,0,0,0,0,0,0,0,0,0,0,0,0,0,0,0,0,1,0
2026-07-14T15:25:42.732+0000,15,1,0,3,0,0,0,1,999,999,999,999,999,999,0.012000083923339844,0,0,0,0,0,0,0,0,0,0,0,0,0,0,0,0,0,0,0,0,1,0
2026-07-14T15:25:42.795+0000,15,1,0,3,0,0,0,1,999,999,999,999,999,999,0.06299996376037598,0,0,0,0,0,0,0,0,0,0,0,0,0,0,0,0,0,0,0,0,1,0
2026-07-14T15:25:42.818+0000,15,1,0,3,0,0,0,1,999,999,999,999,999,999,0.023000001907348633,0,0,0,0,0,0,0,0,0,0,0,0,0,0,0,0,0,0,0,0,1,0
2026-07-14T15:25:42.874+0000,15,1,0,3,0,0,0,1,999,999,999,999,999,999,0.0559999942779541,0,0,0,0,0,0,0,0,0,0,0,0,0,0,0,0,0,0,0,0,1,0
2026-07-14T15:25:42.892+0000,15,1,0,3,0,0,0,1,999,999,999,999,999,999,0.017999887466430664,0,0,0,0,0,0,0,0,0,0,0,0,0,0,0,0,0,0,0,0,1,0
2026-07-14T15:25:42.907+0000,15,1,0,3,0,0,0,1,999,999,999,999,999,999,0.015000104904174805,0,0,0,0,0,0,0,0,0,0,0,0,0,0,0,0,0,0,0,0,1,0
2026-07-14T15:25:42.983+0000,15,1,0,3,0,0,0,1,999,999,999,999,999,999,0.07599997520446777,0,0,0,0,0,0,0,0,0,0,0,0,0,0,0,0,0,0,0,0,1,0
2026-07-14T15:25:43.002+0000,15,1,0,3,0,0,0,1,999,999,999,999,999,999,0.01900005340576172,0,0,0,0,0,0,0,0,0,0,0,0,0,0,0,0,0,0,0,0,1,0
2026-07-14T15:25:43.006+0000,15,1,0,3,0,0,0,1,999,999,999,999,999,999,0.003999948501586914,0,0,0,0,0,0,0,0,0,0,0,0,0,0,0,0,0,0,0,0,1,0
2026-07-14T15:25:43.028+0000,15,1,0,3,0,0,0,1,999,999,999,999,999,999,0.02200007438659668,0,0,0,0,0,0,0,0,0,0,0,0,0,0,0,0,0,0,0,0,1,0
2026-07-14T15:25:43.196+0000,15,1,0,3,0,0,0,1,999,999,999,999,999,999,0.1679999828338623,0,0,0,0,0,0,0,0,0,0,0,0,0,0,0,0,0,0,0,0,1,0
2026-07-14T15:25:43.275+0000,15,1,0,3,0,0,0,1,999,999,999,999,999,999,0.07899999618530273,0,0,0,0,0,0,0,0,0,0,0,0,0,0,0,0,0,0,0,0,1,0
2026-07-14T15:25:43.291+0000,15,1,0,3,0,0,0,1,999,999,999,999,999,999,0.015999794006347656,0,0,0,0,0,0,0,0,0,0,0,0,0,0,0,0,0,0,0,0,1,0
2026-07-14T15:25:43.391+0000,15,1,0,3,0,0,0,1,999,999,999,999,999,999,0.10000014305114746,0,0,0,0,0,0,0,0,0,0,0,0,0,0,0,0,0,0,0,0,1,0
2026-07-14T15:25:43.395+0000,15,1,0,3,0,0,0,1,999,999,999,999,999,999,0.003999948501586914,0,0,0,0,0,0,0,0,0,0,0,0,0,0,0,0,0,0,0,0,1,0
2026-07-14T15:25:43.461+0000,15,1,0,3,0,0,0,1,999,999,999,999,999,999,0.06599998474121094,0,0,0,0,0,0,0,0,0,0,0,0,0,0,0,0,0,0,0,0,1,0
2026-07-14T15:25:43.464+0000,15,1,0,3,0,0,0,1,999,999,999,999,999,999,0.003000020980834961,0,0,0,0,0,0,0,0,0,0,0,0,0,0,0,0,0,0,0,0,1,0
2026-07-14T15:25:43.468+0000,15,1,0,3,0,0,0,1,999,999,999,999,999,999,0.003999948501586914,0,0,0,0,0,0,0,0,0,0,0,0,0,0,0,0,0,0,0,0,1,0
2026-07-14T15:25:43.477+0000,15,1,0,3,0,0,0,1,999,999,999,999,999,999,0.009000062942504883,0,0,0,0,0,0,0,0,0,0,0,0,0,0,0,0,0,0,0,0,1,0
2026-07-14T15:25:43.510+0000,15,1,0,3,0,0,0,1,999,999,999,999,999,999,0.03299999237060547,0,0,0,0,0,0,0,0,0,0,0,0,0,0,0,0,0,0,0,0,1,0
2026-07-14T15:26:06.677+0000,15,1,0,3,0,0,0,1,815,999,999,815,999,999,23.16700005531311,0,0,0,0,0,0,0,0,0,0,0,0,0,0,0,0,0,0,0,0,1,0
2026-07-14T15:26:06.760+0000,15,1,0,3,0,0,0,1,816,999,999,816,999,999,0.08299994468688965,0,0,0,0,0,0,0,0,0,0,0,0,0,0,0,0,0,0,0,0,1,0
2026-07-14T15:26:06.760+0000,15,1,0,3,0,0,0,1,817,999,999,817,999,999,0.0,0,0,0,0,0,0,0,0,0,0,0,0,0,0,0,0,0,0,0,0,1,0
2026-07-14T15:26:08.742+0000,15,1,0,3,0,0,0,1,772,999,999,772,999,999,1.9820001125335693,0,0,0,0,0,0,0,0,0,0,0,0,0,0,0,0,0,0,0,0,1,0
2026-07-14T15:26:08.743+0000,15,1,0,3,0,0,0,1,773,999,999,773,999,999,0.0009999275207519531,0,0,0,0,0,0,0,0,0,0,0,0,0,0,0,0,0,0,0,0,1,0
2026-07-14T15:26:08.751+0000,15,1,0,3,0,0,0,1,773,999,999,773,999,999,0.007999897003173828,0,0,0,0,0,0,0,0,0,0,0,0,0,0,0,0,0,0,0,0,1,0
2026-07-14T15:26:08.988+0000,15,1,0,3,0,0,0,1,772,999,999,772,999,999,0.2369999885559082,0,0,0,0,0,0,0,0,0,0,0,0,0,0,0,0,0,0,0,0,1,0
2026-07-14T15:26:10.677+0000,15,1,0,3,0,0,0,1,737,999,999,737,999,999,1.689000129699707,0,0,0,0,0,0,0,0,0,0,0,0,0,0,0,0,0,0,0,0,1,0
2026-07-14T15:26:10.699+0000,15,1,0,3,0,0,0,1,738,999,999,738,999,999,0.021999835968017578,0,0,0,0,0,0,0,0,0,0,0,0,0,0,0,0,0,0,0,0,1,0
2026-07-14T15:26:10.724+0000,15,1,0,3,0,0,0,1,738,999,999,738,999,999,0.02500009536743164,0,0,0,0,0,0,0,0,0,0,0,0,0,0,0,0,0,0,0,0,1,0
2026-07-14T15:26:10.775+0000,15,1,0,3,0,0,0,1,737,999,999,737,999,999,0.051000118255615234,0,0,0,0,0,0,0,0,0,0,0,0,0,0,0,0,0,0,0,0,1,0
2026-07-14T15:26:10.790+0000,15,1,0,3,0,0,0,1,738,999,999,738,999,999,0.014999866485595703,0,0,0,0,0,0,0,0,0,0,0,0,0,0,0,0,0,0,0,0,1,0
2026-07-14T15:26:10.804+0000,15,1,0,3,0,0,0,1,739,999,999,739,999,999,0.01399993896484375,0,0,0,0,0,0,0,0,0,0,0,0,0,0,0,0,0,0,0,0,1,0
2026-07-14T15:26:10.849+0000,15,1,0,3,0,0,0,1,739,999,999,739,999,999,0.04500007629394531,0,0,0,0,0,0,0,0,0,0,0,0,0,0,0,0,0,0,0,0,1,0
2026-07-14T15:26:10.862+0000,15,1,0,3,0,0,0,1,740,999,999,740,999,999,0.013000011444091797,0,0,0,0,0,0,0,0,0,0,0,0,0,0,0,0,0,0,0,0,1,0
2026-07-14T15:26:10.970+0000,15,1,0,3,0,0,0,1,738,999,999,738,999,999,0.10800004005432129,0,0,0,0,0,0,0,0,0,0,0,0,0,0,0,0,0,0,0,0,1,0
2026-07-14T15:26:10.984+0000,15,1,0,3,0,0,0,1,739,999,999,739,999,999,0.01399993896484375,0,0,0,0,0,0,0,0,0,0,0,0,0,0,0,0,0,0,0,0,1,0
2026-07-14T15:26:11.024+0000,15,1,0,3,0,0,0,1,738,999,999,738,999,999,0.039999961853027344,0,0,0,0,0,0,0,0,0,0,0,0,0,0,0,0,0,0,0,0,1,0
2026-07-14T15:26:11.090+0000,15,1,0,9,0,0,0,1,0,2,6,738,999,999,277.1229999065399,0,0,0,0,0,0,0,0,0,0,0,0,0,0,0,0,0,1,0,0,0,0
2026-07-14T15:26:11.092+0000,15,1,0,3,0,0,0,1,738,999,999,739,999,999,0.06800007820129395,0,0,0,0,0,0,0,0,0,0,0,0,0,0,0,0,0,0,0,0,1,0
2026-07-14T15:26:11.208+0000,15,1,0,3,0,0,0,1,736,999,999,737,999,999,0.11599993705749512,0,0,0,0,0,0,0,0,0,0,0,0,0,0,0,0,0,0,0,0,1,0
2026-07-14T15:26:11.211+0000,15,1,0,3,0,0,0,1,737,999,999,738,999,999,0.003000020980834961,0,0,0,0,0,0,0,0,0,0,0,0,0,0,0,0,0,0,0,0,1,0
2026-07-14T15:26:11.261+0000,15,1,0,3,0,0,0,1,738,999,999,739,999,999,0.04999995231628418,0,0,0,0,0,0,0,0,0,0,0,0,0,0,0,0,0,0,0,0,1,0
2026-07-14T15:26:11.270+0000,15,1,0,3,0,0,0,1,739,999,999,740,999,999,0.009000062942504883,0,0,0,0,0,0,0,0,0,0,0,0,0,0,0,0,0,0,0,0,1,0
2026-07-14T15:26:11.291+0000,15,1,0,3,0,0,0,1,739,999,999,740,999,999,0.020999908447265625,0,0,0,0,0,0,0,0,0,0,0,0,0,0,0,0,0,0,0,0,1,0
2026-07-14T15:26:11.298+0000,15,1,0,3,0,0,0,1,739,999,999,740,999,999,0.0070002079010009766,0,0,0,0,0,0,0,0,0,0,0,0,0,0,0,0,0,0,0,0,1,0
2026-07-14T15:26:11.480+0000,15,1,0,3,0,0,0,1,735,999,999,736,999,999,0.18199992179870605,0,0,0,0,0,0,0,0,0,0,0,0,0,0,0,0,0,0,0,0,1,0
2026-07-14T15:26:11.545+0000,15,1,0,3,0,0,0,1,736,999,999,737,999,999,0.06500005722045898,0,0,0,0,0,0,0,0,0,0,0,0,0,0,0,0,0,0,0,0,1,0
2026-07-14T15:26:11.571+0000,15,1,0,3,0,0,0,1,734,999,999,735,999,999,0.026000022888183594,0,0,0,0,0,0,0,0,0,0,0,0,0,0,0,0,0,0,0,0,1,0
2026-07-14T15:26:11.582+0000,15,1,0,3,0,0,0,1,735,999,999,736,999,999,0.010999917984008789,0,0,0,0,0,0,0,0,0,0,0,0,0,0,0,0,0,0,0,0,1,0
2026-07-14T15:26:11.709+0000,15,1,0,3,0,0,0,1,736,999,999,737,999,999,0.127000093460083,0,0,0,0,0,0,0,0,0,0,0,0,0,0,0,0,0,0,0,0,1,0
2026-07-14T15:26:11.765+0000,15,1,0,3,0,0,0,1,735,999,999,736,999,999,0.0559999942779541,0,0,0,0,0,0,0,0,0,0,0,0,0,0,0,0,0,0,0,0,1,0
2026-07-14T15:26:11.873+0000,15,1,0,3,0,0,0,1,733,999,999,734,999,999,0.10799980163574219,0,0,0,0,0,0,0,0,0,0,0,0,0,0,0,0,0,0,0,0,1,0
2026-07-14T15:26:11.875+0000,15,1,0,3,0,0,0,1,734,999,999,735,999,999,0.002000093460083008,0,0,0,0,0,0,0,0,0,0,0,0,0,0,0,0,0,0,0,0,1,0
2026-07-14T15:26:11.918+0000,15,1,0,3,0,0,0,1,735,999,999,736,999,999,0.042999982833862305,0,0,0,0,0,0,0,0,0,0,0,0,0,0,0,0,0,0,0,0,1,0
2026-07-14T15:26:11.946+0000,15,1,0,3,0,0,0,1,735,999,999,736,999,999,0.0280001163482666,0,0,0,0,0,0,0,0,0,0,0,0,0,0,0,0,0,0,0,0,1,0
2026-07-14T15:26:12.000+0000,15,1,0,3,0,0,0,1,736,999,999,737,999,999,0.053999900817871094,0,0,0,0,0,0,0,0,0,0,0,0,0,0,0,0,0,0,0,0,1,0
2026-07-14T15:26:12.062+0000,15,1,0,3,0,0,0,1,735,999,999,736,999,999,0.06200003623962402,0,0,0,0,0,0,0,0,0,0,0,0,0,0,0,0,0,0,0,0,1,0
2026-07-14T15:26:12.082+0000,15,1,0,3,0,0,0,1,735,999,999,736,999,999,0.019999980926513672,0,0,0,0,0,0,0,0,0,0,0,0,0,0,0,0,0,0,0,0,1,0
2026-07-14T15:26:12.153+0000,15,1,0,3,0,0,0,1,736,999,999,737,999,999,0.0710000991821289,0,0,0,0,0,0,0,0,0,0,0,0,0,0,0,0,0,0,0,0,1,0
2026-07-14T15:26:12.200+0000,15,1,0,3,0,0,0,1,736,999,999,737,999,999,0.04699993133544922,0,0,0,0,0,0,0,0,0,0,0,0,0,0,0,0,0,0,0,0,1,0
2026-07-14T15:26:12.226+0000,15,1,0,3,0,0,0,1,737,999,999,738,999,999,0.026000022888183594,0,0,0,0,0,0,0,0,0,0,0,0,0,0,0,0,0,0,0,0,1,0
2026-07-14T15:26:12.254+0000,15,1,0,3,0,0,0,1,737,999,999,738,999,999,0.0279998779296875,0,0,0,0,0,0,0,0,0,0,0,0,0,0,0,0,0,0,0,0,1,0
2026-07-14T15:26:12.288+0000,15,1,0,3,0,0,0,1,737,999,999,738,999,999,0.03400015830993652,0,0,0,0,0,0,0,0,0,0,0,0,0,0,0,0,0,0,0,0,1,0
2026-07-14T15:26:12.307+0000,15,1,0,3,0,0,0,1,738,999,999,739,999,999,0.018999814987182617,0,0,0,0,0,0,0,0,0,0,0,0,0,0,0,0,0,0,0,0,1,0
2026-07-14T15:26:12.319+0000,15,1,0,3,0,0,0,1,739,999,999,740,999,999,0.012000083923339844,0,0,0,0,0,0,0,0,0,0,0,0,0,0,0,0,0,0,0,0,1,0
2026-07-14T15:26:12.383+0000,15,1,0,3,0,0,0,1,738,999,999,739,999,999,0.06399989128112793,0,0,0,0,0,0,0,0,0,0,0,0,0,0,0,0,0,0,0,0,1,0
2026-07-14T15:26:12.406+0000,15,1,0,3,0,0,0,1,739,999,999,740,999,999,0.023000001907348633,0,0,0,0,0,0,0,0,0,0,0,0,0,0,0,0,0,0,0,0,1,0
2026-07-14T15:26:12.444+0000,15,1,0,3,0,0,0,1,740,999,999,741,999,999,0.03800010681152344,0,0,0,0,0,0,0,0,0,0,0,0,0,0,0,0,0,0,0,0,1,0
2026-07-14T15:26:12.444+0000,15,1,0,3,0,0,0,1,741,999,999,742,999,999,0.0,0,0,0,0,0,0,0,0,0,0,0,0,0,0,0,0,0,0,0,0,1,0
2026-07-14T15:26:12.485+0000,15,1,0,3,0,0,0,1,742,999,999,743,999,999,0.0409998893737793,0,0,0,0,0,0,0,0,0,0,0,0,0,0,0,0,0,0,0,0,1,0
2026-07-14T15:26:12.499+0000,15,1,0,3,0,0,0,1,743,999,999,744,999,999,0.014000177383422852,0,0,0,0,0,0,0,0,0,0,0,0,0,0,0,0,0,0,0,0,1,0
2026-07-14T15:26:12.499+0000,15,1,0,3,0,0,0,1,744,999,999,745,999,999,0.0,0,0,0,0,0,0,0,0,0,0,0,0,0,0,0,0,0,0,0,0,1,0
2026-07-14T15:26:12.516+0000,15,1,0,3,0,0,0,1,745,999,999,746,999,999,0.01699995994567871,0,0,0,0,0,0,0,0,0,0,0,0,0,0,0,0,0,0,0,0,1,0
2026-07-14T15:26:12.566+0000,15,1,0,3,0,0,0,1,738,999,999,739,999,999,0.04999995231628418,0,0,0,0,0,0,0,0,0,0,0,0,0,0,0,0,0,0,0,0,1,0
2026-07-14T15:26:12.630+0000,15,1,0,3,0,0,0,1,737,999,999,738,999,999,0.06400012969970703,0,0,0,0,0,0,0,0,0,0,0,0,0,0,0,0,0,0,0,0,1,0
2026-07-14T15:26:12.662+0000,15,1,0,3,0,0,0,1,738,999,999,739,999,999,0.031999826431274414,0,0,0,0,0,0,0,0,0,0,0,0,0,0,0,0,0,0,0,0,1,0
2026-07-14T15:26:12.742+0000,15,1,0,3,0,0,0,1,737,999,999,738,999,999,0.08000016212463379,0,0,0,0,0,0,0,0,0,0,0,0,0,0,0,0,0,0,0,0,1,0
2026-07-14T15:26:12.862+0000,15,1,0,3,0,0,0,1,736,999,999,737,999,999,0.11999988555908203,0,0,0,0,0,0,0,0,0,0,0,0,0,0,0,0,0,0,0,0,1,0
2026-07-14T15:26:12.980+0000,15,1,0,3,0,0,0,1,734,999,999,735,999,999,0.11800003051757812,0,0,0,0,0,0,0,0,0,0,0,0,0,0,0,0,0,0,0,0,1,0
2026-07-14T15:26:13.104+0000,15,1,0,3,0,0,0,1,734,999,999,735,999,999,0.12400007247924805,0,0,0,0,0,0,0,0,0,0,0,0,0,0,0,0,0,0,0,0,1,0
2026-07-14T15:26:13.177+0000,15,1,0,3,0,0,0,1,734,999,999,735,999,999,0.07299995422363281,0,0,0,0,0,0,0,0,0,0,0,0,0,0,0,0,0,0,0,0,1,0
2026-07-14T15:26:13.196+0000,15,1,0,3,0,0,0,1,734,999,999,735,999,999,0.01900005340576172,0,0,0,0,0,0,0,0,0,0,0,0,0,0,0,0,0,0,0,0,1,0
2026-07-14T15:26:13.291+0000,15,1,0,3,0,0,0,1,733,999,999,734,999,999,0.09499979019165039,0,0,0,0,0,0,0,0,0,0,0,0,0,0,0,0,0,0,0,0,1,0
2026-07-14T15:26:13.345+0000,15,1,0,3,0,0,0,1,732,999,999,733,999,999,0.054000139236450195,0,0,0,0,0,0,0,0,0,0,0,0,0,0,0,0,0,0,0,0,1,0
2026-07-14T15:26:13.420+0000,15,1,0,3,0,0,0,1,731,999,999,732,999,999,0.07500004768371582,0,0,0,0,0,0,0,0,0,0,0,0,0,0,0,0,0,0,0,0,1,0
2026-07-14T15:26:13.431+0000,15,1,0,3,0,0,0,1,732,999,999,733,999,999,0.010999917984008789,0,0,0,0,0,0,0,0,0,0,0,0,0,0,0,0,0,0,0,0,1,0
2026-07-14T15:26:13.482+0000,15,1,0,3,0,0,0,1,732,999,999,733,999,999,0.051000118255615234,0,0,0,0,0,0,0,0,0,0,0,0,0,0,0,0,0,0,0,0,1,0
2026-07-14T15:26:13.534+0000,15,1,0,3,0,0,0,1,732,999,999,733,999,999,0.051999807357788086,0,0,0,0,0,0,0,0,0,0,0,0,0,0,0,0,0,0,0,0,1,0
2026-07-14T15:26:13.573+0000,15,1,0,3,0,0,0,1,731,999,999,732,999,999,0.03900003433227539,0,0,0,0,0,0,0,0,0,0,0,0,0,0,0,0,0,0,0,0,1,0
2026-07-14T15:26:13.632+0000,15,1,0,3,0,0,0,1,732,999,999,733,999,999,0.05900001525878906,0,0,0,0,0,0,0,0,0,0,0,0,0,0,0,0,0,0,0,0,1,0
2026-07-14T15:26:13.696+0000,15,1,0,3,0,0,0,1,733,999,999,734,999,999,0.06400012969970703,0,0,0,0,0,0,0,0,0,0,0,0,0,0,0,0,0,0,0,0,1,0
2026-07-14T15:26:13.885+0000,15,1,0,3,0,0,0,1,730,999,999,731,999,999,0.18899989128112793,0,0,0,0,0,0,0,0,0,0,0,0,0,0,0,0,0,0,0,0,1,0
2026-07-14T15:26:13.929+0000,15,1,0,3,0,0,0,1,731,999,999,732,999,999,0.04399991035461426,0,0,0,0,0,0,0,0,0,0,0,0,0,0,0,0,0,0,0,0,1,0
2026-07-14T15:26:14.046+0000,15,1,0,3,0,0,0,1,727,999,999,728,999,999,0.11700010299682617,0,0,0,0,0,0,0,0,0,0,0,0,0,0,0,0,0,0,0,0,1,0
2026-07-14T15:26:14.182+0000,15,1,0,3,0,0,0,1,725,999,999,726,999,999,0.1359999179840088,0,0,0,0,0,0,0,0,0,0,0,0,0,0,0,0,0,0,0,0,1,0
2026-07-14T15:26:14.215+0000,15,1,0,3,0,0,0,1,723,999,999,724,999,999,0.03299999237060547,0,0,0,0,0,0,0,0,0,0,0,0,0,0,0,0,0,0,0,0,1,0
2026-07-14T15:26:14.272+0000,15,1,0,3,0,0,0,1,723,999,999,724,999,999,0.057000160217285156,0,0,0,0,0,0,0,0,0,0,0,0,0,0,0,0,0,0,0,0,1,0
2026-07-14T15:26:14.306+0000,15,1,0,3,0,0,0,1,723,999,999,724,999,999,0.03399991989135742,0,0,0,0,0,0,0,0,0,0,0,0,0,0,0,0,0,0,0,0,1,0
2026-07-14T15:26:14.317+0000,15,1,0,3,0,0,0,1,724,999,999,725,999,999,0.010999917984008789,0,0,0,0,0,0,0,0,0,0,0,0,0,0,0,0,0,0,0,0,1,0
2026-07-14T15:26:14.348+0000,15,1,0,3,0,0,0,1,725,999,999,726,999,999,0.031000137329101562,0,0,0,0,0,0,0,0,0,0,0,0,0,0,0,0,0,0,0,0,1,0
2026-07-14T15:26:14.370+0000,15,1,0,3,0,0,0,1,726,999,999,727,999,999,0.021999835968017578,0,0,0,0,0,0,0,0,0,0,0,0,0,0,0,0,0,0,0,0,1,0
2026-07-14T15:26:14.394+0000,15,1,0,3,0,0,0,1,727,999,999,728,999,999,0.024000167846679688,0,0,0,0,0,0,0,0,0,0,0,0,0,0,0,0,0,0,0,0,1,0
2026-07-14T15:26:14.535+0000,15,1,0,3,0,0,0,1,727,999,999,728,999,999,0.14100003242492676,0,0,0,0,0,0,0,0,0,0,0,0,0,0,0,0,0,0,0,0,1,0
2026-07-14T15:26:14.547+0000,15,1,0,3,0,0,0,1,728,999,999,729,999,999,0.011999845504760742,0,0,0,0,0,0,0,0,0,0,0,0,0,0,0,0,0,0,0,0,1,0
2026-07-14T15:26:14.555+0000,15,1,0,3,0,0,0,1,729,999,999,730,999,999,0.00800013542175293,0,0,0,0,0,0,0,0,0,0,0,0,0,0,0,0,0,0,0,0,1,0
2026-07-14T15:26:14.616+0000,15,1,0,3,0,0,0,1,725,999,999,726,999,999,0.06099987030029297,0,0,0,0,0,0,0,0,0,0,0,0,0,0,0,0,0,0,0,0,1,0
2026-07-14T15:26:14.633+0000,15,1,0,3,0,0,0,1,726,999,999,727,999,999,0.01699995994567871,0,0,0,0,0,0,0,0,0,0,0,0,0,0,0,0,0,0,0,0,1,0
2026-07-14T15:26:14.649+0000,15,1,0,3,0,0,0,1,727,999,999,728,999,999,0.016000032424926758,0,0,0,0,0,0,0,0,0,0,0,0,0,0,0,0,0,0,0,0,1,0
2026-07-14T15:26:14.658+0000,15,1,0,3,0,0,0,1,728,999,999,729,999,999,0.009000062942504883,0,0,0,0,0,0,0,0,0,0,0,0,0,0,0,0,0,0,0,0,1,0
2026-07-14T15:26:14.678+0000,15,1,0,3,0,0,0,1,728,999,999,729,999,999,0.019999980926513672,0,0,0,0,0,0,0,0,0,0,0,0,0,0,0,0,0,0,0,0,1,0
2026-07-14T15:26:14.733+0000,15,1,0,3,0,0,0,1,728,999,999,729,999,999,0.05500006675720215,0,0,0,0,0,0,0,0,0,0,0,0,0,0,0,0,0,0,0,0,1,0
2026-07-14T15:26:14.736+0000,15,1,0,3,0,0,0,1,729,999,999,730,999,999,0.003000020980834961,0,0,0,0,0,0,0,0,0,0,0,0,0,0,0,0,0,0,0,0,1,0
2026-07-14T15:26:14.776+0000,15,1,0,3,0,0,0,1,729,999,999,730,999,999,0.039999961853027344,0,0,0,0,0,0,0,0,0,0,0,0,0,0,0,0,0,0,0,0,1,0
2026-07-14T15:26:14.817+0000,15,1,0,3,0,0,0,1,725,999,999,726,999,999,0.0409998893737793,0,0,0,0,0,0,0,0,0,0,0,0,0,0,0,0,0,0,0,0,1,0
2026-07-14T15:26:14.827+0000,15,1,0,3,0,0,0,1,726,999,999,727,999,999,0.009999990463256836,0,0,0,0,0,0,0,0,0,0,0,0,0,0,0,0,0,0,0,0,1,0
2026-07-14T15:26:14.940+0000,15,1,0,3,0,0,0,1,726,999,999,727,999,999,0.11300015449523926,0,0,0,0,0,0,0,0,0,0,0,0,0,0,0,0,0,0,0,0,1,0
2026-07-14T15:26:14.958+0000,15,1,0,3,0,0,0,1,726,999,999,727,999,999,0.017999887466430664,0,0,0,0,0,0,0,0,0,0,0,0,0,0,0,0,0,0,0,0,1,0
2026-07-14T15:26:15.032+0000,15,1,0,3,0,0,0,1,724,999,999,725,999,999,0.07400012016296387,0,0,0,0,0,0,0,0,0,0,0,0,0,0,0,0,0,0,0,0,1,0
2026-07-14T15:26:15.050+0000,15,1,0,3,0,0,0,1,723,999,999,724,999,999,0.017999887466430664,0,0,0,0,0,0,0,0,0,0,0,0,0,0,0,0,0,0,0,0,1,0
2026-07-14T15:26:15.051+0000,15,1,0,3,0,0,0,1,724,999,999,725,999,999,0.0010001659393310547,0,0,0,0,0,0,0,0,0,0,0,0,0,0,0,0,0,0,0,0,1,0
2026-07-14T15:26:15.132+0000,15,1,0,3,0,0,0,1,722,999,999,723,999,999,0.08099985122680664,0,0,0,0,0,0,0,0,0,0,0,0,0,0,0,0,0,0,0,0,1,0
2026-07-14T15:26:15.217+0000,15,1,0,3,0,0,0,1,720,999,999,721,999,999,0.08500003814697266,0,0,0,0,0,0,0,0,0,0,0,0,0,0,0,0,0,0,0,0,1,0
2026-07-14T15:26:15.505+0000,15,1,0,3,0,0,0,1,715,999,999,716,999,999,0.28800010681152344,0,0,0,0,0,0,0,0,0,0,0,0,0,0,0,0,0,0,0,0,1,0
2026-07-14T15:26:15.518+0000,15,1,0,3,0,0,0,1,715,999,999,716,999,999,0.012999773025512695,0,0,0,0,0,0,0,0,0,0,0,0,0,0,0,0,0,0,0,0,1,0
2026-07-14T15:26:15.629+0000,15,1,0,3,0,0,0,1,711,999,999,712,999,999,0.11100006103515625,0,0,0,0,0,0,0,0,0,0,0,0,0,0,0,0,0,0,0,0,1,0
2026-07-14T15:26:15.710+0000,15,1,0,3,0,0,0,1,711,999,999,712,999,999,0.08100008964538574,0,0,0,0,0,0,0,0,0,0,0,0,0,0,0,0,0,0,0,0,1,0
2026-07-14T15:26:15.755+0000,15,1,0,3,0,0,0,1,709,999,999,710,999,999,0.04500007629394531,0,0,0,0,0,0,0,0,0,0,0,0,0,0,0,0,0,0,0,0,1,0
2026-07-14T15:26:15.790+0000,15,1,0,3,0,0,0,1,710,999,999,711,999,999,0.034999847412109375,0,0,0,0,0,0,0,0,0,0,0,0,0,0,0,0,0,0,0,0,1,0
2026-07-14T15:26:15.832+0000,15,1,0,3,0,0,0,1,709,999,999,710,999,999,0.04200005531311035,0,0,0,0,0,0,0,0,0,0,0,0,0,0,0,0,0,0,0,0,1,0
2026-07-14T15:26:15.836+0000,15,1,0,3,0,0,0,1,710,999,999,711,999,999,0.003999948501586914,0,0,0,0,0,0,0,0,0,0,0,0,0,0,0,0,0,0,0,0,1,0
2026-07-14T15:26:15.920+0000,15,1,0,3,0,0,0,1,709,999,999,710,999,999,0.0840001106262207,0,0,0,0,0,0,0,0,0,0,0,0,0,0,0,0,0,0,0,0,1,0
2026-07-14T15:26:16.081+0000,15,1,0,3,0,0,0,1,709,999,999,710,999,999,0.16100001335144043,0,0,0,0,0,0,0,0,0,0,0,0,0,0,0,0,0,0,0,0,1,0
2026-07-14T15:26:16.121+0000,15,1,0,3,0,0,0,1,708,999,999,709,999,999,0.039999961853027344,0,0,0,0,0,0,0,0,0,0,0,0,0,0,0,0,0,0,0,0,1,0
2026-07-14T15:26:16.137+0000,15,1,0,3,0,0,0,1,709,999,999,710,999,999,0.016000032424926758,0,0,0,0,0,0,0,0,0,0,0,0,0,0,0,0,0,0,0,0,1,0
2026-07-14T15:26:16.211+0000,15,1,0,3,0,0,0,1,707,999,999,708,999,999,0.07399988174438477,0,0,0,0,0,0,0,0,0,0,0,0,0,0,0,0,0,0,0,0,1,0
2026-07-14T15:26:16.234+0000,15,1,0,3,0,0,0,1,707,999,999,708,999,999,0.023000001907348633,0,0,0,0,0,0,0,0,0,0,0,0,0,0,0,0,0,0,0,0,1,0
2026-07-14T15:26:16.254+0000,15,1,0,3,0,0,0,1,707,999,999,708,999,999,0.019999980926513672,0,0,0,0,0,0,0,0,0,0,0,0,0,0,0,0,0,0,0,0,1,0
2026-07-14T15:26:16.260+0000,15,1,0,3,0,0,0,1,708,999,999,709,999,999,0.006000041961669922,0,0,0,0,0,0,0,0,0,0,0,0,0,0,0,0,0,0,0,0,1,0
2026-07-14T15:26:16.267+0000,15,1,0,3,0,0,0,1,709,999,999,710,999,999,0.006999969482421875,0,0,0,0,0,0,0,0,0,0,0,0,0,0,0,0,0,0,0,0,1,0
2026-07-14T15:26:16.284+0000,15,1,0,3,0,0,0,1,710,999,999,711,999,999,0.01699995994567871,0,0,0,0,0,0,0,0,0,0,0,0,0,0,0,0,0,0,0,0,1,0
2026-07-14T15:26:16.291+0000,15,1,0,3,0,0,0,1,711,999,999,712,999,999,0.006999969482421875,0,0,0,0,0,0,0,0,0,0,0,0,0,0,0,0,0,0,0,0,1,0
2026-07-14T15:26:16.308+0000,15,1,0,3,0,0,0,1,712,999,999,713,999,999,0.017000198364257812,0,0,0,0,0,0,0,0,0,0,0,0,0,0,0,0,0,0,0,0,1,0
2026-07-14T15:26:16.315+0000,15,1,0,3,0,0,0,1,713,999,999,714,999,999,0.006999969482421875,0,0,0,0,0,0,0,0,0,0,0,0,0,0,0,0,0,0,0,0,1,0
2026-07-14T15:26:16.365+0000,15,1,0,3,0,0,0,1,713,999,999,714,999,999,0.04999995231628418,0,0,0,0,0,0,0,0,0,0,0,0,0,0,0,0,0,0,0,0,1,0
2026-07-14T15:26:16.413+0000,15,1,0,3,0,0,0,1,714,999,999,715,999,999,0.04800009727478027,0,0,0,0,0,0,0,0,0,0,0,0,0,0,0,0,0,0,0,0,1,0
2026-07-14T15:26:16.417+0000,15,1,0,3,0,0,0,1,714,999,999,715,999,999,0.003999948501586914,0,0,0,0,0,0,0,0,0,0,0,0,0,0,0,0,0,0,0,0,1,0
2026-07-14T15:26:16.432+0000,15,1,0,3,0,0,0,1,715,999,999,716,999,999,0.014999866485595703,0,0,0,0,0,0,0,0,0,0,0,0,0,0,0,0,0,0,0,0,1,0
2026-07-14T15:26:16.481+0000,15,1,0,3,0,0,0,1,716,999,999,717,999,999,0.04900002479553223,0,0,0,0,0,0,0,0,0,0,0,0,0,0,0,0,0,0,0,0,1,0
2026-07-14T15:26:16.568+0000,15,1,0,3,0,0,0,1,714,999,999,715,999,999,0.08700013160705566,0,0,0,0,0,0,0,0,0,0,0,0,0,0,0,0,0,0,0,0,1,0
2026-07-14T15:26:16.615+0000,15,1,0,3,0,0,0,1,714,999,999,715,999,999,0.04699993133544922,0,0,0,0,0,0,0,0,0,0,0,0,0,0,0,0,0,0,0,0,1,0
2026-07-14T15:26:16.626+0000,15,1,0,3,0,0,0,1,714,999,999,715,999,999,0.010999917984008789,0,0,0,0,0,0,0,0,0,0,0,0,0,0,0,0,0,0,0,0,1,0
2026-07-14T15:26:16.678+0000,15,1,0,3,0,0,0,1,715,999,999,716,999,999,0.05200004577636719,0,0,0,0,0,0,0,0,0,0,0,0,0,0,0,0,0,0,0,0,1,0
2026-07-14T15:26:16.704+0000,15,1,0,3,0,0,0,1,716,999,999,717,999,999,0.026000022888183594,0,0,0,0,0,0,0,0,0,0,0,0,0,0,0,0,0,0,0,0,1,0
2026-07-14T15:26:16.709+0000,15,1,0,3,0,0,0,1,717,999,999,718,999,999,0.005000114440917969,0,0,0,0,0,0,0,0,0,0,0,0,0,0,0,0,0,0,0,0,1,0
2026-07-14T15:26:16.860+0000,15,1,0,3,0,0,0,1,713,999,999,714,999,999,0.1509997844696045,0,0,0,0,0,0,0,0,0,0,0,0,0,0,0,0,0,0,0,0,1,0
2026-07-14T15:26:16.887+0000,15,1,0,3,0,0,0,1,714,999,999,715,999,999,0.02700018882751465,0,0,0,0,0,0,0,0,0,0,0,0,0,0,0,0,0,0,0,0,1,0
2026-07-14T15:26:16.887+0000,15,1,0,3,0,0,0,1,715,999,999,716,999,999,0.0,0,0,0,0,0,0,0,0,0,0,0,0,0,0,0,0,0,0,0,0,1,0
2026-07-14T15:26:16.887+0000,15,1,0,3,0,0,0,1,716,999,999,717,999,999,0.0,0,0,0,0,0,0,0,0,0,0,0,0,0,0,0,0,0,0,0,0,1,0
2026-07-14T15:26:16.932+0000,15,1,0,3,0,0,0,1,717,999,999,718,999,999,0.04499983787536621,0,0,0,0,0,0,0,0,0,0,0,0,0,0,0,0,0,0,0,0,1,0
2026-07-14T15:26:17.030+0000,15,1,0,3,0,0,0,1,717,999,999,718,999,999,0.09800004959106445,0,0,0,0,0,0,0,0,0,0,0,0,0,0,0,0,0,0,0,0,1,0
2026-07-14T15:26:17.092+0000,15,1,0,3,0,0,0,1,717,999,999,718,999,999,0.06200003623962402,0,0,0,0,0,0,0,0,0,0,0,0,0,0,0,0,0,0,0,0,1,0
2026-07-14T15:26:17.092+0000,15,1,0,3,0,0,0,1,718,999,999,719,999,999,0.0,0,0,0,0,0,0,0,0,0,0,0,0,0,0,0,0,0,0,0,0,1,0
2026-07-14T15:26:17.124+0000,15,1,0,3,0,0,0,1,719,999,999,720,999,999,0.032000064849853516,0,0,0,0,0,0,0,0,0,0,0,0,0,0,0,0,0,0,0,0,1,0
2026-07-14T15:26:17.173+0000,15,1,0,3,0,0,0,1,719,999,999,720,999,999,0.04900002479553223,0,0,0,0,0,0,0,0,0,0,0,0,0,0,0,0,0,0,0,0,1,0
2026-07-14T15:26:17.213+0000,15,1,0,3,0,0,0,1,720,999,999,721,999,999,0.039999961853027344,0,0,0,0,0,0,0,0,0,0,0,0,0,0,0,0,0,0,0,0,1,0
2026-07-14T15:26:17.255+0000,15,1,0,3,0,0,0,1,721,999,999,722,999,999,0.04200005531311035,0,0,0,0,0,0,0,0,0,0,0,0,0,0,0,0,0,0,0,0,1,0
2026-07-14T15:26:17.279+0000,15,1,0,3,0,0,0,1,722,999,999,723,999,999,0.023999929428100586,0,0,0,0,0,0,0,0,0,0,0,0,0,0,0,0,0,0,0,0,1,0
2026-07-14T15:26:17.310+0000,15,1,0,3,0,0,0,1,722,999,999,723,999,999,0.03099989891052246,0,0,0,0,0,0,0,0,0,0,0,0,0,0,0,0,0,0,0,0,1,0
2026-07-14T15:26:17.331+0000,15,1,0,3,0,0,0,1,723,999,999,724,999,999,0.021000146865844727,0,0,0,0,0,0,0,0,0,0,0,0,0,0,0,0,0,0,0,0,1,0
2026-07-14T15:26:17.354+0000,15,1,0,3,0,0,0,1,723,999,999,724,999,999,0.023000001907348633,0,0,0,0,0,0,0,0,0,0,0,0,0,0,0,0,0,0,0,0,1,0
2026-07-14T15:26:17.354+0000,15,1,0,3,0,0,0,1,724,999,999,725,999,999,0.0,0,0,0,0,0,0,0,0,0,0,0,0,0,0,0,0,0,0,0,0,1,0
2026-07-14T15:26:17.378+0000,15,1,0,3,0,0,0,1,725,999,999,726,999,999,0.023999929428100586,0,0,0,0,0,0,0,0,0,0,0,0,0,0,0,0,0,0,0,0,1,0
2026-07-14T15:26:17.439+0000,15,1,0,3,0,0,0,1,725,999,999,726,999,999,0.06099987030029297,0,0,0,0,0,0,0,0,0,0,0,0,0,0,0,0,0,0,0,0,1,0
2026-07-14T15:26:17.499+0000,15,1,0,3,0,0,0,1,726,999,999,727,999,999,0.06000018119812012,0,0,0,0,0,0,0,0,0,0,0,0,0,0,0,0,0,0,0,0,1,0
2026-07-14T15:26:17.518+0000,15,1,0,3,0,0,0,1,727,999,999,728,999,999,0.018999814987182617,0,0,0,0,0,0,0,0,0,0,0,0,0,0,0,0,0,0,0,0,1,0
2026-07-14T15:26:17.581+0000,15,1,0,3,0,0,0,1,726,999,999,727,999,999,0.06300020217895508,0,0,0,0,0,0,0,0,0,0,0,0,0,0,0,0,0,0,0,0,1,0
2026-07-14T15:26:17.612+0000,15,1,0,3,0,0,0,1,727,999,999,728,999,999,0.03099989891052246,0,0,0,0,0,0,0,0,0,0,0,0,0,0,0,0,0,0,0,0,1,0
2026-07-14T15:26:17.635+0000,15,1,0,3,0,0,0,1,727,999,999,728,999,999,0.023000001907348633,0,0,0,0,0,0,0,0,0,0,0,0,0,0,0,0,0,0,0,0,1,0
2026-07-14T15:26:17.642+0000,15,1,0,3,0,0,0,1,728,999,999,729,999,999,0.006999969482421875,0,0,0,0,0,0,0,0,0,0,0,0,0,0,0,0,0,0,0,0,1,0
2026-07-14T15:26:17.721+0000,15,1,0,3,0,0,0,1,729,999,999,730,999,999,0.07899999618530273,0,0,0,0,0,0,0,0,0,0,0,0,0,0,0,0,0,0,0,0,1,0
2026-07-14T15:26:17.742+0000,15,1,0,3,0,0,0,1,729,999,999,730,999,999,0.021000146865844727,0,0,0,0,0,0,0,0,0,0,0,0,0,0,0,0,0,0,0,0,1,0
2026-07-14T15:26:17.794+0000,15,1,0,3,0,0,0,1,729,999,999,730,999,999,0.051999807357788086,0,0,0,0,0,0,0,0,0,0,0,0,0,0,0,0,0,0,0,0,1,0
2026-07-14T15:26:17.889+0000,15,1,0,3,0,0,0,1,728,999,999,729,999,999,0.09500002861022949,0,0,0,0,0,0,0,0,0,0,0,0,0,0,0,0,0,0,0,0,1,0
2026-07-14T15:26:17.975+0000,15,1,0,3,0,0,0,1,726,999,999,727,999,999,0.08599996566772461,0,0,0,0,0,0,0,0,0,0,0,0,0,0,0,0,0,0,0,0,1,0
2026-07-14T15:26:17.989+0000,15,1,0,3,0,0,0,1,726,999,999,727,999,999,0.014000177383422852,0,0,0,0,0,0,0,0,0,0,0,0,0,0,0,0,0,0,0,0,1,0
2026-07-14T15:26:18.066+0000,15,1,0,3,0,0,0,1,726,999,999,727,999,999,0.07699990272521973,0,0,0,0,0,0,0,0,0,0,0,0,0,0,0,0,0,0,0,0,1,0
2026-07-14T15:26:18.066+0000,15,1,0,3,0,0,0,1,727,999,999,728,999,999,0.0,0,0,0,0,0,0,0,0,0,0,0,0,0,0,0,0,0,0,0,0,1,0
2026-07-14T15:26:18.086+0000,15,1,0,3,0,0,0,1,728,999,999,729,999,999,0.019999980926513672,0,0,0,0,0,0,0,0,0,0,0,0,0,0,0,0,0,0,0,0,1,0
2026-07-14T15:26:18.086+0000,15,1,0,3,0,0,0,1,729,999,999,730,999,999,0.0,0,0,0,0,0,0,0,0,0,0,0,0,0,0,0,0,0,0,0,0,1,0
2026-07-14T15:26:18.143+0000,15,1,0,3,0,0,0,1,727,999,999,728,999,999,0.056999921798706055,0,0,0,0,0,0,0,0,0,0,0,0,0,0,0,0,0,0,0,0,1,0
2026-07-14T15:26:18.215+0000,15,1,0,3,0,0,0,1,725,999,999,726,999,999,0.07200002670288086,0,0,0,0,0,0,0,0,0,0,0,0,0,0,0,0,0,0,0,0,1,0
2026-07-14T15:26:18.228+0000,15,1,0,3,0,0,0,1,725,999,999,726,999,999,0.013000011444091797,0,0,0,0,0,0,0,0,0,0,0,0,0,0,0,0,0,0,0,0,1,0
2026-07-14T15:26:18.299+0000,15,1,0,3,0,0,0,1,724,999,999,725,999,999,0.0710000991821289,0,0,0,0,0,0,0,0,0,0,0,0,0,0,0,0,0,0,0,0,1,0
2026-07-14T15:26:18.440+0000,15,1,0,3,0,0,0,1,723,999,999,724,999,999,0.14100003242492676,0,0,0,0,0,0,0,0,0,0,0,0,0,0,0,0,0,0,0,0,1,0
2026-07-14T15:26:18.493+0000,15,1,0,3,0,0,0,1,724,999,999,725,999,999,0.05299997329711914,0,0,0,0,0,0,0,0,0,0,0,0,0,0,0,0,0,0,0,0,1,0
2026-07-14T15:26:18.496+0000,15,1,0,3,0,0,0,1,725,999,999,726,999,999,0.003000020980834961,0,0,0,0,0,0,0,0,0,0,0,0,0,0,0,0,0,0,0,0,1,0
2026-07-14T15:26:18.514+0000,15,1,0,3,0,0,0,1,726,999,999,727,999,999,0.017999887466430664,0,0,0,0,0,0,0,0,0,0,0,0,0,0,0,0,0,0,0,0,1,0
2026-07-14T15:26:18.590+0000,15,1,0,3,0,0,0,1,727,999,999,728,999,999,0.07599997520446777,0,0,0,0,0,0,0,0,0,0,0,0,0,0,0,0,0,0,0,0,1,0
2026-07-14T15:26:18.788+0000,15,1,0,3,0,0,0,1,724,999,999,725,999,999,0.19800019264221191,0,0,0,0,0,0,0,0,0,0,0,0,0,0,0,0,0,0,0,0,1,0
2026-07-14T15:26:18.843+0000,15,1,0,3,0,0,0,1,725,999,999,726,999,999,0.05499982833862305,0,0,0,0,0,0,0,0,0,0,0,0,0,0,0,0,0,0,0,0,1,0
2026-07-14T15:26:18.843+0000,15,1,0,3,0,0,0,1,726,999,999,727,999,999,0.0,0,0,0,0,0,0,0,0,0,0,0,0,0,0,0,0,0,0,0,0,1,0
2026-07-14T15:26:18.859+0000,15,1,0,3,0,0,0,1,727,999,999,728,999,999,0.016000032424926758,0,0,0,0,0,0,0,0,0,0,0,0,0,0,0,0,0,0,0,0,1,0
2026-07-14T15:26:18.862+0000,15,1,0,3,0,0,0,1,728,999,999,729,999,999,0.003000020980834961,0,0,0,0,0,0,0,0,0,0,0,0,0,0,0,0,0,0,0,0,1,0
2026-07-14T15:26:18.865+0000,15,1,0,3,0,0,0,1,729,999,999,730,999,999,0.003000020980834961,0,0,0,0,0,0,0,0,0,0,0,0,0,0,0,0,0,0,0,0,1,0
2026-07-14T15:26:19.036+0000,15,1,0,3,0,0,0,1,725,999,999,726,999,999,0.17100000381469727,0,0,0,0,0,0,0,0,0,0,0,0,0,0,0,0,0,0,0,0,1,0
2026-07-14T15:26:19.042+0000,15,1,0,3,0,0,0,1,726,999,999,727,999,999,0.006000041961669922,0,0,0,0,0,0,0,0,0,0,0,0,0,0,0,0,0,0,0,0,1,0
2026-07-14T15:26:19.046+0000,15,1,0,3,0,0,0,1,727,999,999,728,999,999,0.003999948501586914,0,0,0,0,0,0,0,0,0,0,0,0,0,0,0,0,0,0,0,0,1,0
2026-07-14T15:26:19.046+0000,15,1,0,3,0,0,0,1,728,999,999,729,999,999,0.0,0,0,0,0,0,0,0,0,0,0,0,0,0,0,0,0,0,0,0,0,1,0
2026-07-14T15:26:19.047+0000,15,1,0,3,0,0,0,1,729,999,999,730,999,999,0.0009999275207519531,0,0,0,0,0,0,0,0,0,0,0,0,0,0,0,0,0,0,0,0,1,0
2026-07-14T15:26:19.047+0000,15,1,0,3,0,0,0,1,730,999,999,731,999,999,0.0,0,0,0,0,0,0,0,0,0,0,0,0,0,0,0,0,0,0,0,0,1,0
2026-07-14T15:26:19.047+0000,15,1,0,3,0,0,0,1,731,999,999,732,999,999,0.0,0,0,0,0,0,0,0,0,0,0,0,0,0,0,0,0,0,0,0,0,1,0
2026-07-14T15:26:19.063+0000,15,1,0,3,0,0,0,1,732,999,999,733,999,999,0.016000032424926758,0,0,0,0,0,0,0,0,0,0,0,0,0,0,0,0,0,0,0,0,1,0
2026-07-14T15:26:19.430+0000,15,1,0,3,0,0,0,1,726,999,999,727,999,999,0.36700010299682617,0,0,0,0,0,0,0,0,0,0,0,0,0,0,0,0,0,0,0,0,1,0
2026-07-14T15:26:19.750+0000,15,1,0,3,0,0,0,1,723,999,999,724,999,999,0.31999993324279785,0,0,0,0,0,0,0,0,0,0,0,0,0,0,0,0,0,0,0,0,1,0
2026-07-14T15:26:19.906+0000,15,1,0,3,0,0,0,1,720,999,999,721,999,999,0.15599989891052246,0,0,0,0,0,0,0,0,0,0,0,0,0,0,0,0,0,0,0,0,1,0
2026-07-14T15:26:19.944+0000,15,1,0,3,0,0,0,1,721,999,999,722,999,999,0.03800010681152344,0,0,0,0,0,0,0,0,0,0,0,0,0,0,0,0,0,0,0,0,1,0
2026-07-14T15:26:19.975+0000,15,1,0,3,0,0,0,1,721,999,999,722,999,999,0.03099989891052246,0,0,0,0,0,0,0,0,0,0,0,0,0,0,0,0,0,0,0,0,1,0
2026-07-14T15:26:20.011+0000,15,1,0,3,0,0,0,1,721,999,999,722,999,999,0.03600001335144043,0,0,0,0,0,0,0,0,0,0,0,0,0,0,0,0,0,0,0,0,1,0
2026-07-14T15:26:20.112+0000,15,1,0,3,0,0,0,1,721,999,999,722,999,999,0.10100007057189941,0,0,0,0,0,0,0,0,0,0,0,0,0,0,0,0,0,0,0,0,1,0
2026-07-14T15:26:20.159+0000,15,1,0,3,0,0,0,1,722,999,999,723,999,999,0.04699993133544922,0,0,0,0,0,0,0,0,0,0,0,0,0,0,0,0,0,0,0,0,1,0
2026-07-14T15:26:20.176+0000,15,1,0,3,0,0,0,1,722,999,999,723,999,999,0.017000198364257812,0,0,0,0,0,0,0,0,0,0,0,0,0,0,0,0,0,0,0,0,1,0
2026-07-14T15:26:20.188+0000,15,1,0,3,0,0,0,1,723,999,999,724,999,999,0.011999845504760742,0,0,0,0,0,0,0,0,0,0,0,0,0,0,0,0,0,0,0,0,1,0
2026-07-14T15:26:20.266+0000,15,1,0,3,0,0,0,1,724,999,999,725,999,999,0.07800006866455078,0,0,0,0,0,0,0,0,0,0,0,0,0,0,0,0,0,0,0,0,1,0
2026-07-14T15:26:20.268+0000,15,1,0,3,0,0,0,1,725,999,999,726,999,999,0.0019998550415039062,0,0,0,0,0,0,0,0,0,0,0,0,0,0,0,0,0,0,0,0,1,0
2026-07-14T15:26:20.333+0000,15,1,0,3,0,0,0,1,726,999,999,727,999,999,0.06500005722045898,0,0,0,0,0,0,0,0,0,0,0,0,0,0,0,0,0,0,0,0,1,0
2026-07-14T15:26:20.358+0000,15,1,0,3,0,0,0,1,724,999,999,725,999,999,0.02500009536743164,0,0,0,0,0,0,0,0,0,0,0,0,0,0,0,0,0,0,0,0,1,0
2026-07-14T15:26:20.410+0000,15,1,0,3,0,0,0,1,722,999,999,723,999,999,0.05200004577636719,0,0,0,0,0,0,0,0,0,0,0,0,0,0,0,0,0,0,0,0,1,0
2026-07-14T15:26:20.441+0000,15,1,0,3,0,0,0,1,722,999,999,723,999,999,0.03099989891052246,0,0,0,0,0,0,0,0,0,0,0,0,0,0,0,0,0,0,0,0,1,0
2026-07-14T15:26:20.454+0000,15,1,0,3,0,0,0,1,723,999,999,724,999,999,0.013000011444091797,0,0,0,0,0,0,0,0,0,0,0,0,0,0,0,0,0,0,0,0,1,0
2026-07-14T15:26:20.542+0000,15,1,0,3,0,0,0,1,720,999,999,721,999,999,0.08800005912780762,0,0,0,0,0,0,0,0,0,0,0,0,0,0,0,0,0,0,0,0,1,0
2026-07-14T15:26:20.671+0000,15,1,0,3,0,0,0,1,718,999,999,719,999,999,0.12899994850158691,0,0,0,0,0,0,0,0,0,0,0,0,0,0,0,0,0,0,0,0,1,0
2026-07-14T15:26:20.684+0000,15,1,0,3,0,0,0,1,718,999,999,719,999,999,0.013000011444091797,0,0,0,0,0,0,0,0,0,0,0,0,0,0,0,0,0,0,0,0,1,0
2026-07-14T15:26:20.719+0000,15,1,0,3,0,0,0,1,719,999,999,720,999,999,0.03500008583068848,0,0,0,0,0,0,0,0,0,0,0,0,0,0,0,0,0,0,0,0,1,0
2026-07-14T15:26:20.756+0000,15,1,0,3,0,0,0,1,717,999,999,718,999,999,0.03699994087219238,0,0,0,0,0,0,0,0,0,0,0,0,0,0,0,0,0,0,0,0,1,0
2026-07-14T15:26:20.771+0000,15,1,0,3,0,0,0,1,718,999,999,719,999,999,0.014999866485595703,0,0,0,0,0,0,0,0,0,0,0,0,0,0,0,0,0,0,0,0,1,0
2026-07-14T15:26:20.835+0000,15,1,0,3,0,0,0,1,717,999,999,718,999,999,0.06400012969970703,0,0,0,0,0,0,0,0,0,0,0,0,0,0,0,0,0,0,0,0,1,0
2026-07-14T15:26:20.835+0000,15,1,0,3,0,0,0,1,718,999,999,719,999,999,0.0,0,0,0,0,0,0,0,0,0,0,0,0,0,0,0,0,0,0,0,0,1,0
2026-07-14T15:26:20.888+0000,15,1,0,3,0,0,0,1,718,999,999,719,999,999,0.05299997329711914,0,0,0,0,0,0,0,0,0,0,0,0,0,0,0,0,0,0,0,0,1,0
2026-07-14T15:26:21.074+0000,15,1,0,3,0,0,0,1,714,999,999,715,999,999,0.18599987030029297,0,0,0,0,0,0,0,0,0,0,0,0,0,0,0,0,0,0,0,0,1,0
2026-07-14T15:26:21.105+0000,15,1,0,3,0,0,0,1,715,999,999,716,999,999,0.031000137329101562,0,0,0,0,0,0,0,0,0,0,0,0,0,0,0,0,0,0,0,0,1,0
2026-07-14T15:26:21.198+0000,15,1,0,3,0,0,0,1,716,999,999,717,999,999,0.09299993515014648,0,0,0,0,0,0,0,0,0,0,0,0,0,0,0,0,0,0,0,0,1,0
2026-07-14T15:26:21.276+0000,15,1,0,3,0,0,0,1,717,999,999,718,999,999,0.07800006866455078,0,0,0,0,0,0,0,0,0,0,0,0,0,0,0,0,0,0,0,0,1,0
2026-07-14T15:26:21.370+0000,15,1,0,3,0,0,0,1,717,999,999,718,999,999,0.09399986267089844,0,0,0,0,0,0,0,0,0,0,0,0,0,0,0,0,0,0,0,0,1,0
2026-07-14T15:26:21.375+0000,15,1,0,3,0,0,0,1,718,999,999,719,999,999,0.005000114440917969,0,0,0,0,0,0,0,0,0,0,0,0,0,0,0,0,0,0,0,0,1,0
2026-07-14T15:26:21.582+0000,15,1,0,3,0,0,0,1,719,999,999,720,999,999,0.2070000171661377,0,0,0,0,0,0,0,0,0,0,0,0,0,0,0,0,0,0,0,0,1,0
2026-07-14T15:26:21.721+0000,15,1,0,3,0,0,0,1,717,999,999,718,999,999,0.13899993896484375,0,0,0,0,0,0,0,0,0,0,0,0,0,0,0,0,0,0,0,0,1,0
2026-07-14T15:26:21.764+0000,15,1,0,3,0,0,0,1,718,999,999,719,999,999,0.042999982833862305,0,0,0,0,0,0,0,0,0,0,0,0,0,0,0,0,0,0,0,0,1,0
2026-07-14T15:26:21.863+0000,15,1,0,3,0,0,0,1,718,999,999,719,999,999,0.0989999771118164,0,0,0,0,0,0,0,0,0,0,0,0,0,0,0,0,0,0,0,0,1,0
2026-07-14T15:26:21.884+0000,15,1,0,3,0,0,0,1,717,999,999,718,999,999,0.021000146865844727,0,0,0,0,0,0,0,0,0,0,0,0,0,0,0,0,0,0,0,0,1,0
2026-07-14T15:26:21.972+0000,15,1,0,3,0,0,0,1,712,999,999,713,999,999,0.08799982070922852,0,0,0,0,0,0,0,0,0,0,0,0,0,0,0,0,0,0,0,0,1,0
2026-07-14T15:26:21.972+0000,15,1,0,3,0,0,0,1,713,999,999,714,999,999,0.0,0,0,0,0,0,0,0,0,0,0,0,0,0,0,0,0,0,0,0,0,1,0
2026-07-14T15:26:22.077+0000,15,1,0,3,0,0,0,1,711,999,999,712,999,999,0.10500001907348633,0,0,0,0,0,0,0,0,0,0,0,0,0,0,0,0,0,0,0,0,1,0
2026-07-14T15:26:22.129+0000,15,1,0,3,0,0,0,1,712,999,999,713,999,999,0.05200004577636719,0,0,0,0,0,0,0,0,0,0,0,0,0,0,0,0,0,0,0,0,1,0
2026-07-14T15:26:22.139+0000,15,1,0,3,0,0,0,1,713,999,999,714,999,999,0.009999990463256836,0,0,0,0,0,0,0,0,0,0,0,0,0,0,0,0,0,0,0,0,1,0
2026-07-14T15:26:22.143+0000,15,1,0,3,0,0,0,1,714,999,999,715,999,999,0.003999948501586914,0,0,0,0,0,0,0,0,0,0,0,0,0,0,0,0,0,0,0,0,1,0
2026-07-14T15:26:22.145+0000,15,1,0,3,0,0,0,1,715,999,999,716,999,999,0.002000093460083008,0,0,0,0,0,0,0,0,0,0,0,0,0,0,0,0,0,0,0,0,1,0
2026-07-14T15:26:22.242+0000,15,1,0,3,0,0,0,1,713,999,999,714,999,999,0.0970001220703125,0,0,0,0,0,0,0,0,0,0,0,0,0,0,0,0,0,0,0,0,1,0
2026-07-14T15:26:22.275+0000,15,1,0,3,0,0,0,1,714,999,999,715,999,999,0.03299999237060547,0,0,0,0,0,0,0,0,0,0,0,0,0,0,0,0,0,0,0,0,1,0
2026-07-14T15:26:22.324+0000,15,1,0,3,0,0,0,1,714,999,999,715,999,999,0.048999786376953125,0,0,0,0,0,0,0,0,0,0,0,0,0,0,0,0,0,0,0,0,1,0
2026-07-14T15:26:22.341+0000,15,1,0,3,0,0,0,1,715,999,999,716,999,999,0.017000198364257812,0,0,0,0,0,0,0,0,0,0,0,0,0,0,0,0,0,0,0,0,1,0
2026-07-14T15:26:22.385+0000,15,1,0,3,0,0,0,1,715,999,999,716,999,999,0.04399991035461426,0,0,0,0,0,0,0,0,0,0,0,0,0,0,0,0,0,0,0,0,1,0
2026-07-14T15:26:22.396+0000,15,1,0,3,0,0,0,1,716,999,999,717,999,999,0.010999917984008789,0,0,0,0,0,0,0,0,0,0,0,0,0,0,0,0,0,0,0,0,1,0
2026-07-14T15:26:22.478+0000,15,1,0,3,0,0,0,1,717,999,999,718,999,999,0.0820000171661377,0,0,0,0,0,0,0,0,0,0,0,0,0,0,0,0,0,0,0,0,1,0
2026-07-14T15:26:22.495+0000,15,1,0,3,0,0,0,1,718,999,999,719,999,999,0.01699995994567871,0,0,0,0,0,0,0,0,0,0,0,0,0,0,0,0,0,0,0,0,1,0
2026-07-14T15:26:22.496+0000,15,1,0,3,0,0,0,1,719,999,999,720,999,999,0.0010001659393310547,0,0,0,0,0,0,0,0,0,0,0,0,0,0,0,0,0,0,0,0,1,0
2026-07-14T15:26:22.510+0000,15,1,0,3,0,0,0,1,720,999,999,721,999,999,0.01399993896484375,0,0,0,0,0,0,0,0,0,0,0,0,0,0,0,0,0,0,0,0,1,0
2026-07-14T15:26:22.575+0000,15,1,0,3,0,0,0,1,721,999,999,722,999,999,0.06500005722045898,0,0,0,0,0,0,0,0,0,0,0,0,0,0,0,0,0,0,0,0,1,0
2026-07-14T15:26:22.584+0000,15,1,0,3,0,0,0,1,720,999,999,721,999,999,0.009000062942504883,0,0,0,0,0,0,0,0,0,0,0,0,0,0,0,0,0,0,0,0,1,0
2026-07-14T15:26:22.597+0000,15,1,0,3,0,0,0,1,721,999,999,722,999,999,0.012999773025512695,0,0,0,0,0,0,0,0,0,0,0,0,0,0,0,0,0,0,0,0,1,0
2026-07-14T15:26:22.621+0000,15,1,0,3,0,0,0,1,722,999,999,723,999,999,0.024000167846679688,0,0,0,0,0,0,0,0,0,0,0,0,0,0,0,0,0,0,0,0,1,0
2026-07-14T15:26:22.684+0000,15,1,0,3,0,0,0,1,720,999,999,721,999,999,0.06299996376037598,0,0,0,0,0,0,0,0,0,0,0,0,0,0,0,0,0,0,0,0,1,0
2026-07-14T15:26:22.721+0000,15,1,0,3,0,0,0,1,720,999,999,721,999,999,0.03699994087219238,0,0,0,0,0,0,0,0,0,0,0,0,0,0,0,0,0,0,0,0,1,0
2026-07-14T15:26:22.725+0000,15,1,0,3,0,0,0,1,721,999,999,722,999,999,0.003999948501586914,0,0,0,0,0,0,0,0,0,0,0,0,0,0,0,0,0,0,0,0,1,0
2026-07-14T15:26:22.801+0000,15,1,0,3,0,0,0,1,722,999,999,723,999,999,0.07600021362304688,0,0,0,0,0,0,0,0,0,0,0,0,0,0,0,0,0,0,0,0,1,0
2026-07-14T15:26:22.875+0000,15,1,0,3,0,0,0,1,722,999,999,723,999,999,0.07399988174438477,0,0,0,0,0,0,0,0,0,0,0,0,0,0,0,0,0,0,0,0,1,0
2026-07-14T15:26:22.875+0000,15,1,0,3,0,0,0,1,723,999,999,724,999,999,0.0,0,0,0,0,0,0,0,0,0,0,0,0,0,0,0,0,0,0,0,0,1,0
2026-07-14T15:26:22.875+0000,15,1,0,3,0,0,0,1,724,999,999,725,999,999,0.0,0,0,0,0,0,0,0,0,0,0,0,0,0,0,0,0,0,0,0,0,1,0
2026-07-14T15:26:22.889+0000,15,1,0,3,0,0,0,1,725,999,999,726,999,999,0.01399993896484375,0,0,0,0,0,0,0,0,0,0,0,0,0,0,0,0,0,0,0,0,1,0
2026-07-14T15:26:22.896+0000,15,1,0,3,0,0,0,1,726,999,999,727,999,999,0.006999969482421875,0,0,0,0,0,0,0,0,0,0,0,0,0,0,0,0,0,0,0,0,1,0
2026-07-14T15:26:22.905+0000,15,1,0,3,0,0,0,1,727,999,999,728,999,999,0.009000062942504883,0,0,0,0,0,0,0,0,0,0,0,0,0,0,0,0,0,0,0,0,1,0
2026-07-14T15:26:22.949+0000,15,1,0,3,0,0,0,1,728,999,999,729,999,999,0.04399991035461426,0,0,0,0,0,0,0,0,0,0,0,0,0,0,0,0,0,0,0,0,1,0
2026-07-14T15:26:22.961+0000,15,1,0,3,0,0,0,1,729,999,999,730,999,999,0.012000083923339844,0,0,0,0,0,0,0,0,0,0,0,0,0,0,0,0,0,0,0,0,1,0
2026-07-14T15:26:22.984+0000,15,1,0,3,0,0,0,1,730,999,999,731,999,999,0.023000001907348633,0,0,0,0,0,0,0,0,0,0,0,0,0,0,0,0,0,0,0,0,1,0
2026-07-14T15:26:23.018+0000,15,1,0,3,0,0,0,1,731,999,999,732,999,999,0.03399991989135742,0,0,0,0,0,0,0,0,0,0,0,0,0,0,0,0,0,0,0,0,1,0
2026-07-14T15:26:23.132+0000,15,1,0,3,0,0,0,1,730,999,999,731,999,999,0.11400008201599121,0,0,0,0,0,0,0,0,0,0,0,0,0,0,0,0,0,0,0,0,1,0
2026-07-14T15:26:23.147+0000,15,1,0,3,0,0,0,1,729,999,999,730,999,999,0.015000104904174805,0,0,0,0,0,0,0,0,0,0,0,0,0,0,0,0,0,0,0,0,1,0
2026-07-14T15:26:23.166+0000,15,1,0,3,0,0,0,1,730,999,999,731,999,999,0.018999814987182617,0,0,0,0,0,0,0,0,0,0,0,0,0,0,0,0,0,0,0,0,1,0
2026-07-14T15:26:23.259+0000,15,1,0,3,0,0,0,1,730,999,999,731,999,999,0.09300017356872559,0,0,0,0,0,0,0,0,0,0,0,0,0,0,0,0,0,0,0,0,1,0
2026-07-14T15:26:23.342+0000,15,1,0,3,0,0,0,1,731,999,999,732,999,999,0.08299994468688965,0,0,0,0,0,0,0,0,0,0,0,0,0,0,0,0,0,0,0,0,1,0
2026-07-14T15:26:23.399+0000,15,1,0,3,0,0,0,1,732,999,999,733,999,999,0.056999921798706055,0,0,0,0,0,0,0,0,0,0,0,0,0,0,0,0,0,0,0,0,1,0
2026-07-14T15:26:23.423+0000,15,1,0,3,0,0,0,1,733,999,999,734,999,999,0.024000167846679688,0,0,0,0,0,0,0,0,0,0,0,0,0,0,0,0,0,0,0,0,1,0
2026-07-14T15:26:23.435+0000,15,1,0,3,0,0,0,1,734,999,999,735,999,999,0.011999845504760742,0,0,0,0,0,0,0,0,0,0,0,0,0,0,0,0,0,0,0,0,1,0
2026-07-14T15:26:23.441+0000,15,1,0,3,0,0,0,1,735,999,999,736,999,999,0.006000041961669922,0,0,0,0,0,0,0,0,0,0,0,0,0,0,0,0,0,0,0,0,1,0
2026-07-14T15:26:23.555+0000,15,1,0,3,0,0,0,1,734,999,999,735,999,999,0.11400008201599121,0,0,0,0,0,0,0,0,0,0,0,0,0,0,0,0,0,0,0,0,1,0
2026-07-14T15:26:23.608+0000,15,1,0,3,0,0,0,1,735,999,999,736,999,999,0.05299997329711914,0,0,0,0,0,0,0,0,0,0,0,0,0,0,0,0,0,0,0,0,1,0
2026-07-14T15:26:23.696+0000,15,1,0,3,0,0,0,1,734,999,999,735,999,999,0.08800005912780762,0,0,0,0,0,0,0,0,0,0,0,0,0,0,0,0,0,0,0,0,1,0
2026-07-14T15:26:23.698+0000,15,1,0,3,0,0,0,1,735,999,999,736,999,999,0.0019998550415039062,0,0,0,0,0,0,0,0,0,0,0,0,0,0,0,0,0,0,0,0,1,0
2026-07-14T15:26:23.715+0000,15,1,0,3,0,0,0,1,733,999,999,734,999,999,0.01699995994567871,0,0,0,0,0,0,0,0,0,0,0,0,0,0,0,0,0,0,0,0,1,0
2026-07-14T15:26:23.862+0000,15,1,0,3,0,0,0,1,729,999,999,730,999,999,0.14700007438659668,0,0,0,0,0,0,0,0,0,0,0,0,0,0,0,0,0,0,0,0,1,0
2026-07-14T15:26:23.862+0000,15,1,0,3,0,0,0,1,730,999,999,731,999,999,0.0,0,0,0,0,0,0,0,0,0,0,0,0,0,0,0,0,0,0,0,0,1,0
2026-07-14T15:26:23.862+0000,15,1,0,3,0,0,0,1,731,999,999,732,999,999,0.0,0,0,0,0,0,0,0,0,0,0,0,0,0,0,0,0,0,0,0,0,1,0
2026-07-14T15:26:23.877+0000,15,1,0,3,0,0,0,1,732,999,999,733,999,999,0.015000104904174805,0,0,0,0,0,0,0,0,0,0,0,0,0,0,0,0,0,0,0,0,1,0
2026-07-14T15:26:23.877+0000,15,1,0,3,0,0,0,1,733,999,999,734,999,999,0.0,0,0,0,0,0,0,0,0,0,0,0,0,0,0,0,0,0,0,0,0,1,0
2026-07-14T15:26:24.105+0000,15,1,0,3,0,0,0,1,729,999,999,730,999,999,0.22799992561340332,0,0,0,0,0,0,0,0,0,0,0,0,0,0,0,0,0,0,0,0,1,0
2026-07-14T15:26:24.158+0000,15,1,0,3,0,0,0,1,730,999,999,731,999,999,0.05299997329711914,0,0,0,0,0,0,0,0,0,0,0,0,0,0,0,0,0,0,0,0,1,0
2026-07-14T15:26:24.175+0000,15,1,0,3,0,0,0,1,731,999,999,732,999,999,0.01699995994567871,0,0,0,0,0,0,0,0,0,0,0,0,0,0,0,0,0,0,0,0,1,0
2026-07-14T15:26:24.204+0000,15,1,0,3,0,0,0,1,732,999,999,733,999,999,0.029000043869018555,0,0,0,0,0,0,0,0,0,0,0,0,0,0,0,0,0,0,0,0,1,0
2026-07-14T15:26:24.212+0000,15,1,0,3,0,0,0,1,729,999,999,730,999,999,0.007999897003173828,0,0,0,0,0,0,0,0,0,0,0,0,0,0,0,0,0,0,0,0,1,0
2026-07-14T15:26:24.218+0000,15,1,0,3,0,0,0,1,730,999,999,731,999,999,0.006000041961669922,0,0,0,0,0,0,0,0,0,0,0,0,0,0,0,0,0,0,0,0,1,0
2026-07-14T15:26:24.235+0000,15,1,0,3,0,0,0,1,730,999,999,731,999,999,0.01699995994567871,0,0,0,0,0,0,0,0,0,0,0,0,0,0,0,0,0,0,0,0,1,0
2026-07-14T15:26:24.287+0000,15,1,0,3,0,0,0,1,731,999,999,732,999,999,0.05200004577636719,0,0,0,0,0,0,0,0,0,0,0,0,0,0,0,0,0,0,0,0,1,0
2026-07-14T15:26:24.374+0000,15,1,0,3,0,0,0,1,728,999,999,729,999,999,0.08700013160705566,0,0,0,0,0,0,0,0,0,0,0,0,0,0,0,0,0,0,0,0,1,0
2026-07-14T15:26:24.454+0000,15,1,0,3,0,0,0,1,726,999,999,727,999,999,0.07999992370605469,0,0,0,0,0,0,0,0,0,0,0,0,0,0,0,0,0,0,0,0,1,0
2026-07-14T15:26:24.548+0000,15,1,0,3,0,0,0,1,726,999,999,727,999,999,0.09400010108947754,0,0,0,0,0,0,0,0,0,0,0,0,0,0,0,0,0,0,0,0,1,0
2026-07-14T15:26:24.578+0000,15,1,0,3,0,0,0,1,727,999,999,728,999,999,0.029999971389770508,0,0,0,0,0,0,0,0,0,0,0,0,0,0,0,0,0,0,0,0,1,0
2026-07-14T15:26:24.578+0000,15,1,0,3,0,0,0,1,728,999,999,729,999,999,0.0,0,0,0,0,0,0,0,0,0,0,0,0,0,0,0,0,0,0,0,0,1,0
2026-07-14T15:26:24.578+0000,15,1,0,3,0,0,0,1,729,999,999,730,999,999,0.0,0,0,0,0,0,0,0,0,0,0,0,0,0,0,0,0,0,0,0,0,1,0
2026-07-14T15:26:24.586+0000,15,1,0,3,0,0,0,1,730,999,999,731,999,999,0.007999897003173828,0,0,0,0,0,0,0,0,0,0,0,0,0,0,0,0,0,0,0,0,1,0
2026-07-14T15:26:24.623+0000,15,1,0,3,0,0,0,1,731,999,999,732,999,999,0.03699994087219238,0,0,0,0,0,0,0,0,0,0,0,0,0,0,0,0,0,0,0,0,1,0
2026-07-14T15:26:24.708+0000,15,1,0,3,0,0,0,1,730,999,999,731,999,999,0.08500003814697266,0,0,0,0,0,0,0,0,0,0,0,0,0,0,0,0,0,0,0,0,1,0
2026-07-14T15:26:24.715+0000,15,1,0,3,0,0,0,1,731,999,999,732,999,999,0.006999969482421875,0,0,0,0,0,0,0,0,0,0,0,0,0,0,0,0,0,0,0,0,1,0
2026-07-14T15:26:24.767+0000,15,1,0,3,0,0,0,1,731,999,999,732,999,999,0.05200004577636719,0,0,0,0,0,0,0,0,0,0,0,0,0,0,0,0,0,0,0,0,1,0
2026-07-14T15:26:24.799+0000,15,1,0,3,0,0,0,1,732,999,999,733,999,999,0.032000064849853516,0,0,0,0,0,0,0,0,0,0,0,0,0,0,0,0,0,0,0,0,1,0
2026-07-14T15:26:24.924+0000,15,1,0,3,0,0,0,1,730,999,999,731,999,999,0.125,0,0,0,0,0,0,0,0,0,0,0,0,0,0,0,0,0,0,0,0,1,0
2026-07-14T15:26:24.969+0000,15,1,0,3,0,0,0,1,729,999,999,730,999,999,0.04500007629394531,0,0,0,0,0,0,0,0,0,0,0,0,0,0,0,0,0,0,0,0,1,0
2026-07-14T15:26:25.028+0000,15,1,0,3,0,0,0,1,729,999,999,730,999,999,0.05900001525878906,0,0,0,0,0,0,0,0,0,0,0,0,0,0,0,0,0,0,0,0,1,0
2026-07-14T15:26:25.055+0000,15,1,0,3,0,0,0,1,730,999,999,731,999,999,0.026999950408935547,0,0,0,0,0,0,0,0,0,0,0,0,0,0,0,0,0,0,0,0,1,0
2026-07-14T15:26:25.154+0000,15,1,0,3,0,0,0,1,727,999,999,728,999,999,0.0989999771118164,0,0,0,0,0,0,0,0,0,0,0,0,0,0,0,0,0,0,0,0,1,0
2026-07-14T15:26:25.154+0000,15,1,0,3,0,0,0,1,728,999,999,729,999,999,0.0,0,0,0,0,0,0,0,0,0,0,0,0,0,0,0,0,0,0,0,0,1,0
2026-07-14T15:26:25.207+0000,15,1,0,3,0,0,0,1,729,999,999,730,999,999,0.05299997329711914,0,0,0,0,0,0,0,0,0,0,0,0,0,0,0,0,0,0,0,0,1,0
2026-07-14T15:26:25.216+0000,15,1,0,3,0,0,0,1,730,999,999,731,999,999,0.009000062942504883,0,0,0,0,0,0,0,0,0,0,0,0,0,0,0,0,0,0,0,0,1,0
2026-07-14T15:26:25.216+0000,15,1,0,3,0,0,0,1,731,999,999,732,999,999,0.0,0,0,0,0,0,0,0,0,0,0,0,0,0,0,0,0,0,0,0,0,1,0
2026-07-14T15:26:25.224+0000,15,1,0,3,0,0,0,1,732,999,999,733,999,999,0.007999897003173828,0,0,0,0,0,0,0,0,0,0,0,0,0,0,0,0,0,0,0,0,1,0
2026-07-14T15:26:25.314+0000,15,1,0,3,0,0,0,1,733,999,999,734,999,999,0.08999991416931152,0,0,0,0,0,0,0,0,0,0,0,0,0,0,0,0,0,0,0,0,1,0
2026-07-14T15:26:25.315+0000,15,1,0,3,0,0,0,1,734,999,999,735,999,999,0.0010001659393310547,0,0,0,0,0,0,0,0,0,0,0,0,0,0,0,0,0,0,0,0,1,0
2026-07-14T15:26:25.333+0000,15,1,0,3,0,0,0,1,735,999,999,736,999,999,0.017999887466430664,0,0,0,0,0,0,0,0,0,0,0,0,0,0,0,0,0,0,0,0,1,0
2026-07-14T15:26:25.352+0000,15,1,0,3,0,0,0,1,736,999,999,737,999,999,0.01900005340576172,0,0,0,0,0,0,0,0,0,0,0,0,0,0,0,0,0,0,0,0,1,0
2026-07-14T15:26:25.396+0000,15,1,0,3,0,0,0,1,737,999,999,738,999,999,0.04399991035461426,0,0,0,0,0,0,0,0,0,0,0,0,0,0,0,0,0,0,0,0,1,0
2026-07-14T15:26:25.423+0000,15,1,0,3,0,0,0,1,738,999,999,739,999,999,0.02700018882751465,0,0,0,0,0,0,0,0,0,0,0,0,0,0,0,0,0,0,0,0,1,0
2026-07-14T15:26:25.527+0000,15,1,0,3,0,0,0,1,739,999,999,740,999,999,0.10399985313415527,0,0,0,0,0,0,0,0,0,0,0,0,0,0,0,0,0,0,0,0,1,0
2026-07-14T15:26:25.530+0000,15,1,0,3,0,0,0,1,740,999,999,741,999,999,0.003000020980834961,0,0,0,0,0,0,0,0,0,0,0,0,0,0,0,0,0,0,0,0,1,0
2026-07-14T15:26:25.530+0000,15,1,0,3,0,0,0,1,741,999,999,742,999,999,0.0,0,0,0,0,0,0,0,0,0,0,0,0,0,0,0,0,0,0,0,0,1,0
2026-07-14T15:26:25.647+0000,15,1,0,3,0,0,0,1,742,999,999,743,999,999,0.11700010299682617,0,0,0,0,0,0,0,0,0,0,0,0,0,0,0,0,0,0,0,0,1,0
2026-07-14T15:26:25.675+0000,15,1,0,3,0,0,0,1,743,999,999,744,999,999,0.0279998779296875,0,0,0,0,0,0,0,0,0,0,0,0,0,0,0,0,0,0,0,0,1,0
2026-07-14T15:26:25.709+0000,15,1,0,3,0,0,0,1,744,999,999,745,999,999,0.03400015830993652,0,0,0,0,0,0,0,0,0,0,0,0,0,0,0,0,0,0,0,0,1,0
2026-07-14T15:26:25.793+0000,15,1,0,3,0,0,0,1,745,999,999,746,999,999,0.0839998722076416,0,0,0,0,0,0,0,0,0,0,0,0,0,0,0,0,0,0,0,0,1,0
2026-07-14T15:26:25.811+0000,15,1,0,3,0,0,0,1,746,999,999,747,999,999,0.018000125885009766,0,0,0,0,0,0,0,0,0,0,0,0,0,0,0,0,0,0,0,0,1,0
2026-07-14T15:26:25.848+0000,15,1,0,3,0,0,0,1,747,999,999,748,999,999,0.03699994087219238,0,0,0,0,0,0,0,0,0,0,0,0,0,0,0,0,0,0,0,0,1,0
2026-07-14T15:26:25.866+0000,15,1,0,3,0,0,0,1,748,999,999,749,999,999,0.017999887466430664,0,0,0,0,0,0,0,0,0,0,0,0,0,0,0,0,0,0,0,0,1,0
2026-07-14T15:26:25.880+0000,15,1,0,3,0,0,0,1,749,999,999,750,999,999,0.014000177383422852,0,0,0,0,0,0,0,0,0,0,0,0,0,0,0,0,0,0,0,0,1,0
2026-07-14T15:26:25.921+0000,15,1,0,3,0,0,0,1,750,999,999,751,999,999,0.0409998893737793,0,0,0,0,0,0,0,0,0,0,0,0,0,0,0,0,0,0,0,0,1,0
2026-07-14T15:26:25.970+0000,15,1,0,3,0,0,0,1,751,999,999,752,999,999,0.04900002479553223,0,0,0,0,0,0,0,0,0,0,0,0,0,0,0,0,0,0,0,0,1,0
2026-07-14T15:26:25.970+0000,15,1,0,3,0,0,0,1,752,999,999,753,999,999,0.0,0,0,0,0,0,0,0,0,0,0,0,0,0,0,0,0,0,0,0,0,1,0
2026-07-14T15:26:26.006+0000,15,1,0,3,0,0,0,1,753,999,999,754,999,999,0.03600001335144043,0,0,0,0,0,0,0,0,0,0,0,0,0,0,0,0,0,0,0,0,1,0
2026-07-14T15:26:26.014+0000,15,1,0,3,0,0,0,1,754,999,999,755,999,999,0.007999897003173828,0,0,0,0,0,0,0,0,0,0,0,0,0,0,0,0,0,0,0,0,1,0
2026-07-14T15:26:26.075+0000,15,1,0,3,0,0,0,1,755,999,999,756,999,999,0.06100010871887207,0,0,0,0,0,0,0,0,0,0,0,0,0,0,0,0,0,0,0,0,1,0
2026-07-14T15:26:26.159+0000,15,1,0,3,0,0,0,1,755,999,999,756,999,999,0.0839998722076416,0,0,0,0,0,0,0,0,0,0,0,0,0,0,0,0,0,0,0,0,1,0
2026-07-14T15:26:26.249+0000,15,1,0,3,0,0,0,1,753,999,999,754,999,999,0.09000015258789062,0,0,0,0,0,0,0,0,0,0,0,0,0,0,0,0,0,0,0,0,1,0
2026-07-14T15:26:26.297+0000,15,1,0,3,0,0,0,1,753,999,999,754,999,999,0.04799985885620117,0,0,0,0,0,0,0,0,0,0,0,0,0,0,0,0,0,0,0,0,1,0
2026-07-14T15:26:26.304+0000,15,1,0,3,0,0,0,1,754,999,999,755,999,999,0.006999969482421875,0,0,0,0,0,0,0,0,0,0,0,0,0,0,0,0,0,0,0,0,1,0
2026-07-14T15:26:26.332+0000,15,1,0,3,0,0,0,1,755,999,999,756,999,999,0.0280001163482666,0,0,0,0,0,0,0,0,0,0,0,0,0,0,0,0,0,0,0,0,1,0
2026-07-14T15:26:26.407+0000,15,1,0,3,0,0,0,1,755,999,999,756,999,999,0.07500004768371582,0,0,0,0,0,0,0,0,0,0,0,0,0,0,0,0,0,0,0,0,1,0
2026-07-14T15:26:26.456+0000,15,1,0,3,0,0,0,1,755,999,999,756,999,999,0.04900002479553223,0,0,0,0,0,0,0,0,0,0,0,0,0,0,0,0,0,0,0,0,1,0
2026-07-14T15:26:26.460+0000,15,1,0,3,0,0,0,1,756,999,999,757,999,999,0.003999948501586914,0,0,0,0,0,0,0,0,0,0,0,0,0,0,0,0,0,0,0,0,1,0
2026-07-14T15:26:26.478+0000,15,1,0,3,0,0,0,1,757,999,999,758,999,999,0.017999887466430664,0,0,0,0,0,0,0,0,0,0,0,0,0,0,0,0,0,0,0,0,1,0
2026-07-14T15:26:26.494+0000,15,1,0,3,0,0,0,1,757,999,999,758,999,999,0.016000032424926758,0,0,0,0,0,0,0,0,0,0,0,0,0,0,0,0,0,0,0,0,1,0
2026-07-14T15:26:26.525+0000,15,1,0,3,0,0,0,1,758,999,999,759,999,999,0.031000137329101562,0,0,0,0,0,0,0,0,0,0,0,0,0,0,0,0,0,0,0,0,1,0
2026-07-14T15:26:26.560+0000,15,1,0,3,0,0,0,1,759,999,999,760,999,999,0.034999847412109375,0,0,0,0,0,0,0,0,0,0,0,0,0,0,0,0,0,0,0,0,1,0
2026-07-14T15:26:26.653+0000,15,1,0,3,0,0,0,1,757,999,999,758,999,999,0.09300017356872559,0,0,0,0,0,0,0,0,0,0,0,0,0,0,0,0,0,0,0,0,1,0
2026-07-14T15:26:26.679+0000,15,1,0,3,0,0,0,1,758,999,999,759,999,999,0.025999784469604492,0,0,0,0,0,0,0,0,0,0,0,0,0,0,0,0,0,0,0,0,1,0
2026-07-14T15:26:26.719+0000,15,1,0,3,0,0,0,1,756,999,999,757,999,999,0.040000200271606445,0,0,0,0,0,0,0,0,0,0,0,0,0,0,0,0,0,0,0,0,1,0
2026-07-14T15:26:26.803+0000,15,1,0,3,0,0,0,1,755,999,999,756,999,999,0.0839998722076416,0,0,0,0,0,0,0,0,0,0,0,0,0,0,0,0,0,0,0,0,1,0
2026-07-14T15:26:26.809+0000,15,1,0,3,0,0,0,1,756,999,999,757,999,999,0.006000041961669922,0,0,0,0,0,0,0,0,0,0,0,0,0,0,0,0,0,0,0,0,1,0
2026-07-14T15:26:26.861+0000,15,1,0,3,0,0,0,1,757,999,999,758,999,999,0.05200004577636719,0,0,0,0,0,0,0,0,0,0,0,0,0,0,0,0,0,0,0,0,1,0
2026-07-14T15:26:26.951+0000,15,1,0,3,0,0,0,1,754,999,999,755,999,999,0.08999991416931152,0,0,0,0,0,0,0,0,0,0,0,0,0,0,0,0,0,0,0,0,1,0
2026-07-14T15:26:26.978+0000,15,1,0,3,0,0,0,1,755,999,999,756,999,999,0.026999950408935547,0,0,0,0,0,0,0,0,0,0,0,0,0,0,0,0,0,0,0,0,1,0
2026-07-14T15:26:27.054+0000,15,1,0,3,0,0,0,1,755,999,999,756,999,999,0.07599997520446777,0,0,0,0,0,0,0,0,0,0,0,0,0,0,0,0,0,0,0,0,1,0
2026-07-14T15:26:27.054+0000,15,1,0,3,0,0,0,1,756,999,999,757,999,999,0.0,0,0,0,0,0,0,0,0,0,0,0,0,0,0,0,0,0,0,0,0,1,0
2026-07-14T15:26:27.188+0000,15,1,0,3,0,0,0,1,756,999,999,757,999,999,0.13400006294250488,0,0,0,0,0,0,0,0,0,0,0,0,0,0,0,0,0,0,0,0,1,0
2026-07-14T15:26:27.188+0000,15,1,0,3,0,0,0,1,757,999,999,758,999,999,0.0,0,0,0,0,0,0,0,0,0,0,0,0,0,0,0,0,0,0,0,0,1,0
2026-07-14T15:26:27.295+0000,15,1,0,3,0,0,0,1,755,999,999,756,999,999,0.10700011253356934,0,0,0,0,0,0,0,0,0,0,0,0,0,0,0,0,0,0,0,0,1,0
2026-07-14T15:26:27.306+0000,15,1,0,3,0,0,0,1,756,999,999,757,999,999,0.010999917984008789,0,0,0,0,0,0,0,0,0,0,0,0,0,0,0,0,0,0,0,0,1,0
2026-07-14T15:26:27.327+0000,15,1,0,3,0,0,0,1,757,999,999,758,999,999,0.020999908447265625,0,0,0,0,0,0,0,0,0,0,0,0,0,0,0,0,0,0,0,0,1,0
2026-07-14T15:26:27.366+0000,15,1,0,3,0,0,0,1,757,999,999,758,999,999,0.03900003433227539,0,0,0,0,0,0,0,0,0,0,0,0,0,0,0,0,0,0,0,0,1,0
2026-07-14T15:26:27.405+0000,15,1,0,3,0,0,0,1,758,999,999,759,999,999,0.03900003433227539,0,0,0,0,0,0,0,0,0,0,0,0,0,0,0,0,0,0,0,0,1,0
2026-07-14T15:26:27.419+0000,15,1,0,3,0,0,0,1,759,999,999,760,999,999,0.01399993896484375,0,0,0,0,0,0,0,0,0,0,0,0,0,0,0,0,0,0,0,0,1,0
2026-07-14T15:26:27.425+0000,15,1,0,3,0,0,0,1,760,999,999,761,999,999,0.006000041961669922,0,0,0,0,0,0,0,0,0,0,0,0,0,0,0,0,0,0,0,0,1,0
2026-07-14T15:26:27.499+0000,15,1,0,3,0,0,0,1,760,999,999,761,999,999,0.07400012016296387,0,0,0,0,0,0,0,0,0,0,0,0,0,0,0,0,0,0,0,0,1,0
2026-07-14T15:26:27.519+0000,15,1,0,3,0,0,0,1,759,999,999,760,999,999,0.019999980926513672,0,0,0,0,0,0,0,0,0,0,0,0,0,0,0,0,0,0,0,0,1,0
2026-07-14T15:26:27.519+0000,15,1,0,3,0,0,0,1,760,999,999,761,999,999,0.0,0,0,0,0,0,0,0,0,0,0,0,0,0,0,0,0,0,0,0,0,1,0
2026-07-14T15:26:27.544+0000,15,1,0,3,0,0,0,1,760,999,999,761,999,999,0.02499985694885254,0,0,0,0,0,0,0,0,0,0,0,0,0,0,0,0,0,0,0,0,1,0
2026-07-14T15:26:27.562+0000,15,1,0,3,0,0,0,1,761,999,999,762,999,999,0.018000125885009766,0,0,0,0,0,0,0,0,0,0,0,0,0,0,0,0,0,0,0,0,1,0
2026-07-14T15:26:27.625+0000,15,1,0,3,0,0,0,1,762,999,999,763,999,999,0.06299996376037598,0,0,0,0,0,0,0,0,0,0,0,0,0,0,0,0,0,0,0,0,1,0
2026-07-14T15:26:27.634+0000,15,1,0,3,0,0,0,1,763,999,999,764,999,999,0.009000062942504883,0,0,0,0,0,0,0,0,0,0,0,0,0,0,0,0,0,0,0,0,1,0
2026-07-14T15:26:27.634+0000,15,1,0,3,0,0,0,1,764,999,999,765,999,999,0.0,0,0,0,0,0,0,0,0,0,0,0,0,0,0,0,0,0,0,0,0,1,0
2026-07-14T15:26:27.670+0000,15,1,0,3,0,0,0,1,765,999,999,766,999,999,0.03600001335144043,0,0,0,0,0,0,0,0,0,0,0,0,0,0,0,0,0,0,0,0,1,0
2026-07-14T15:26:27.689+0000,15,1,0,3,0,0,0,1,766,999,999,767,999,999,0.018999814987182617,0,0,0,0,0,0,0,0,0,0,0,0,0,0,0,0,0,0,0,0,1,0
2026-07-14T15:26:27.725+0000,15,1,0,3,0,0,0,1,765,999,999,766,999,999,0.03600001335144043,0,0,0,0,0,0,0,0,0,0,0,0,0,0,0,0,0,0,0,0,1,0
2026-07-14T15:26:27.820+0000,15,1,0,3,0,0,0,1,765,999,999,766,999,999,0.09500002861022949,0,0,0,0,0,0,0,0,0,0,0,0,0,0,0,0,0,0,0,0,1,0
2026-07-14T15:26:27.839+0000,15,1,0,3,0,0,0,1,766,999,999,767,999,999,0.01900005340576172,0,0,0,0,0,0,0,0,0,0,0,0,0,0,0,0,0,0,0,0,1,0
2026-07-14T15:26:27.937+0000,15,1,0,3,0,0,0,1,765,999,999,766,999,999,0.09800004959106445,0,0,0,0,0,0,0,0,0,0,0,0,0,0,0,0,0,0,0,0,1,0
2026-07-14T15:26:28.074+0000,15,1,0,3,0,0,0,1,764,999,999,765,999,999,0.13699984550476074,0,0,0,0,0,0,0,0,0,0,0,0,0,0,0,0,0,0,0,0,1,0
2026-07-14T15:26:28.129+0000,15,1,0,3,0,0,0,1,763,999,999,764,999,999,0.05500006675720215,0,0,0,0,0,0,0,0,0,0,0,0,0,0,0,0,0,0,0,0,1,0
2026-07-14T15:26:28.266+0000,15,1,0,3,0,0,0,1,760,999,999,761,999,999,0.13700008392333984,0,0,0,0,0,0,0,0,0,0,0,0,0,0,0,0,0,0,0,0,1,0
2026-07-14T15:26:28.269+0000,15,1,0,3,0,0,0,1,761,999,999,762,999,999,0.003000020980834961,0,0,0,0,0,0,0,0,0,0,0,0,0,0,0,0,0,0,0,0,1,0
2026-07-14T15:26:47.954+0000,15,1,0,3,0,0,0,1,385,999,999,386,999,999,19.68499994277954,0,0,0,0,0,0,0,0,0,0,0,0,0,0,0,0,0,0,0,0,1,0
2026-07-14T15:27:33.421+0000,15,1,0,3,0,0,0,1,1,999,999,1,999,999,45.467000007629395,0,0,0,0,0,0,0,0,0,0,0,0,0,0,0,0,0,0,0,0,1,0
2026-07-14T15:27:33.433+0000,15,1,0,3,0,0,0,1,2,999,999,2,999,999,0.012000083923339844,0,0,0,0,0,0,0,0,0,0,0,0,0,0,0,0,0,0,0,0,1,0
2026-07-14T15:27:33.448+0000,15,1,0,3,0,0,0,1,3,999,999,3,999,999,0.014999866485595703,0,0,0,0,0,0,0,0,0,0,0,0,0,0,0,0,0,0,0,0,1,0
2026-07-14T15:27:33.474+0000,15,1,0,3,0,0,0,1,4,999,999,4,999,999,0.026000022888183594,0,0,0,0,0,0,0,0,0,0,0,0,0,0,0,0,0,0,0,0,1,0
2026-07-14T15:27:33.481+0000,15,1,0,3,0,0,0,1,5,999,999,5,999,999,0.006999969482421875,0,0,0,0,0,0,0,0,0,0,0,0,0,0,0,0,0,0,0,0,1,0
2026-07-14T15:27:35.383+0000,15,1,0,3,0,0,0,1,6,999,999,6,999,999,1.9019999504089355,0,0,0,0,0,0,0,0,0,0,0,0,0,0,0,0,0,0,0,0,1,0
2026-07-14T15:27:35.416+0000,15,1,0,3,0,0,0,1,7,999,999,7,999,999,0.03299999237060547,0,0,0,0,0,0,0,0,0,0,0,0,0,0,0,0,0,0,0,0,1,0
2026-07-14T15:27:35.434+0000,15,1,0,3,0,0,0,1,8,999,999,8,999,999,0.018000125885009766,0,0,0,0,0,0,0,0,0,0,0,0,0,0,0,0,0,0,0,0,1,0
2026-07-14T15:27:35.807+0000,15,1,0,3,0,0,0,1,9,999,999,9,999,999,0.372999906539917,0,0,0,0,0,0,0,0,0,0,0,0,0,0,0,0,0,0,0,0,1,0
2026-07-14T15:27:37.370+0000,15,1,0,3,0,0,0,1,10,999,999,10,999,999,1.562999963760376,0,0,0,0,0,0,0,0,0,0,0,0,0,0,0,0,0,0,0,0,1,0
2026-07-14T15:27:39.449+0000,15,1,0,3,0,0,0,1,11,999,999,11,999,999,2.0789999961853027,0,0,0,0,0,0,0,0,0,0,0,0,0,0,0,0,0,0,0,0,1,0
2026-07-14T15:27:39.485+0000,15,1,0,3,0,0,0,1,12,999,999,12,999,999,0.03600001335144043,0,0,0,0,0,0,0,0,0,0,0,0,0,0,0,0,0,0,0,0,1,0
2026-07-14T15:27:39.494+0000,15,1,0,3,0,0,0,1,13,999,999,13,999,999,0.009000062942504883,0,0,0,0,0,0,0,0,0,0,0,0,0,0,0,0,0,0,0,0,1,0
2026-07-14T15:27:39.553+0000,15,1,0,3,0,0,0,1,14,999,999,14,999,999,0.05900001525878906,0,0,0,0,0,0,0,0,0,0,0,0,0,0,0,0,0,0,0,0,1,0
2026-07-14T15:27:39.553+0000,15,1,0,3,0,0,0,1,15,999,999,15,999,999,0.0,0,0,0,0,0,0,0,0,0,0,0,0,0,0,0,0,0,0,0,0,1,0
2026-07-14T15:27:39.560+0000,15,1,0,3,0,0,0,1,16,999,999,16,999,999,0.006999969482421875,0,0,0,0,0,0,0,0,0,0,0,0,0,0,0,0,0,0,0,0,1,0
2026-07-14T15:27:39.721+0000,15,1,0,3,0,0,0,1,17,999,999,17,999,999,0.16100001335144043,0,0,0,0,0,0,0,0,0,0,0,0,0,0,0,0,0,0,0,0,1,0
2026-07-14T15:27:39.758+0000,15,1,0,3,0,0,0,1,18,999,999,18,999,999,0.03699994087219238,0,0,0,0,0,0,0,0,0,0,0,0,0,0,0,0,0,0,0,0,1,0
2026-07-14T15:27:39.782+0000,15,1,0,3,0,0,0,1,19,999,999,19,999,999,0.024000167846679688,0,0,0,0,0,0,0,0,0,0,0,0,0,0,0,0,0,0,0,0,1,0
2026-07-14T15:27:39.807+0000,15,1,0,3,0,0,0,1,20,999,999,20,999,999,0.02499985694885254,0,0,0,0,0,0,0,0,0,0,0,0,0,0,0,0,0,0,0,0,1,0
2026-07-14T15:27:39.828+0000,15,1,0,3,0,0,0,1,21,999,999,21,999,999,0.021000146865844727,0,0,0,0,0,0,0,0,0,0,0,0,0,0,0,0,0,0,0,0,1,0
2026-07-14T15:27:39.846+0000,15,1,0,3,0,0,0,1,22,999,999,22,999,999,0.017999887466430664,0,0,0,0,0,0,0,0,0,0,0,0,0,0,0,0,0,0,0,0,1,0
2026-07-14T15:27:39.931+0000,15,1,0,3,0,0,0,1,23,999,999,23,999,999,0.08500003814697266,0,0,0,0,0,0,0,0,0,0,0,0,0,0,0,0,0,0,0,0,1,0
2026-07-14T15:27:39.966+0000,15,1,0,3,0,0,0,1,24,999,999,24,999,999,0.03500008583068848,0,0,0,0,0,0,0,0,0,0,0,0,0,0,0,0,0,0,0,0,1,0
2026-07-14T15:27:40.000+0000,15,1,0,3,0,0,0,1,25,999,999,25,999,999,0.03399991989135742,0,0,0,0,0,0,0,0,0,0,0,0,0,0,0,0,0,0,0,0,1,0
2026-07-14T15:27:40.028+0000,15,1,0,3,0,0,0,1,26,999,999,26,999,999,0.0280001163482666,0,0,0,0,0,0,0,0,0,0,0,0,0,0,0,0,0,0,0,0,1,0
2026-07-14T15:27:40.072+0000,15,1,0,3,0,0,0,1,27,999,999,27,999,999,0.04399991035461426,0,0,0,0,0,0,0,0,0,0,0,0,0,0,0,0,0,0,0,0,1,0
2026-07-14T15:27:40.200+0000,15,1,0,3,0,0,0,1,28,999,999,28,999,999,0.12800002098083496,0,0,0,0,0,0,0,0,0,0,0,0,0,0,0,0,0,0,0,0,1,0
2026-07-14T15:27:40.208+0000,15,1,0,3,0,0,0,1,29,999,999,29,999,999,0.007999897003173828,0,0,0,0,0,0,0,0,0,0,0,0,0,0,0,0,0,0,0,0,1,0
2026-07-14T15:27:40.218+0000,15,1,0,3,0,0,0,1,30,999,999,30,999,999,0.009999990463256836,0,0,0,0,0,0,0,0,0,0,0,0,0,0,0,0,0,0,0,0,1,0
2026-07-14T15:27:40.248+0000,15,1,0,3,0,0,0,1,31,999,999,31,999,999,0.029999971389770508,0,0,0,0,0,0,0,0,0,0,0,0,0,0,0,0,0,0,0,0,1,0
2026-07-14T15:27:40.270+0000,15,1,0,3,0,0,0,1,32,999,999,32,999,999,0.02200007438659668,0,0,0,0,0,0,0,0,0,0,0,0,0,0,0,0,0,0,0,0,1,0
2026-07-14T15:27:40.273+0000,15,1,0,3,0,0,0,1,33,999,999,33,999,999,0.003000020980834961,0,0,0,0,0,0,0,0,0,0,0,0,0,0,0,0,0,0,0,0,1,0
2026-07-14T15:27:40.279+0000,15,1,0,3,0,0,0,1,34,999,999,34,999,999,0.006000041961669922,0,0,0,0,0,0,0,0,0,0,0,0,0,0,0,0,0,0,0,0,1,0
2026-07-14T15:27:40.301+0000,15,1,0,3,0,0,0,1,35,999,999,35,999,999,0.02200007438659668,0,0,0,0,0,0,0,0,0,0,0,0,0,0,0,0,0,0,0,0,1,0
2026-07-14T15:27:40.329+0000,15,1,0,3,0,0,0,1,36,999,999,36,999,999,0.0279998779296875,0,0,0,0,0,0,0,0,0,0,0,0,0,0,0,0,0,0,0,0,1,0
2026-07-14T15:27:40.354+0000,15,1,0,3,0,0,0,1,37,999,999,37,999,999,0.02500009536743164,0,0,0,0,0,0,0,0,0,0,0,0,0,0,0,0,0,0,0,0,1,0
2026-07-14T15:27:40.418+0000,15,1,0,3,0,0,0,1,38,999,999,38,999,999,0.06399989128112793,0,0,0,0,0,0,0,0,0,0,0,0,0,0,0,0,0,0,0,0,1,0
2026-07-14T15:27:40.420+0000,15,1,0,3,0,0,0,1,39,999,999,39,999,999,0.002000093460083008,0,0,0,0,0,0,0,0,0,0,0,0,0,0,0,0,0,0,0,0,1,0
2026-07-14T15:27:40.460+0000,15,1,0,3,0,0,0,1,40,999,999,40,999,999,0.039999961853027344,0,0,0,0,0,0,0,0,0,0,0,0,0,0,0,0,0,0,0,0,1,0
2026-07-14T15:27:40.488+0000,15,1,0,3,0,0,0,1,41,999,999,41,999,999,0.0279998779296875,0,0,0,0,0,0,0,0,0,0,0,0,0,0,0,0,0,0,0,0,1,0
2026-07-14T15:27:40.504+0000,15,1,0,3,0,0,0,1,42,999,999,42,999,999,0.016000032424926758,0,0,0,0,0,0,0,0,0,0,0,0,0,0,0,0,0,0,0,0,1,0
2026-07-14T15:27:40.540+0000,15,1,0,3,0,0,0,1,43,999,999,43,999,999,0.03600001335144043,0,0,0,0,0,0,0,0,0,0,0,0,0,0,0,0,0,0,0,0,1,0
2026-07-14T15:27:40.547+0000,15,1,0,3,0,0,0,1,44,999,999,44,999,999,0.006999969482421875,0,0,0,0,0,0,0,0,0,0,0,0,0,0,0,0,0,0,0,0,1,0
2026-07-14T15:27:40.598+0000,15,1,0,3,0,0,0,1,45,999,999,45,999,999,0.051000118255615234,0,0,0,0,0,0,0,0,0,0,0,0,0,0,0,0,0,0,0,0,1,0
2026-07-14T15:27:40.672+0000,15,1,0,3,0,0,0,1,46,999,999,46,999,999,0.07399988174438477,0,0,0,0,0,0,0,0,0,0,0,0,0,0,0,0,0,0,0,0,1,0
2026-07-14T15:27:40.731+0000,15,1,0,3,0,0,0,1,47,999,999,47,999,999,0.05900001525878906,0,0,0,0,0,0,0,0,0,0,0,0,0,0,0,0,0,0,0,0,1,0
2026-07-14T15:27:40.858+0000,15,1,0,3,0,0,0,1,48,999,999,48,999,999,0.127000093460083,0,0,0,0,0,0,0,0,0,0,0,0,0,0,0,0,0,0,0,0,1,0
2026-07-14T15:27:40.916+0000,15,1,0,3,0,0,0,1,49,999,999,49,999,999,0.05799984931945801,0,0,0,0,0,0,0,0,0,0,0,0,0,0,0,0,0,0,0,0,1,0
2026-07-14T15:27:40.964+0000,15,1,0,3,0,0,0,1,50,999,999,50,999,999,0.04800009727478027,0,0,0,0,0,0,0,0,0,0,0,0,0,0,0,0,0,0,0,0,1,0
2026-07-14T15:27:40.994+0000,15,1,0,3,0,0,0,1,51,999,999,51,999,999,0.029999971389770508,0,0,0,0,0,0,0,0,0,0,0,0,0,0,0,0,0,0,0,0,1,0
2026-07-14T15:27:41.058+0000,15,1,0,3,0,0,0,1,52,999,999,52,999,999,0.06400012969970703,0,0,0,0,0,0,0,0,0,0,0,0,0,0,0,0,0,0,0,0,1,0
2026-07-14T15:27:41.237+0000,15,1,0,3,0,0,0,1,53,999,999,53,999,999,0.1789999008178711,0,0,0,0,0,0,0,0,0,0,0,0,0,0,0,0,0,0,0,0,1,0
2026-07-14T15:27:41.249+0000,15,1,0,3,0,0,0,1,54,999,999,54,999,999,0.012000083923339844,0,0,0,0,0,0,0,0,0,0,0,0,0,0,0,0,0,0,0,0,1,0
2026-07-14T15:27:41.309+0000,15,1,0,3,0,0,0,1,55,999,999,55,999,999,0.059999942779541016,0,0,0,0,0,0,0,0,0,0,0,0,0,0,0,0,0,0,0,0,1,0
2026-07-14T15:27:41.311+0000,15,1,0,3,0,0,0,1,56,999,999,56,999,999,0.002000093460083008,0,0,0,0,0,0,0,0,0,0,0,0,0,0,0,0,0,0,0,0,1,0
2026-07-14T15:27:41.344+0000,15,1,0,3,0,0,0,1,57,999,999,57,999,999,0.03299999237060547,0,0,0,0,0,0,0,0,0,0,0,0,0,0,0,0,0,0,0,0,1,0
2026-07-14T15:27:41.346+0000,15,1,0,3,0,0,0,1,58,999,999,58,999,999,0.0019998550415039062,0,0,0,0,0,0,0,0,0,0,0,0,0,0,0,0,0,0,0,0,1,0
2026-07-14T15:27:41.395+0000,15,1,0,3,0,0,0,1,59,999,999,59,999,999,0.04900002479553223,0,0,0,0,0,0,0,0,0,0,0,0,0,0,0,0,0,0,0,0,1,0
2026-07-14T15:27:41.411+0000,15,1,0,3,0,0,0,1,60,999,999,60,999,999,0.016000032424926758,0,0,0,0,0,0,0,0,0,0,0,0,0,0,0,0,0,0,0,0,1,0
2026-07-14T15:27:41.474+0000,15,1,0,3,0,0,0,1,61,999,999,61,999,999,0.06299996376037598,0,0,0,0,0,0,0,0,0,0,0,0,0,0,0,0,0,0,0,0,1,0
2026-07-14T15:27:41.540+0000,15,1,0,3,0,0,0,1,62,999,999,62,999,999,0.06599998474121094,0,0,0,0,0,0,0,0,0,0,0,0,0,0,0,0,0,0,0,0,1,0
2026-07-14T15:27:41.541+0000,15,1,0,3,0,0,0,1,63,999,999,63,999,999,0.0009999275207519531,0,0,0,0,0,0,0,0,0,0,0,0,0,0,0,0,0,0,0,0,1,0
2026-07-14T15:27:41.543+0000,15,1,0,3,0,0,0,1,64,999,999,64,999,999,0.002000093460083008,0,0,0,0,0,0,0,0,0,0,0,0,0,0,0,0,0,0,0,0,1,0
2026-07-14T15:27:41.553+0000,15,1,0,3,0,0,0,1,65,999,999,65,999,999,0.009999990463256836,0,0,0,0,0,0,0,0,0,0,0,0,0,0,0,0,0,0,0,0,1,0
2026-07-14T15:27:41.617+0000,15,1,0,3,0,0,0,1,66,999,999,66,999,999,0.06400012969970703,0,0,0,0,0,0,0,0,0,0,0,0,0,0,0,0,0,0,0,0,1,0
2026-07-14T15:27:41.656+0000,15,1,0,3,0,0,0,1,67,999,999,67,999,999,0.03899979591369629,0,0,0,0,0,0,0,0,0,0,0,0,0,0,0,0,0,0,0,0,1,0
2026-07-14T15:27:41.659+0000,15,1,0,3,0,0,0,1,68,999,999,68,999,999,0.003000020980834961,0,0,0,0,0,0,0,0,0,0,0,0,0,0,0,0,0,0,0,0,1,0
2026-07-14T15:27:41.727+0000,15,1,0,3,0,0,0,1,69,999,999,69,999,999,0.06800007820129395,0,0,0,0,0,0,0,0,0,0,0,0,0,0,0,0,0,0,0,0,1,0
2026-07-14T15:27:41.784+0000,15,1,0,3,0,0,0,1,70,999,999,70,999,999,0.056999921798706055,0,0,0,0,0,0,0,0,0,0,0,0,0,0,0,0,0,0,0,0,1,0
2026-07-14T15:27:41.829+0000,15,1,0,3,0,0,0,1,71,999,999,71,999,999,0.04500007629394531,0,0,0,0,0,0,0,0,0,0,0,0,0,0,0,0,0,0,0,0,1,0
2026-07-14T15:27:41.840+0000,15,1,0,3,0,0,0,1,72,999,999,72,999,999,0.010999917984008789,0,0,0,0,0,0,0,0,0,0,0,0,0,0,0,0,0,0,0,0,1,0
2026-07-14T15:27:41.903+0000,15,1,0,3,0,0,0,1,73,999,999,73,999,999,0.06300020217895508,0,0,0,0,0,0,0,0,0,0,0,0,0,0,0,0,0,0,0,0,1,0
2026-07-14T15:27:41.915+0000,15,1,0,3,0,0,0,1,74,999,999,74,999,999,0.011999845504760742,0,0,0,0,0,0,0,0,0,0,0,0,0,0,0,0,0,0,0,0,1,0
2026-07-14T15:27:41.927+0000,15,1,0,3,0,0,0,1,75,999,999,75,999,999,0.012000083923339844,0,0,0,0,0,0,0,0,0,0,0,0,0,0,0,0,0,0,0,0,1,0
2026-07-14T15:27:42.159+0000,15,1,0,3,0,0,0,1,76,999,999,76,999,999,0.23199987411499023,0,0,0,0,0,0,0,0,0,0,0,0,0,0,0,0,0,0,0,0,1,0
2026-07-14T15:27:42.174+0000,15,1,0,3,0,0,0,1,77,999,999,77,999,999,0.015000104904174805,0,0,0,0,0,0,0,0,0,0,0,0,0,0,0,0,0,0,0,0,1,0
2026-07-14T15:27:42.184+0000,15,1,0,3,0,0,0,1,78,999,999,78,999,999,0.009999990463256836,0,0,0,0,0,0,0,0,0,0,0,0,0,0,0,0,0,0,0,0,1,0
2026-07-14T15:27:42.200+0000,15,1,0,3,0,0,0,1,79,999,999,79,999,999,0.016000032424926758,0,0,0,0,0,0,0,0,0,0,0,0,0,0,0,0,0,0,0,0,1,0
2026-07-14T15:27:42.202+0000,15,1,0,3,0,0,0,1,80,999,999,80,999,999,0.0019998550415039062,0,0,0,0,0,0,0,0,0,0,0,0,0,0,0,0,0,0,0,0,1,0
2026-07-14T15:27:42.212+0000,15,1,0,3,0,0,0,1,81,999,999,81,999,999,0.009999990463256836,0,0,0,0,0,0,0,0,0,0,0,0,0,0,0,0,0,0,0,0,1,0
2026-07-14T15:27:42.214+0000,15,1,0,3,0,0,0,1,82,999,999,82,999,999,0.002000093460083008,0,0,0,0,0,0,0,0,0,0,0,0,0,0,0,0,0,0,0,0,1,0
2026-07-14T15:27:42.216+0000,15,1,0,3,0,0,0,1,83,999,999,83,999,999,0.002000093460083008,0,0,0,0,0,0,0,0,0,0,0,0,0,0,0,0,0,0,0,0,1,0
2026-07-14T15:27:42.260+0000,15,1,0,3,0,0,0,1,84,999,999,84,999,999,0.04399991035461426,0,0,0,0,0,0,0,0,0,0,0,0,0,0,0,0,0,0,0,0,1,0
2026-07-14T15:27:42.307+0000,15,1,0,3,0,0,0,1,85,999,999,85,999,999,0.04699993133544922,0,0,0,0,0,0,0,0,0,0,0,0,0,0,0,0,0,0,0,0,1,0
2026-07-14T15:27:42.363+0000,15,1,0,3,0,0,0,1,86,999,999,86,999,999,0.0559999942779541,0,0,0,0,0,0,0,0,0,0,0,0,0,0,0,0,0,0,0,0,1,0
2026-07-14T15:27:42.367+0000,15,1,0,3,0,0,0,1,87,999,999,87,999,999,0.004000186920166016,0,0,0,0,0,0,0,0,0,0,0,0,0,0,0,0,0,0,0,0,1,0
2026-07-14T15:27:42.376+0000,15,1,0,3,0,0,0,1,88,999,999,88,999,999,0.008999824523925781,0,0,0,0,0,0,0,0,0,0,0,0,0,0,0,0,0,0,0,0,1,0
2026-07-14T15:27:42.383+0000,15,1,0,3,0,0,0,1,89,999,999,89,999,999,0.006999969482421875,0,0,0,0,0,0,0,0,0,0,0,0,0,0,0,0,0,0,0,0,1,0
2026-07-14T15:27:42.412+0000,15,1,0,3,0,0,0,1,90,999,999,90,999,999,0.029000043869018555,0,0,0,0,0,0,0,0,0,0,0,0,0,0,0,0,0,0,0,0,1,0
2026-07-14T15:27:42.466+0000,15,1,0,3,0,0,0,1,91,999,999,91,999,999,0.054000139236450195,0,0,0,0,0,0,0,0,0,0,0,0,0,0,0,0,0,0,0,0,1,0
2026-07-14T15:27:42.480+0000,15,1,0,3,0,0,0,1,92,999,999,92,999,999,0.01399993896484375,0,0,0,0,0,0,0,0,0,0,0,0,0,0,0,0,0,0,0,0,1,0
2026-07-14T15:27:42.647+0000,15,1,0,3,0,0,0,1,93,999,999,93,999,999,0.16700005531311035,0,0,0,0,0,0,0,0,0,0,0,0,0,0,0,0,0,0,0,0,1,0
2026-07-14T15:27:42.701+0000,15,1,0,3,0,0,0,1,94,999,999,94,999,999,0.053999900817871094,0,0,0,0,0,0,0,0,0,0,0,0,0,0,0,0,0,0,0,0,1,0
2026-07-14T15:27:42.706+0000,15,1,0,3,0,0,0,1,95,999,999,95,999,999,0.005000114440917969,0,0,0,0,0,0,0,0,0,0,0,0,0,0,0,0,0,0,0,0,1,0
2026-07-14T15:27:42.721+0000,15,1,0,3,0,0,0,1,96,999,999,96,999,999,0.014999866485595703,0,0,0,0,0,0,0,0,0,0,0,0,0,0,0,0,0,0,0,0,1,0
2026-07-14T15:27:42.730+0000,15,1,0,3,0,0,0,1,97,999,999,97,999,999,0.009000062942504883,0,0,0,0,0,0,0,0,0,0,0,0,0,0,0,0,0,0,0,0,1,0
2026-07-14T15:27:42.759+0000,15,1,0,3,0,0,0,1,98,999,999,98,999,999,0.029000043869018555,0,0,0,0,0,0,0,0,0,0,0,0,0,0,0,0,0,0,0,0,1,0
2026-07-14T15:27:42.770+0000,15,1,0,3,0,0,0,1,99,999,999,99,999,999,0.010999917984008789,0,0,0,0,0,0,0,0,0,0,0,0,0,0,0,0,0,0,0,0,1,0
2026-07-14T15:27:42.771+0000,15,1,0,3,0,0,0,1,100,999,999,100,999,999,0.0009999275207519531,0,0,0,0,0,0,0,0,0,0,0,0,0,0,0,0,0,0,0,0,1,0
2026-07-14T15:27:42.852+0000,15,1,0,3,0,0,0,1,101,999,999,101,999,999,0.08100008964538574,0,0,0,0,0,0,0,0,0,0,0,0,0,0,0,0,0,0,0,0,1,0
2026-07-14T15:27:42.912+0000,15,1,0,3,0,0,0,1,102,999,999,102,999,999,0.059999942779541016,0,0,0,0,0,0,0,0,0,0,0,0,0,0,0,0,0,0,0,0,1,0
2026-07-14T15:27:42.944+0000,15,1,0,3,0,0,0,1,103,999,999,103,999,999,0.032000064849853516,0,0,0,0,0,0,0,0,0,0,0,0,0,0,0,0,0,0,0,0,1,0
2026-07-14T15:27:43.035+0000,15,1,0,3,0,0,0,1,104,999,999,104,999,999,0.09100008010864258,0,0,0,0,0,0,0,0,0,0,0,0,0,0,0,0,0,0,0,0,1,0
2026-07-14T15:27:43.038+0000,15,1,0,3,0,0,0,1,105,999,999,105,999,999,0.003000020980834961,0,0,0,0,0,0,0,0,0,0,0,0,0,0,0,0,0,0,0,0,1,0
2026-07-14T15:27:43.112+0000,15,1,0,3,0,0,0,1,106,999,999,106,999,999,0.07399988174438477,0,0,0,0,0,0,0,0,0,0,0,0,0,0,0,0,0,0,0,0,1,0
2026-07-14T15:27:43.136+0000,15,1,0,3,0,0,0,1,107,999,999,107,999,999,0.023999929428100586,0,0,0,0,0,0,0,0,0,0,0,0,0,0,0,0,0,0,0,0,1,0
2026-07-14T15:27:43.163+0000,15,1,0,3,0,0,0,1,108,999,999,108,999,999,0.02700018882751465,0,0,0,0,0,0,0,0,0,0,0,0,0,0,0,0,0,0,0,0,1,0
2026-07-14T15:27:43.164+0000,15,1,0,3,0,0,0,1,109,999,999,109,999,999,0.0009999275207519531,0,0,0,0,0,0,0,0,0,0,0,0,0,0,0,0,0,0,0,0,1,0
2026-07-14T15:27:43.164+0000,15,1,0,3,0,0,0,1,110,999,999,110,999,999,0.0,0,0,0,0,0,0,0,0,0,0,0,0,0,0,0,0,0,0,0,0,1,0
2026-07-14T15:27:43.212+0000,15,1,0,3,0,0,0,1,111,999,999,111,999,999,0.04799985885620117,0,0,0,0,0,0,0,0,0,0,0,0,0,0,0,0,0,0,0,0,1,0
2026-07-14T15:27:43.253+0000,15,1,0,3,0,0,0,1,112,999,999,112,999,999,0.0410001277923584,0,0,0,0,0,0,0,0,0,0,0,0,0,0,0,0,0,0,0,0,1,0
2026-07-14T15:27:43.378+0000,15,1,0,3,0,0,0,1,113,999,999,113,999,999,0.125,0,0,0,0,0,0,0,0,0,0,0,0,0,0,0,0,0,0,0,0,1,0
2026-07-14T15:27:43.420+0000,15,1,0,3,0,0,0,1,114,999,999,114,999,999,0.04200005531311035,0,0,0,0,0,0,0,0,0,0,0,0,0,0,0,0,0,0,0,0,1,0
2026-07-14T15:27:43.467+0000,15,1,0,3,0,0,0,1,115,999,999,115,999,999,0.04699993133544922,0,0,0,0,0,0,0,0,0,0,0,0,0,0,0,0,0,0,0,0,1,0
2026-07-14T15:27:43.468+0000,15,1,0,3,0,0,0,1,116,999,999,116,999,999,0.0009999275207519531,0,0,0,0,0,0,0,0,0,0,0,0,0,0,0,0,0,0,0,0,1,0
2026-07-14T15:27:43.491+0000,15,1,0,3,0,0,0,1,117,999,999,117,999,999,0.023000001907348633,0,0,0,0,0,0,0,0,0,0,0,0,0,0,0,0,0,0,0,0,1,0
2026-07-14T15:27:43.508+0000,15,1,0,3,0,0,0,1,118,999,999,118,999,999,0.01699995994567871,0,0,0,0,0,0,0,0,0,0,0,0,0,0,0,0,0,0,0,0,1,0
2026-07-14T15:27:43.556+0000,15,1,0,3,0,0,0,1,119,999,999,119,999,999,0.04800009727478027,0,0,0,0,0,0,0,0,0,0,0,0,0,0,0,0,0,0,0,0,1,0
2026-07-14T15:27:43.608+0000,15,1,0,3,0,0,0,1,120,999,999,120,999,999,0.05200004577636719,0,0,0,0,0,0,0,0,0,0,0,0,0,0,0,0,0,0,0,0,1,0
2026-07-14T15:27:43.624+0000,15,1,0,3,0,0,0,1,121,999,999,121,999,999,0.016000032424926758,0,0,0,0,0,0,0,0,0,0,0,0,0,0,0,0,0,0,0,0,1,0
2026-07-14T15:27:43.876+0000,15,1,0,3,0,0,0,1,122,999,999,122,999,999,0.2519998550415039,0,0,0,0,0,0,0,0,0,0,0,0,0,0,0,0,0,0,0,0,1,0
2026-07-14T15:27:43.998+0000,15,1,0,3,0,0,0,1,123,999,999,123,999,999,0.12199997901916504,0,0,0,0,0,0,0,0,0,0,0,0,0,0,0,0,0,0,0,0,1,0
2026-07-14T15:27:43.999+0000,15,1,0,3,0,0,0,1,124,999,999,124,999,999,0.0010001659393310547,0,0,0,0,0,0,0,0,0,0,0,0,0,0,0,0,0,0,0,0,1,0
2026-07-14T15:27:43.999+0000,15,1,0,3,0,0,0,1,125,999,999,125,999,999,0.0,0,0,0,0,0,0,0,0,0,0,0,0,0,0,0,0,0,0,0,0,1,0
2026-07-14T15:27:44.034+0000,15,1,0,3,0,0,0,1,126,999,999,126,999,999,0.034999847412109375,0,0,0,0,0,0,0,0,0,0,0,0,0,0,0,0,0,0,0,0,1,0
2026-07-14T15:27:44.034+0000,15,1,0,3,0,0,0,1,127,999,999,127,999,999,0.0,0,0,0,0,0,0,0,0,0,0,0,0,0,0,0,0,0,0,0,0,1,0
2026-07-14T15:27:44.034+0000,15,1,0,3,0,0,0,1,128,999,999,128,999,999,0.0,0,0,0,0,0,0,0,0,0,0,0,0,0,0,0,0,0,0,0,0,1,0
2026-07-14T15:27:44.042+0000,15,1,0,3,0,0,0,1,129,999,999,129,999,999,0.00800013542175293,0,0,0,0,0,0,0,0,0,0,0,0,0,0,0,0,0,0,0,0,1,0
2026-07-14T15:27:44.068+0000,15,1,0,3,0,0,0,1,130,999,999,130,999,999,0.026000022888183594,0,0,0,0,0,0,0,0,0,0,0,0,0,0,0,0,0,0,0,0,1,0
2026-07-14T15:27:44.080+0000,15,1,0,3,0,0,0,1,131,999,999,131,999,999,0.011999845504760742,0,0,0,0,0,0,0,0,0,0,0,0,0,0,0,0,0,0,0,0,1,0
2026-07-14T15:27:44.126+0000,15,1,0,3,0,0,0,1,132,999,999,132,999,999,0.046000003814697266,0,0,0,0,0,0,0,0,0,0,0,0,0,0,0,0,0,0,0,0,1,0
2026-07-14T15:27:44.151+0000,15,1,0,3,0,0,0,1,133,999,999,133,999,999,0.02500009536743164,0,0,0,0,0,0,0,0,0,0,0,0,0,0,0,0,0,0,0,0,1,0
2026-07-14T15:27:44.244+0000,15,1,0,3,0,0,0,1,134,999,999,134,999,999,0.09299993515014648,0,0,0,0,0,0,0,0,0,0,0,0,0,0,0,0,0,0,0,0,1,0
2026-07-14T15:27:44.264+0000,15,1,0,3,0,0,0,1,135,999,999,135,999,999,0.019999980926513672,0,0,0,0,0,0,0,0,0,0,0,0,0,0,0,0,0,0,0,0,1,0
2026-07-14T15:27:44.366+0000,15,1,0,3,0,0,0,1,136,999,999,136,999,999,0.10199999809265137,0,0,0,0,0,0,0,0,0,0,0,0,0,0,0,0,0,0,0,0,1,0
2026-07-14T15:27:44.418+0000,15,1,0,3,0,0,0,1,137,999,999,137,999,999,0.05200004577636719,0,0,0,0,0,0,0,0,0,0,0,0,0,0,0,0,0,0,0,0,1,0
2026-07-14T15:27:44.450+0000,15,1,0,3,0,0,0,1,138,999,999,138,999,999,0.032000064849853516,0,0,0,0,0,0,0,0,0,0,0,0,0,0,0,0,0,0,0,0,1,0
2026-07-14T15:27:44.511+0000,15,1,0,3,0,0,0,1,139,999,999,139,999,999,0.06099987030029297,0,0,0,0,0,0,0,0,0,0,0,0,0,0,0,0,0,0,0,0,1,0
2026-07-14T15:27:44.511+0000,15,1,0,3,0,0,0,1,140,999,999,140,999,999,0.0,0,0,0,0,0,0,0,0,0,0,0,0,0,0,0,0,0,0,0,0,1,0
2026-07-14T15:27:44.599+0000,15,1,0,3,0,0,0,1,141,999,999,141,999,999,0.08800005912780762,0,0,0,0,0,0,0,0,0,0,0,0,0,0,0,0,0,0,0,0,1,0
2026-07-14T15:27:44.608+0000,15,1,0,3,0,0,0,1,142,999,999,142,999,999,0.009000062942504883,0,0,0,0,0,0,0,0,0,0,0,0,0,0,0,0,0,0,0,0,1,0
2026-07-14T15:27:44.650+0000,15,1,0,3,0,0,0,1,143,999,999,143,999,999,0.04200005531311035,0,0,0,0,0,0,0,0,0,0,0,0,0,0,0,0,0,0,0,0,1,0
2026-07-14T15:27:44.713+0000,15,1,0,3,0,0,0,1,144,999,999,144,999,999,0.06299996376037598,0,0,0,0,0,0,0,0,0,0,0,0,0,0,0,0,0,0,0,0,1,0
2026-07-14T15:27:44.750+0000,15,1,0,3,0,0,0,1,145,999,999,145,999,999,0.03699994087219238,0,0,0,0,0,0,0,0,0,0,0,0,0,0,0,0,0,0,0,0,1,0
2026-07-14T15:27:44.757+0000,15,1,0,3,0,0,0,1,146,999,999,146,999,999,0.006999969482421875,0,0,0,0,0,0,0,0,0,0,0,0,0,0,0,0,0,0,0,0,1,0
2026-07-14T15:27:44.775+0000,15,1,0,3,0,0,0,1,147,999,999,147,999,999,0.018000125885009766,0,0,0,0,0,0,0,0,0,0,0,0,0,0,0,0,0,0,0,0,1,0
2026-07-14T15:27:44.814+0000,15,1,0,3,0,0,0,1,148,999,999,148,999,999,0.03899979591369629,0,0,0,0,0,0,0,0,0,0,0,0,0,0,0,0,0,0,0,0,1,0
2026-07-14T15:27:44.827+0000,15,1,0,3,0,0,0,1,149,999,999,149,999,999,0.013000011444091797,0,0,0,0,0,0,0,0,0,0,0,0,0,0,0,0,0,0,0,0,1,0
2026-07-14T15:27:44.890+0000,15,1,0,3,0,0,0,1,150,999,999,150,999,999,0.06300020217895508,0,0,0,0,0,0,0,0,0,0,0,0,0,0,0,0,0,0,0,0,1,0
2026-07-14T15:27:44.903+0000,15,1,0,3,0,0,0,1,151,999,999,151,999,999,0.013000011444091797,0,0,0,0,0,0,0,0,0,0,0,0,0,0,0,0,0,0,0,0,1,0
2026-07-14T15:27:44.922+0000,15,1,0,3,0,0,0,1,152,999,999,152,999,999,0.018999814987182617,0,0,0,0,0,0,0,0,0,0,0,0,0,0,0,0,0,0,0,0,1,0
2026-07-14T15:27:44.948+0000,15,1,0,3,0,0,0,1,153,999,999,153,999,999,0.026000022888183594,0,0,0,0,0,0,0,0,0,0,0,0,0,0,0,0,0,0,0,0,1,0
2026-07-14T15:27:45.058+0000,15,1,0,3,0,0,0,1,154,999,999,154,999,999,0.1100001335144043,0,0,0,0,0,0,0,0,0,0,0,0,0,0,0,0,0,0,0,0,1,0
2026-07-14T15:27:45.059+0000,15,1,0,3,0,0,0,1,155,999,999,155,999,999,0.0009999275207519531,0,0,0,0,0,0,0,0,0,0,0,0,0,0,0,0,0,0,0,0,1,0
2026-07-14T15:27:45.060+0000,15,1,0,3,0,0,0,1,156,999,999,156,999,999,0.0009999275207519531,0,0,0,0,0,0,0,0,0,0,0,0,0,0,0,0,0,0,0,0,1,0
2026-07-14T15:27:45.118+0000,15,1,0,3,0,0,0,1,157,999,999,157,999,999,0.05800008773803711,0,0,0,0,0,0,0,0,0,0,0,0,0,0,0,0,0,0,0,0,1,0
2026-07-14T15:27:45.139+0000,15,1,0,3,0,0,0,1,158,999,999,158,999,999,0.020999908447265625,0,0,0,0,0,0,0,0,0,0,0,0,0,0,0,0,0,0,0,0,1,0
2026-07-14T15:27:45.261+0000,15,1,0,3,0,0,0,1,159,999,999,159,999,999,0.12199997901916504,0,0,0,0,0,0,0,0,0,0,0,0,0,0,0,0,0,0,0,0,1,0
2026-07-14T15:27:45.264+0000,15,1,0,3,0,0,0,1,160,999,999,160,999,999,0.003000020980834961,0,0,0,0,0,0,0,0,0,0,0,0,0,0,0,0,0,0,0,0,1,0
2026-07-14T15:27:45.276+0000,15,1,0,3,0,0,0,1,161,999,999,161,999,999,0.012000083923339844,0,0,0,0,0,0,0,0,0,0,0,0,0,0,0,0,0,0,0,0,1,0
2026-07-14T15:27:45.310+0000,15,1,0,3,0,0,0,1,162,999,999,162,999,999,0.03399991989135742,0,0,0,0,0,0,0,0,0,0,0,0,0,0,0,0,0,0,0,0,1,0
2026-07-14T15:27:45.355+0000,15,1,0,3,0,0,0,1,163,999,999,163,999,999,0.04500007629394531,0,0,0,0,0,0,0,0,0,0,0,0,0,0,0,0,0,0,0,0,1,0
2026-07-14T15:27:45.386+0000,15,1,0,3,0,0,0,1,164,999,999,164,999,999,0.03099989891052246,0,0,0,0,0,0,0,0,0,0,0,0,0,0,0,0,0,0,0,0,1,0
2026-07-14T15:27:45.397+0000,15,1,0,3,0,0,0,1,165,999,999,165,999,999,0.01100015640258789,0,0,0,0,0,0,0,0,0,0,0,0,0,0,0,0,0,0,0,0,1,0
2026-07-14T15:27:45.418+0000,15,1,0,3,0,0,0,1,166,999,999,166,999,999,0.020999908447265625,0,0,0,0,0,0,0,0,0,0,0,0,0,0,0,0,0,0,0,0,1,0
2026-07-14T15:27:45.460+0000,15,1,0,3,0,0,0,1,167,999,999,167,999,999,0.04200005531311035,0,0,0,0,0,0,0,0,0,0,0,0,0,0,0,0,0,0,0,0,1,0
2026-07-14T15:27:45.481+0000,15,1,0,3,0,0,0,1,168,999,999,168,999,999,0.020999908447265625,0,0,0,0,0,0,0,0,0,0,0,0,0,0,0,0,0,0,0,0,1,0
2026-07-14T15:27:45.559+0000,15,1,0,3,0,0,0,1,169,999,999,169,999,999,0.07800006866455078,0,0,0,0,0,0,0,0,0,0,0,0,0,0,0,0,0,0,0,0,1,0
2026-07-14T15:27:45.604+0000,15,1,0,3,0,0,0,1,170,999,999,170,999,999,0.04500007629394531,0,0,0,0,0,0,0,0,0,0,0,0,0,0,0,0,0,0,0,0,1,0
2026-07-14T15:27:45.619+0000,15,1,0,3,0,0,0,1,171,999,999,171,999,999,0.014999866485595703,0,0,0,0,0,0,0,0,0,0,0,0,0,0,0,0,0,0,0,0,1,0
2026-07-14T15:27:45.666+0000,15,1,0,3,0,0,0,1,172,999,999,172,999,999,0.04699993133544922,0,0,0,0,0,0,0,0,0,0,0,0,0,0,0,0,0,0,0,0,1,0
2026-07-14T15:27:45.702+0000,15,1,0,3,0,0,0,1,173,999,999,173,999,999,0.03600001335144043,0,0,0,0,0,0,0,0,0,0,0,0,0,0,0,0,0,0,0,0,1,0
2026-07-14T15:27:45.724+0000,15,1,0,3,0,0,0,1,174,999,999,174,999,999,0.02200007438659668,0,0,0,0,0,0,0,0,0,0,0,0,0,0,0,0,0,0,0,0,1,0
2026-07-14T15:27:45.774+0000,15,1,0,3,0,0,0,1,175,999,999,175,999,999,0.04999995231628418,0,0,0,0,0,0,0,0,0,0,0,0,0,0,0,0,0,0,0,0,1,0
2026-07-14T15:27:45.784+0000,15,1,0,3,0,0,0,1,176,999,999,176,999,999,0.009999990463256836,0,0,0,0,0,0,0,0,0,0,0,0,0,0,0,0,0,0,0,0,1,0
2026-07-14T15:27:45.860+0000,15,1,0,3,0,0,0,1,177,999,999,177,999,999,0.07599997520446777,0,0,0,0,0,0,0,0,0,0,0,0,0,0,0,0,0,0,0,0,1,0
2026-07-14T15:27:45.872+0000,15,1,0,3,0,0,0,1,178,999,999,178,999,999,0.012000083923339844,0,0,0,0,0,0,0,0,0,0,0,0,0,0,0,0,0,0,0,0,1,0
2026-07-14T15:27:45.952+0000,15,1,0,3,0,0,0,1,179,999,999,179,999,999,0.07999992370605469,0,0,0,0,0,0,0,0,0,0,0,0,0,0,0,0,0,0,0,0,1,0
2026-07-14T15:27:45.979+0000,15,1,0,3,0,0,0,1,180,999,999,180,999,999,0.02700018882751465,0,0,0,0,0,0,0,0,0,0,0,0,0,0,0,0,0,0,0,0,1,0
2026-07-14T15:27:46.130+0000,15,1,0,3,0,0,0,1,181,999,999,181,999,999,0.1510000228881836,0,0,0,0,0,0,0,0,0,0,0,0,0,0,0,0,0,0,0,0,1,0
2026-07-14T15:27:46.176+0000,15,1,0,3,0,0,0,1,182,999,999,182,999,999,0.046000003814697266,0,0,0,0,0,0,0,0,0,0,0,0,0,0,0,0,0,0,0,0,1,0
2026-07-14T15:27:46.273+0000,15,1,0,3,0,0,0,1,183,999,999,183,999,999,0.0969998836517334,0,0,0,0,0,0,0,0,0,0,0,0,0,0,0,0,0,0,0,0,1,0
2026-07-14T15:27:46.303+0000,15,1,0,3,0,0,0,1,184,999,999,184,999,999,0.029999971389770508,0,0,0,0,0,0,0,0,0,0,0,0,0,0,0,0,0,0,0,0,1,0
2026-07-14T15:27:46.317+0000,15,1,0,3,0,0,0,1,185,999,999,185,999,999,0.01399993896484375,0,0,0,0,0,0,0,0,0,0,0,0,0,0,0,0,0,0,0,0,1,0
2026-07-14T15:27:46.336+0000,15,1,0,3,0,0,0,1,186,999,999,186,999,999,0.01900005340576172,0,0,0,0,0,0,0,0,0,0,0,0,0,0,0,0,0,0,0,0,1,0
2026-07-14T15:27:46.362+0000,15,1,0,3,0,0,0,1,187,999,999,187,999,999,0.026000022888183594,0,0,0,0,0,0,0,0,0,0,0,0,0,0,0,0,0,0,0,0,1,0
2026-07-14T15:27:46.374+0000,15,1,0,3,0,0,0,1,188,999,999,188,999,999,0.012000083923339844,0,0,0,0,0,0,0,0,0,0,0,0,0,0,0,0,0,0,0,0,1,0
2026-07-14T15:27:46.482+0000,15,1,0,3,0,0,0,1,189,999,999,189,999,999,0.10800004005432129,0,0,0,0,0,0,0,0,0,0,0,0,0,0,0,0,0,0,0,0,1,0
2026-07-14T15:27:46.657+0000,15,1,0,3,0,0,0,1,190,999,999,190,999,999,0.17499995231628418,0,0,0,0,0,0,0,0,0,0,0,0,0,0,0,0,0,0,0,0,1,0
2026-07-14T15:27:46.678+0000,15,1,0,3,0,0,0,1,191,999,999,191,999,999,0.020999908447265625,0,0,0,0,0,0,0,0,0,0,0,0,0,0,0,0,0,0,0,0,1,0
2026-07-14T15:27:46.824+0000,15,1,0,3,0,0,0,1,192,999,999,192,999,999,0.14599990844726562,0,0,0,0,0,0,0,0,0,0,0,0,0,0,0,0,0,0,0,0,1,0
2026-07-14T15:27:46.938+0000,15,1,0,3,0,0,0,1,193,999,999,193,999,999,0.11400008201599121,0,0,0,0,0,0,0,0,0,0,0,0,0,0,0,0,0,0,0,0,1,0
2026-07-14T15:27:46.959+0000,15,1,0,3,0,0,0,1,194,999,999,194,999,999,0.021000146865844727,0,0,0,0,0,0,0,0,0,0,0,0,0,0,0,0,0,0,0,0,1,0
2026-07-14T15:27:47.009+0000,15,1,0,3,0,0,0,1,195,999,999,195,999,999,0.04999995231628418,0,0,0,0,0,0,0,0,0,0,0,0,0,0,0,0,0,0,0,0,1,0
2026-07-14T15:27:47.078+0000,15,1,0,3,0,0,0,1,196,999,999,196,999,999,0.0690000057220459,0,0,0,0,0,0,0,0,0,0,0,0,0,0,0,0,0,0,0,0,1,0
2026-07-14T15:27:47.113+0000,15,1,0,3,0,0,0,1,197,999,999,197,999,999,0.034999847412109375,0,0,0,0,0,0,0,0,0,0,0,0,0,0,0,0,0,0,0,0,1,0
2026-07-14T15:27:47.157+0000,15,1,0,3,0,0,0,1,198,999,999,198,999,999,0.04400014877319336,0,0,0,0,0,0,0,0,0,0,0,0,0,0,0,0,0,0,0,0,1,0
2026-07-14T15:27:47.259+0000,15,1,0,3,0,0,0,1,199,999,999,199,999,999,0.10199999809265137,0,0,0,0,0,0,0,0,0,0,0,0,0,0,0,0,0,0,0,0,1,0
2026-07-14T15:27:47.262+0000,15,1,0,3,0,0,0,1,200,999,999,200,999,999,0.003000020980834961,0,0,0,0,0,0,0,0,0,0,0,0,0,0,0,0,0,0,0,0,1,0
2026-07-14T15:27:47.268+0000,15,1,0,3,0,0,0,1,201,999,999,201,999,999,0.00599980354309082,0,0,0,0,0,0,0,0,0,0,0,0,0,0,0,0,0,0,0,0,1,0
2026-07-14T15:27:47.282+0000,15,1,0,3,0,0,0,1,202,999,999,202,999,999,0.014000177383422852,0,0,0,0,0,0,0,0,0,0,0,0,0,0,0,0,0,0,0,0,1,0
2026-07-14T15:27:47.320+0000,15,1,0,3,0,0,0,1,203,999,999,203,999,999,0.037999868392944336,0,0,0,0,0,0,0,0,0,0,0,0,0,0,0,0,0,0,0,0,1,0
2026-07-14T15:27:47.346+0000,15,1,0,3,0,0,0,1,204,999,999,204,999,999,0.026000022888183594,0,0,0,0,0,0,0,0,0,0,0,0,0,0,0,0,0,0,0,0,1,0
2026-07-14T15:27:47.449+0000,15,1,0,3,0,0,0,1,205,999,999,205,999,999,0.10299992561340332,0,0,0,0,0,0,0,0,0,0,0,0,0,0,0,0,0,0,0,0,1,0
2026-07-14T15:27:47.480+0000,15,1,0,3,0,0,0,1,206,999,999,206,999,999,0.031000137329101562,0,0,0,0,0,0,0,0,0,0,0,0,0,0,0,0,0,0,0,0,1,0
2026-07-14T15:27:47.483+0000,15,1,0,3,0,0,0,1,207,999,999,207,999,999,0.003000020980834961,0,0,0,0,0,0,0,0,0,0,0,0,0,0,0,0,0,0,0,0,1,0
2026-07-14T15:27:47.485+0000,15,1,0,3,0,0,0,1,208,999,999,208,999,999,0.0019998550415039062,0,0,0,0,0,0,0,0,0,0,0,0,0,0,0,0,0,0,0,0,1,0
2026-07-14T15:27:47.536+0000,15,1,0,3,0,0,0,1,209,999,999,209,999,999,0.051000118255615234,0,0,0,0,0,0,0,0,0,0,0,0,0,0,0,0,0,0,0,0,1,0
2026-07-14T15:27:47.581+0000,15,1,0,3,0,0,0,1,210,999,999,210,999,999,0.04500007629394531,0,0,0,0,0,0,0,0,0,0,0,0,0,0,0,0,0,0,0,0,1,0
2026-07-14T15:27:47.634+0000,15,1,0,3,0,0,0,1,211,999,999,211,999,999,0.05299997329711914,0,0,0,0,0,0,0,0,0,0,0,0,0,0,0,0,0,0,0,0,1,0
2026-07-14T15:27:47.648+0000,15,1,0,3,0,0,0,1,212,999,999,212,999,999,0.01399993896484375,0,0,0,0,0,0,0,0,0,0,0,0,0,0,0,0,0,0,0,0,1,0
2026-07-14T15:27:47.772+0000,15,1,0,3,0,0,0,1,213,999,999,213,999,999,0.12400007247924805,0,0,0,0,0,0,0,0,0,0,0,0,0,0,0,0,0,0,0,0,1,0
2026-07-14T15:27:47.831+0000,15,1,0,3,0,0,0,1,214,999,999,214,999,999,0.05900001525878906,0,0,0,0,0,0,0,0,0,0,0,0,0,0,0,0,0,0,0,0,1,0
2026-07-14T15:27:47.873+0000,15,1,0,3,0,0,0,1,215,999,999,215,999,999,0.04199981689453125,0,0,0,0,0,0,0,0,0,0,0,0,0,0,0,0,0,0,0,0,1,0
2026-07-14T15:27:47.917+0000,15,1,0,3,0,0,0,1,216,999,999,216,999,999,0.04400014877319336,0,0,0,0,0,0,0,0,0,0,0,0,0,0,0,0,0,0,0,0,1,0
2026-07-14T15:27:47.928+0000,15,1,0,3,0,0,0,1,217,999,999,217,999,999,0.010999917984008789,0,0,0,0,0,0,0,0,0,0,0,0,0,0,0,0,0,0,0,0,1,0
2026-07-14T15:27:47.937+0000,15,1,0,3,0,0,0,1,218,999,999,218,999,999,0.009000062942504883,0,0,0,0,0,0,0,0,0,0,0,0,0,0,0,0,0,0,0,0,1,0
2026-07-14T15:27:48.080+0000,15,1,0,3,0,0,0,1,218,999,999,218,999,999,0.14299988746643066,0,0,0,0,0,0,0,0,0,0,0,0,0,0,0,0,0,0,0,0,1,0
2026-07-14T15:27:48.080+0000,15,1,0,3,0,0,0,1,219,999,999,219,999,999,0.0,0,0,0,0,0,0,0,0,0,0,0,0,0,0,0,0,0,0,0,0,1,0
2026-07-14T15:27:48.101+0000,15,1,0,3,0,0,0,1,220,999,999,220,999,999,0.021000146865844727,0,0,0,0,0,0,0,0,0,0,0,0,0,0,0,0,0,0,0,0,1,0
2026-07-14T15:27:48.122+0000,15,1,0,3,0,0,0,1,221,999,999,221,999,999,0.020999908447265625,0,0,0,0,0,0,0,0,0,0,0,0,0,0,0,0,0,0,0,0,1,0
2026-07-14T15:27:48.174+0000,15,1,0,3,0,0,0,1,222,999,999,222,999,999,0.05200004577636719,0,0,0,0,0,0,0,0,0,0,0,0,0,0,0,0,0,0,0,0,1,0
2026-07-14T15:27:48.190+0000,15,1,0,3,0,0,0,1,223,999,999,223,999,999,0.016000032424926758,0,0,0,0,0,0,0,0,0,0,0,0,0,0,0,0,0,0,0,0,1,0
2026-07-14T15:27:48.264+0000,15,1,0,3,0,0,0,1,224,999,999,224,999,999,0.07399988174438477,0,0,0,0,0,0,0,0,0,0,0,0,0,0,0,0,0,0,0,0,1,0
2026-07-14T15:27:48.274+0000,15,1,0,3,0,0,0,1,225,999,999,225,999,999,0.009999990463256836,0,0,0,0,0,0,0,0,0,0,0,0,0,0,0,0,0,0,0,0,1,0
2026-07-14T15:27:48.323+0000,15,1,0,3,0,0,0,1,226,999,999,226,999,999,0.04900002479553223,0,0,0,0,0,0,0,0,0,0,0,0,0,0,0,0,0,0,0,0,1,0
2026-07-14T15:27:48.406+0000,15,1,0,3,0,0,0,1,227,999,999,227,999,999,0.08299994468688965,0,0,0,0,0,0,0,0,0,0,0,0,0,0,0,0,0,0,0,0,1,0
2026-07-14T15:27:48.406+0000,15,1,0,3,0,0,0,1,228,999,999,228,999,999,0.0,0,0,0,0,0,0,0,0,0,0,0,0,0,0,0,0,0,0,0,0,1,0
2026-07-14T15:27:48.537+0000,15,1,0,3,0,0,0,1,229,999,999,229,999,999,0.13100004196166992,0,0,0,0,0,0,0,0,0,0,0,0,0,0,0,0,0,0,0,0,1,0
2026-07-14T15:27:48.722+0000,15,1,0,3,0,0,0,1,230,999,999,230,999,999,0.18499994277954102,0,0,0,0,0,0,0,0,0,0,0,0,0,0,0,0,0,0,0,0,1,0
2026-07-14T15:27:48.760+0000,15,1,0,3,0,0,0,1,231,999,999,231,999,999,0.03800010681152344,0,0,0,0,0,0,0,0,0,0,0,0,0,0,0,0,0,0,0,0,1,0
2026-07-14T15:27:48.779+0000,15,1,0,3,0,0,0,1,232,999,999,232,999,999,0.01900005340576172,0,0,0,0,0,0,0,0,0,0,0,0,0,0,0,0,0,0,0,0,1,0
2026-07-14T15:27:48.794+0000,15,1,0,3,0,0,0,1,233,999,999,233,999,999,0.014999866485595703,0,0,0,0,0,0,0,0,0,0,0,0,0,0,0,0,0,0,0,0,1,0
2026-07-14T15:27:48.807+0000,15,1,0,3,0,0,0,1,234,999,999,234,999,999,0.013000011444091797,0,0,0,0,0,0,0,0,0,0,0,0,0,0,0,0,0,0,0,0,1,0
2026-07-14T15:27:48.867+0000,15,1,0,3,0,0,0,1,235,999,999,235,999,999,0.06000018119812012,0,0,0,0,0,0,0,0,0,0,0,0,0,0,0,0,0,0,0,0,1,0
2026-07-14T15:27:48.867+0000,15,1,0,3,0,0,0,1,236,999,999,236,999,999,0.0,0,0,0,0,0,0,0,0,0,0,0,0,0,0,0,0,0,0,0,0,1,0
2026-07-14T15:27:48.921+0000,15,1,0,3,0,0,0,1,237,999,999,237,999,999,0.053999900817871094,0,0,0,0,0,0,0,0,0,0,0,0,0,0,0,0,0,0,0,0,1,0
2026-07-14T15:27:48.993+0000,15,1,0,3,0,0,0,1,238,999,999,238,999,999,0.07200002670288086,0,0,0,0,0,0,0,0,0,0,0,0,0,0,0,0,0,0,0,0,1,0
2026-07-14T15:27:49.008+0000,15,1,0,3,0,0,0,1,239,999,999,239,999,999,0.014999866485595703,0,0,0,0,0,0,0,0,0,0,0,0,0,0,0,0,0,0,0,0,1,0
2026-07-14T15:27:49.028+0000,15,1,0,3,0,0,0,1,240,999,999,240,999,999,0.020000219345092773,0,0,0,0,0,0,0,0,0,0,0,0,0,0,0,0,0,0,0,0,1,0
2026-07-14T15:27:49.155+0000,15,1,0,3,0,0,0,1,241,999,999,241,999,999,0.1269998550415039,0,0,0,0,0,0,0,0,0,0,0,0,0,0,0,0,0,0,0,0,1,0
2026-07-14T15:27:49.231+0000,15,1,0,3,0,0,0,1,242,999,999,242,999,999,0.07599997520446777,0,0,0,0,0,0,0,0,0,0,0,0,0,0,0,0,0,0,0,0,1,0
2026-07-14T15:27:49.332+0000,15,1,0,3,0,0,0,1,243,999,999,243,999,999,0.10100007057189941,0,0,0,0,0,0,0,0,0,0,0,0,0,0,0,0,0,0,0,0,1,0
2026-07-14T15:27:49.332+0000,15,1,0,3,0,0,0,1,244,999,999,244,999,999,0.0,0,0,0,0,0,0,0,0,0,0,0,0,0,0,0,0,0,0,0,0,1,0
2026-07-14T15:27:49.347+0000,15,1,0,3,0,0,0,1,245,999,999,245,999,999,0.014999866485595703,0,0,0,0,0,0,0,0,0,0,0,0,0,0,0,0,0,0,0,0,1,0
2026-07-14T15:27:49.372+0000,15,1,0,3,0,0,0,1,246,999,999,246,999,999,0.02500009536743164,0,0,0,0,0,0,0,0,0,0,0,0,0,0,0,0,0,0,0,0,1,0
2026-07-14T15:27:49.456+0000,15,1,0,3,0,0,0,1,247,999,999,247,999,999,0.0840001106262207,0,0,0,0,0,0,0,0,0,0,0,0,0,0,0,0,0,0,0,0,1,0
2026-07-14T15:27:49.468+0000,15,1,0,3,0,0,0,1,248,999,999,248,999,999,0.011999845504760742,0,0,0,0,0,0,0,0,0,0,0,0,0,0,0,0,0,0,0,0,1,0
2026-07-14T15:27:49.484+0000,15,1,0,3,0,0,0,1,249,999,999,249,999,999,0.016000032424926758,0,0,0,0,0,0,0,0,0,0,0,0,0,0,0,0,0,0,0,0,1,0
2026-07-14T15:27:49.500+0000,15,1,0,3,0,0,0,1,250,999,999,250,999,999,0.016000032424926758,0,0,0,0,0,0,0,0,0,0,0,0,0,0,0,0,0,0,0,0,1,0
2026-07-14T15:27:49.578+0000,15,1,0,3,0,0,0,1,251,999,999,251,999,999,0.07800006866455078,0,0,0,0,0,0,0,0,0,0,0,0,0,0,0,0,0,0,0,0,1,0
2026-07-14T15:27:49.622+0000,15,1,0,3,0,0,0,1,252,999,999,252,999,999,0.04399991035461426,0,0,0,0,0,0,0,0,0,0,0,0,0,0,0,0,0,0,0,0,1,0
2026-07-14T15:27:49.648+0000,15,1,0,3,0,0,0,1,253,999,999,253,999,999,0.026000022888183594,0,0,0,0,0,0,0,0,0,0,0,0,0,0,0,0,0,0,0,0,1,0
2026-07-14T15:27:49.735+0000,15,1,0,3,0,0,0,1,254,999,999,254,999,999,0.08699989318847656,0,0,0,0,0,0,0,0,0,0,0,0,0,0,0,0,0,0,0,0,1,0
2026-07-14T15:27:49.779+0000,15,1,0,3,0,0,0,1,255,999,999,255,999,999,0.04400014877319336,0,0,0,0,0,0,0,0,0,0,0,0,0,0,0,0,0,0,0,0,1,0
2026-07-14T15:27:49.801+0000,15,1,0,3,0,0,0,1,256,999,999,256,999,999,0.02200007438659668,0,0,0,0,0,0,0,0,0,0,0,0,0,0,0,0,0,0,0,0,1,0
2026-07-14T15:27:49.838+0000,15,1,0,3,0,0,0,1,257,999,999,257,999,999,0.03699994087219238,0,0,0,0,0,0,0,0,0,0,0,0,0,0,0,0,0,0,0,0,1,0
2026-07-14T15:27:49.875+0000,15,1,0,3,0,0,0,1,258,999,999,258,999,999,0.03699994087219238,0,0,0,0,0,0,0,0,0,0,0,0,0,0,0,0,0,0,0,0,1,0
2026-07-14T15:27:49.969+0000,15,1,0,3,0,0,0,1,259,999,999,259,999,999,0.09400010108947754,0,0,0,0,0,0,0,0,0,0,0,0,0,0,0,0,0,0,0,0,1,0
2026-07-14T15:27:50.041+0000,15,1,0,3,0,0,0,1,260,999,999,260,999,999,0.07199978828430176,0,0,0,0,0,0,0,0,0,0,0,0,0,0,0,0,0,0,0,0,1,0
2026-07-14T15:27:50.043+0000,15,1,0,3,0,0,0,1,261,999,999,261,999,999,0.002000093460083008,0,0,0,0,0,0,0,0,0,0,0,0,0,0,0,0,0,0,0,0,1,0
2026-07-14T15:27:50.089+0000,15,1,0,3,0,0,0,1,262,999,999,262,999,999,0.046000003814697266,0,0,0,0,0,0,0,0,0,0,0,0,0,0,0,0,0,0,0,0,1,0
2026-07-14T15:27:50.112+0000,15,1,0,3,0,0,0,1,263,999,999,263,999,999,0.023000001907348633,0,0,0,0,0,0,0,0,0,0,0,0,0,0,0,0,0,0,0,0,1,0
2026-07-14T15:27:50.151+0000,15,1,0,3,0,0,0,1,264,999,999,264,999,999,0.03900003433227539,0,0,0,0,0,0,0,0,0,0,0,0,0,0,0,0,0,0,0,0,1,0
2026-07-14T15:27:50.191+0000,15,1,0,3,0,0,0,1,265,999,999,265,999,999,0.039999961853027344,0,0,0,0,0,0,0,0,0,0,0,0,0,0,0,0,0,0,0,0,1,0
2026-07-14T15:27:50.200+0000,15,1,0,3,0,0,0,1,266,999,999,266,999,999,0.009000062942504883,0,0,0,0,0,0,0,0,0,0,0,0,0,0,0,0,0,0,0,0,1,0
2026-07-14T15:27:50.200+0000,15,1,0,3,0,0,0,1,267,999,999,267,999,999,0.0,0,0,0,0,0,0,0,0,0,0,0,0,0,0,0,0,0,0,0,0,1,0
2026-07-14T15:27:50.340+0000,15,1,0,3,0,0,0,1,268,999,999,268,999,999,0.1399998664855957,0,0,0,0,0,0,0,0,0,0,0,0,0,0,0,0,0,0,0,0,1,0
2026-07-14T15:27:50.397+0000,15,1,0,3,0,0,0,1,269,999,999,269,999,999,0.057000160217285156,0,0,0,0,0,0,0,0,0,0,0,0,0,0,0,0,0,0,0,0,1,0
2026-07-14T15:27:50.403+0000,15,1,0,3,0,0,0,1,270,999,999,270,999,999,0.006000041961669922,0,0,0,0,0,0,0,0,0,0,0,0,0,0,0,0,0,0,0,0,1,0
2026-07-14T15:27:50.467+0000,15,1,0,3,0,0,0,1,271,999,999,271,999,999,0.06399989128112793,0,0,0,0,0,0,0,0,0,0,0,0,0,0,0,0,0,0,0,0,1,0
2026-07-14T15:27:50.502+0000,15,1,0,3,0,0,0,1,272,999,999,272,999,999,0.03500008583068848,0,0,0,0,0,0,0,0,0,0,0,0,0,0,0,0,0,0,0,0,1,0
2026-07-14T15:27:50.586+0000,15,1,0,3,0,0,0,1,273,999,999,273,999,999,0.0839998722076416,0,0,0,0,0,0,0,0,0,0,0,0,0,0,0,0,0,0,0,0,1,0
2026-07-14T15:27:50.597+0000,15,1,0,3,0,0,0,1,274,999,999,274,999,999,0.010999917984008789,0,0,0,0,0,0,0,0,0,0,0,0,0,0,0,0,0,0,0,0,1,0
2026-07-14T15:27:50.601+0000,15,1,0,3,0,0,0,1,275,999,999,275,999,999,0.004000186920166016,0,0,0,0,0,0,0,0,0,0,0,0,0,0,0,0,0,0,0,0,1,0
2026-07-14T15:27:50.616+0000,15,1,0,3,0,0,0,1,276,999,999,276,999,999,0.014999866485595703,0,0,0,0,0,0,0,0,0,0,0,0,0,0,0,0,0,0,0,0,1,0
2026-07-14T15:27:50.679+0000,15,1,0,3,0,0,0,1,277,999,999,277,999,999,0.06299996376037598,0,0,0,0,0,0,0,0,0,0,0,0,0,0,0,0,0,0,0,0,1,0
2026-07-14T15:27:50.681+0000,15,1,0,3,0,0,0,1,278,999,999,278,999,999,0.002000093460083008,0,0,0,0,0,0,0,0,0,0,0,0,0,0,0,0,0,0,0,0,1,0
2026-07-14T15:27:50.847+0000,15,1,0,3,0,0,0,1,279,999,999,279,999,999,0.1659998893737793,0,0,0,0,0,0,0,0,0,0,0,0,0,0,0,0,0,0,0,0,1,0
2026-07-14T15:27:50.852+0000,15,1,0,3,0,0,0,1,280,999,999,280,999,999,0.005000114440917969,0,0,0,0,0,0,0,0,0,0,0,0,0,0,0,0,0,0,0,0,1,0
2026-07-14T15:27:50.883+0000,15,1,0,3,0,0,0,1,281,999,999,281,999,999,0.03099989891052246,0,0,0,0,0,0,0,0,0,0,0,0,0,0,0,0,0,0,0,0,1,0
2026-07-14T15:27:50.885+0000,15,1,0,3,0,0,0,1,282,999,999,282,999,999,0.002000093460083008,0,0,0,0,0,0,0,0,0,0,0,0,0,0,0,0,0,0,0,0,1,0
2026-07-14T15:27:50.896+0000,15,1,0,3,0,0,0,1,283,999,999,283,999,999,0.010999917984008789,0,0,0,0,0,0,0,0,0,0,0,0,0,0,0,0,0,0,0,0,1,0
2026-07-14T15:27:50.928+0000,15,1,0,3,0,0,0,1,284,999,999,284,999,999,0.032000064849853516,0,0,0,0,0,0,0,0,0,0,0,0,0,0,0,0,0,0,0,0,1,0
2026-07-14T15:27:50.934+0000,15,1,0,3,0,0,0,1,285,999,999,285,999,999,0.006000041961669922,0,0,0,0,0,0,0,0,0,0,0,0,0,0,0,0,0,0,0,0,1,0
2026-07-14T15:27:50.937+0000,15,1,0,3,0,0,0,1,286,999,999,286,999,999,0.003000020980834961,0,0,0,0,0,0,0,0,0,0,0,0,0,0,0,0,0,0,0,0,1,0
2026-07-14T15:27:50.945+0000,15,1,0,3,0,0,0,1,287,999,999,287,999,999,0.007999897003173828,0,0,0,0,0,0,0,0,0,0,0,0,0,0,0,0,0,0,0,0,1,0
2026-07-14T15:27:50.960+0000,15,1,0,3,0,0,0,1,288,999,999,288,999,999,0.015000104904174805,0,0,0,0,0,0,0,0,0,0,0,0,0,0,0,0,0,0,0,0,1,0
2026-07-14T15:27:51.024+0000,15,1,0,3,0,0,0,1,289,999,999,289,999,999,0.06399989128112793,0,0,0,0,0,0,0,0,0,0,0,0,0,0,0,0,0,0,0,0,1,0
2026-07-14T15:27:51.060+0000,15,1,0,3,0,0,0,1,290,999,999,290,999,999,0.03600001335144043,0,0,0,0,0,0,0,0,0,0,0,0,0,0,0,0,0,0,0,0,1,0
2026-07-14T15:27:51.100+0000,15,1,0,3,0,0,0,1,291,999,999,291,999,999,0.039999961853027344,0,0,0,0,0,0,0,0,0,0,0,0,0,0,0,0,0,0,0,0,1,0
2026-07-14T15:27:51.118+0000,15,1,0,3,0,0,0,1,292,999,999,292,999,999,0.018000125885009766,0,0,0,0,0,0,0,0,0,0,0,0,0,0,0,0,0,0,0,0,1,0
2026-07-14T15:27:51.154+0000,15,1,0,3,0,0,0,1,293,999,999,293,999,999,0.03600001335144043,0,0,0,0,0,0,0,0,0,0,0,0,0,0,0,0,0,0,0,0,1,0
2026-07-14T15:27:51.200+0000,15,1,0,3,0,0,0,1,294,999,999,294,999,999,0.046000003814697266,0,0,0,0,0,0,0,0,0,0,0,0,0,0,0,0,0,0,0,0,1,0
2026-07-14T15:27:51.217+0000,15,1,0,3,0,0,0,1,295,999,999,295,999,999,0.01699995994567871,0,0,0,0,0,0,0,0,0,0,0,0,0,0,0,0,0,0,0,0,1,0
2026-07-14T15:27:51.244+0000,15,1,0,3,0,0,0,1,296,999,999,296,999,999,0.026999950408935547,0,0,0,0,0,0,0,0,0,0,0,0,0,0,0,0,0,0,0,0,1,0
2026-07-14T15:27:51.286+0000,15,1,0,3,0,0,0,1,297,999,999,297,999,999,0.04200005531311035,0,0,0,0,0,0,0,0,0,0,0,0,0,0,0,0,0,0,0,0,1,0
2026-07-14T15:27:51.363+0000,15,1,0,3,0,0,0,1,298,999,999,298,999,999,0.07699990272521973,0,0,0,0,0,0,0,0,0,0,0,0,0,0,0,0,0,0,0,0,1,0
2026-07-14T15:27:51.466+0000,15,1,0,3,0,0,0,1,299,999,999,299,999,999,0.10300016403198242,0,0,0,0,0,0,0,0,0,0,0,0,0,0,0,0,0,0,0,0,1,0
2026-07-14T15:27:51.505+0000,15,1,0,3,0,0,0,1,300,999,999,300,999,999,0.03900003433227539,0,0,0,0,0,0,0,0,0,0,0,0,0,0,0,0,0,0,0,0,1,0
2026-07-14T15:27:51.642+0000,15,1,0,3,0,0,0,1,301,999,999,301,999,999,0.13699984550476074,0,0,0,0,0,0,0,0,0,0,0,0,0,0,0,0,0,0,0,0,1,0
2026-07-14T15:27:51.754+0000,15,1,0,3,0,0,0,1,302,999,999,302,999,999,0.1119999885559082,0,0,0,0,0,0,0,0,0,0,0,0,0,0,0,0,0,0,0,0,1,0
2026-07-14T15:27:51.782+0000,15,1,0,3,0,0,0,1,303,999,999,303,999,999,0.0280001163482666,0,0,0,0,0,0,0,0,0,0,0,0,0,0,0,0,0,0,0,0,1,0
2026-07-14T15:27:51.816+0000,15,1,0,3,0,0,0,1,304,999,999,304,999,999,0.03399991989135742,0,0,0,0,0,0,0,0,0,0,0,0,0,0,0,0,0,0,0,0,1,0
2026-07-14T15:27:51.945+0000,15,1,0,3,0,0,0,1,305,999,999,305,999,999,0.12899994850158691,0,0,0,0,0,0,0,0,0,0,0,0,0,0,0,0,0,0,0,0,1,0
2026-07-14T15:27:51.984+0000,15,1,0,3,0,0,0,1,306,999,999,306,999,999,0.03900003433227539,0,0,0,0,0,0,0,0,0,0,0,0,0,0,0,0,0,0,0,0,1,0
2026-07-14T15:27:52.002+0000,15,1,0,3,0,0,0,1,307,999,999,307,999,999,0.018000125885009766,0,0,0,0,0,0,0,0,0,0,0,0,0,0,0,0,0,0,0,0,1,0
2026-07-14T15:27:52.088+0000,15,1,0,3,0,0,0,1,308,999,999,308,999,999,0.08599996566772461,0,0,0,0,0,0,0,0,0,0,0,0,0,0,0,0,0,0,0,0,1,0
2026-07-14T15:27:52.121+0000,15,1,0,3,0,0,0,1,309,999,999,309,999,999,0.03299999237060547,0,0,0,0,0,0,0,0,0,0,0,0,0,0,0,0,0,0,0,0,1,0
2026-07-14T15:27:52.121+0000,15,1,0,3,0,0,0,1,310,999,999,310,999,999,0.0,0,0,0,0,0,0,0,0,0,0,0,0,0,0,0,0,0,0,0,0,1,0
2026-07-14T15:27:52.121+0000,15,1,0,3,0,0,0,1,311,999,999,311,999,999,0.0,0,0,0,0,0,0,0,0,0,0,0,0,0,0,0,0,0,0,0,0,1,0
2026-07-14T15:27:52.121+0000,15,1,0,3,0,0,0,1,312,999,999,312,999,999,0.0,0,0,0,0,0,0,0,0,0,0,0,0,0,0,0,0,0,0,0,0,1,0
2026-07-14T15:27:52.122+0000,15,1,0,3,0,0,0,1,313,999,999,313,999,999,0.0009999275207519531,0,0,0,0,0,0,0,0,0,0,0,0,0,0,0,0,0,0,0,0,1,0
2026-07-14T15:27:52.178+0000,15,1,0,3,0,0,0,1,314,999,999,314,999,999,0.0559999942779541,0,0,0,0,0,0,0,0,0,0,0,0,0,0,0,0,0,0,0,0,1,0
2026-07-14T15:27:52.304+0000,15,1,0,3,0,0,0,1,315,999,999,315,999,999,0.12599992752075195,0,0,0,0,0,0,0,0,0,0,0,0,0,0,0,0,0,0,0,0,1,0
2026-07-14T15:27:52.420+0000,15,1,0,3,0,0,0,1,316,999,999,316,999,999,0.11600017547607422,0,0,0,0,0,0,0,0,0,0,0,0,0,0,0,0,0,0,0,0,1,0
2026-07-14T15:27:52.472+0000,15,1,0,3,0,0,0,1,317,999,999,317,999,999,0.051999807357788086,0,0,0,0,0,0,0,0,0,0,0,0,0,0,0,0,0,0,0,0,1,0
2026-07-14T15:27:52.483+0000,15,1,0,3,0,0,0,1,318,999,999,318,999,999,0.01100015640258789,0,0,0,0,0,0,0,0,0,0,0,0,0,0,0,0,0,0,0,0,1,0
2026-07-14T15:27:52.515+0000,15,1,0,3,0,0,0,1,319,999,999,319,999,999,0.032000064849853516,0,0,0,0,0,0,0,0,0,0,0,0,0,0,0,0,0,0,0,0,1,0
2026-07-14T15:27:52.537+0000,15,1,0,3,0,0,0,1,320,999,999,320,999,999,0.021999835968017578,0,0,0,0,0,0,0,0,0,0,0,0,0,0,0,0,0,0,0,0,1,0
2026-07-14T15:27:52.583+0000,15,1,0,3,0,0,0,1,321,999,999,321,999,999,0.046000003814697266,0,0,0,0,0,0,0,0,0,0,0,0,0,0,0,0,0,0,0,0,1,0
2026-07-14T15:27:52.621+0000,15,1,0,3,0,0,0,1,322,999,999,322,999,999,0.03800010681152344,0,0,0,0,0,0,0,0,0,0,0,0,0,0,0,0,0,0,0,0,1,0
2026-07-14T15:27:52.661+0000,15,1,0,3,0,0,0,1,323,999,999,323,999,999,0.039999961853027344,0,0,0,0,0,0,0,0,0,0,0,0,0,0,0,0,0,0,0,0,1,0
2026-07-14T15:27:52.667+0000,15,1,0,3,0,0,0,1,324,999,999,324,999,999,0.006000041961669922,0,0,0,0,0,0,0,0,0,0,0,0,0,0,0,0,0,0,0,0,1,0
2026-07-14T15:27:52.737+0000,15,1,0,3,0,0,0,1,325,999,999,325,999,999,0.06999993324279785,0,0,0,0,0,0,0,0,0,0,0,0,0,0,0,0,0,0,0,0,1,0
2026-07-14T15:27:52.740+0000,15,1,0,3,0,0,0,1,326,999,999,326,999,999,0.003000020980834961,0,0,0,0,0,0,0,0,0,0,0,0,0,0,0,0,0,0,0,0,1,0
2026-07-14T15:27:52.839+0000,15,1,0,3,0,0,0,1,327,999,999,327,999,999,0.0989999771118164,0,0,0,0,0,0,0,0,0,0,0,0,0,0,0,0,0,0,0,0,1,0
2026-07-14T15:27:53.038+0000,15,1,0,3,0,0,0,1,328,999,999,328,999,999,0.19900012016296387,0,0,0,0,0,0,0,0,0,0,0,0,0,0,0,0,0,0,0,0,1,0
2026-07-14T15:27:53.107+0000,15,1,0,3,0,0,0,1,329,999,999,329,999,999,0.0690000057220459,0,0,0,0,0,0,0,0,0,0,0,0,0,0,0,0,0,0,0,0,1,0
2026-07-14T15:27:53.120+0000,15,1,0,3,0,0,0,1,330,999,999,330,999,999,0.012999773025512695,0,0,0,0,0,0,0,0,0,0,0,0,0,0,0,0,0,0,0,0,1,0
2026-07-14T15:27:53.290+0000,15,1,0,3,0,0,0,1,331,999,999,331,999,999,0.1700000762939453,0,0,0,0,0,0,0,0,0,0,0,0,0,0,0,0,0,0,0,0,1,0
2026-07-14T15:27:53.290+0000,15,1,0,3,0,0,0,1,332,999,999,332,999,999,0.0,0,0,0,0,0,0,0,0,0,0,0,0,0,0,0,0,0,0,0,0,1,0
2026-07-14T15:27:53.290+0000,15,1,0,3,0,0,0,1,333,999,999,333,999,999,0.0,0,0,0,0,0,0,0,0,0,0,0,0,0,0,0,0,0,0,0,0,1,0
2026-07-14T15:27:53.386+0000,15,1,0,3,0,0,0,1,334,999,999,334,999,999,0.09599995613098145,0,0,0,0,0,0,0,0,0,0,0,0,0,0,0,0,0,0,0,0,1,0
2026-07-14T15:27:53.446+0000,15,1,0,3,0,0,0,1,335,999,999,335,999,999,0.06000018119812012,0,0,0,0,0,0,0,0,0,0,0,0,0,0,0,0,0,0,0,0,1,0
2026-07-14T15:27:53.462+0000,15,1,0,3,0,0,0,1,336,999,999,336,999,999,0.015999794006347656,0,0,0,0,0,0,0,0,0,0,0,0,0,0,0,0,0,0,0,0,1,0
2026-07-14T15:27:53.500+0000,15,1,0,3,0,0,0,1,337,999,999,337,999,999,0.03800010681152344,0,0,0,0,0,0,0,0,0,0,0,0,0,0,0,0,0,0,0,0,1,0
2026-07-14T15:27:53.510+0000,15,1,0,3,0,0,0,1,338,999,999,338,999,999,0.009999990463256836,0,0,0,0,0,0,0,0,0,0,0,0,0,0,0,0,0,0,0,0,1,0
2026-07-14T15:27:53.548+0000,15,1,0,3,0,0,0,1,339,999,999,339,999,999,0.03800010681152344,0,0,0,0,0,0,0,0,0,0,0,0,0,0,0,0,0,0,0,0,1,0
2026-07-14T15:27:53.673+0000,15,1,0,3,0,0,0,1,340,999,999,340,999,999,0.125,0,0,0,0,0,0,0,0,0,0,0,0,0,0,0,0,0,0,0,0,1,0
2026-07-14T15:27:53.739+0000,15,1,0,3,0,0,0,1,341,999,999,341,999,999,0.06599998474121094,0,0,0,0,0,0,0,0,0,0,0,0,0,0,0,0,0,0,0,0,1,0
2026-07-14T15:27:53.748+0000,15,1,0,3,0,0,0,1,342,999,999,342,999,999,0.008999824523925781,0,0,0,0,0,0,0,0,0,0,0,0,0,0,0,0,0,0,0,0,1,0
2026-07-14T15:27:53.758+0000,15,1,0,3,0,0,0,1,343,999,999,343,999,999,0.009999990463256836,0,0,0,0,0,0,0,0,0,0,0,0,0,0,0,0,0,0,0,0,1,0
2026-07-14T15:27:53.765+0000,15,1,0,3,0,0,0,1,344,999,999,344,999,999,0.0070002079010009766,0,0,0,0,0,0,0,0,0,0,0,0,0,0,0,0,0,0,0,0,1,0
2026-07-14T15:27:53.810+0000,15,1,0,3,0,0,0,1,345,999,999,345,999,999,0.04499983787536621,0,0,0,0,0,0,0,0,0,0,0,0,0,0,0,0,0,0,0,0,1,0
2026-07-14T15:27:53.839+0000,15,1,0,3,0,0,0,1,346,999,999,346,999,999,0.029000043869018555,0,0,0,0,0,0,0,0,0,0,0,0,0,0,0,0,0,0,0,0,1,0
2026-07-14T15:27:53.895+0000,15,1,0,3,0,0,0,1,347,999,999,347,999,999,0.0559999942779541,0,0,0,0,0,0,0,0,0,0,0,0,0,0,0,0,0,0,0,0,1,0
2026-07-14T15:27:53.975+0000,15,1,0,3,0,0,0,1,348,999,999,348,999,999,0.07999992370605469,0,0,0,0,0,0,0,0,0,0,0,0,0,0,0,0,0,0,0,0,1,0
2026-07-14T15:27:54.013+0000,15,1,0,3,0,0,0,1,349,999,999,349,999,999,0.03800010681152344,0,0,0,0,0,0,0,0,0,0,0,0,0,0,0,0,0,0,0,0,1,0
2026-07-14T15:27:54.024+0000,15,1,0,3,0,0,0,1,350,999,999,350,999,999,0.010999917984008789,0,0,0,0,0,0,0,0,0,0,0,0,0,0,0,0,0,0,0,0,1,0
2026-07-14T15:27:54.205+0000,15,1,0,3,0,0,0,1,351,999,999,351,999,999,0.1809999942779541,0,0,0,0,0,0,0,0,0,0,0,0,0,0,0,0,0,0,0,0,1,0
2026-07-14T15:27:54.232+0000,15,1,0,3,0,0,0,1,352,999,999,352,999,999,0.02700018882751465,0,0,0,0,0,0,0,0,0,0,0,0,0,0,0,0,0,0,0,0,1,0
2026-07-14T15:27:54.280+0000,15,1,0,3,0,0,0,1,353,999,999,353,999,999,0.04799985885620117,0,0,0,0,0,0,0,0,0,0,0,0,0,0,0,0,0,0,0,0,1,0
2026-07-14T15:27:54.461+0000,15,1,0,3,0,0,0,1,354,999,999,354,999,999,0.1809999942779541,0,0,0,0,0,0,0,0,0,0,0,0,0,0,0,0,0,0,0,0,1,0
2026-07-14T15:27:54.482+0000,15,1,0,3,0,0,0,1,355,999,999,355,999,999,0.021000146865844727,0,0,0,0,0,0,0,0,0,0,0,0,0,0,0,0,0,0,0,0,1,0
2026-07-14T15:27:54.493+0000,15,1,0,3,0,0,0,1,356,999,999,356,999,999,0.010999917984008789,0,0,0,0,0,0,0,0,0,0,0,0,0,0,0,0,0,0,0,0,1,0
2026-07-14T15:27:54.498+0000,15,1,0,3,0,0,0,1,357,999,999,357,999,999,0.004999876022338867,0,0,0,0,0,0,0,0,0,0,0,0,0,0,0,0,0,0,0,0,1,0
2026-07-14T15:27:54.544+0000,15,1,0,3,0,0,0,1,358,999,999,358,999,999,0.046000003814697266,0,0,0,0,0,0,0,0,0,0,0,0,0,0,0,0,0,0,0,0,1,0
2026-07-14T15:27:54.552+0000,15,1,0,3,0,0,0,1,359,999,999,359,999,999,0.00800013542175293,0,0,0,0,0,0,0,0,0,0,0,0,0,0,0,0,0,0,0,0,1,0
2026-07-14T15:27:54.584+0000,15,1,0,3,0,0,0,1,360,999,999,360,999,999,0.032000064849853516,0,0,0,0,0,0,0,0,0,0,0,0,0,0,0,0,0,0,0,0,1,0
2026-07-14T15:27:54.584+0000,15,1,0,3,0,0,0,1,361,999,999,361,999,999,0.0,0,0,0,0,0,0,0,0,0,0,0,0,0,0,0,0,0,0,0,0,1,0
2026-07-14T15:27:54.585+0000,15,1,0,3,0,0,0,1,362,999,999,362,999,999,0.0009999275207519531,0,0,0,0,0,0,0,0,0,0,0,0,0,0,0,0,0,0,0,0,1,0
2026-07-14T15:27:54.585+0000,15,1,0,3,0,0,0,1,363,999,999,363,999,999,0.0,0,0,0,0,0,0,0,0,0,0,0,0,0,0,0,0,0,0,0,0,1,0
2026-07-14T15:27:54.763+0000,15,1,0,3,0,0,0,1,364,999,999,364,999,999,0.17799997329711914,0,0,0,0,0,0,0,0,0,0,0,0,0,0,0,0,0,0,0,0,1,0
2026-07-14T15:27:54.816+0000,15,1,0,3,0,0,0,1,365,999,999,365,999,999,0.05299997329711914,0,0,0,0,0,0,0,0,0,0,0,0,0,0,0,0,0,0,0,0,1,0
2026-07-14T15:27:54.827+0000,15,1,0,3,0,0,0,1,366,999,999,366,999,999,0.010999917984008789,0,0,0,0,0,0,0,0,0,0,0,0,0,0,0,0,0,0,0,0,1,0
2026-07-14T15:27:54.830+0000,15,1,0,3,0,0,0,1,367,999,999,367,999,999,0.003000020980834961,0,0,0,0,0,0,0,0,0,0,0,0,0,0,0,0,0,0,0,0,1,0
2026-07-14T15:27:54.889+0000,15,1,0,3,0,0,0,1,368,999,999,368,999,999,0.05900001525878906,0,0,0,0,0,0,0,0,0,0,0,0,0,0,0,0,0,0,0,0,1,0
2026-07-14T15:27:54.939+0000,15,1,0,3,0,0,0,1,369,999,999,369,999,999,0.04999995231628418,0,0,0,0,0,0,0,0,0,0,0,0,0,0,0,0,0,0,0,0,1,0
2026-07-14T15:27:54.960+0000,15,1,0,3,0,0,0,1,370,999,999,370,999,999,0.021000146865844727,0,0,0,0,0,0,0,0,0,0,0,0,0,0,0,0,0,0,0,0,1,0
2026-07-14T15:27:55.017+0000,15,1,0,3,0,0,0,1,371,999,999,371,999,999,0.056999921798706055,0,0,0,0,0,0,0,0,0,0,0,0,0,0,0,0,0,0,0,0,1,0
2026-07-14T15:27:55.035+0000,15,1,0,3,0,0,0,1,372,999,999,372,999,999,0.018000125885009766,0,0,0,0,0,0,0,0,0,0,0,0,0,0,0,0,0,0,0,0,1,0
2026-07-14T15:27:55.038+0000,15,1,0,3,0,0,0,1,373,999,999,373,999,999,0.003000020980834961,0,0,0,0,0,0,0,0,0,0,0,0,0,0,0,0,0,0,0,0,1,0
2026-07-14T15:27:55.187+0000,15,1,0,3,0,0,0,1,374,999,999,374,999,999,0.14899992942810059,0,0,0,0,0,0,0,0,0,0,0,0,0,0,0,0,0,0,0,0,1,0
2026-07-14T15:27:55.295+0000,15,1,0,3,0,0,0,1,375,999,999,375,999,999,0.10800004005432129,0,0,0,0,0,0,0,0,0,0,0,0,0,0,0,0,0,0,0,0,1,0
2026-07-14T15:27:55.322+0000,15,1,0,3,0,0,0,1,376,999,999,376,999,999,0.026999950408935547,0,0,0,0,0,0,0,0,0,0,0,0,0,0,0,0,0,0,0,0,1,0
2026-07-14T15:27:55.347+0000,15,1,0,3,0,0,0,1,377,999,999,377,999,999,0.02499985694885254,0,0,0,0,0,0,0,0,0,0,0,0,0,0,0,0,0,0,0,0,1,0
2026-07-14T15:27:55.349+0000,15,1,0,3,0,0,0,1,378,999,999,378,999,999,0.002000093460083008,0,0,0,0,0,0,0,0,0,0,0,0,0,0,0,0,0,0,0,0,1,0
2026-07-14T15:27:55.358+0000,15,1,0,3,0,0,0,1,379,999,999,379,999,999,0.009000062942504883,0,0,0,0,0,0,0,0,0,0,0,0,0,0,0,0,0,0,0,0,1,0
2026-07-14T15:27:55.400+0000,15,1,0,3,0,0,0,1,380,999,999,380,999,999,0.04200005531311035,0,0,0,0,0,0,0,0,0,0,0,0,0,0,0,0,0,0,0,0,1,0
2026-07-14T15:27:55.417+0000,15,1,0,3,0,0,0,1,381,999,999,381,999,999,0.01699995994567871,0,0,0,0,0,0,0,0,0,0,0,0,0,0,0,0,0,0,0,0,1,0
2026-07-14T15:27:55.460+0000,15,1,0,3,0,0,0,1,382,999,999,382,999,999,0.042999982833862305,0,0,0,0,0,0,0,0,0,0,0,0,0,0,0,0,0,0,0,0,1,0
2026-07-14T15:27:55.551+0000,15,1,0,3,0,0,0,1,383,999,999,383,999,999,0.09100008010864258,0,0,0,0,0,0,0,0,0,0,0,0,0,0,0,0,0,0,0,0,1,0
2026-07-14T15:27:55.563+0000,15,1,0,3,0,0,0,1,384,999,999,384,999,999,0.011999845504760742,0,0,0,0,0,0,0,0,0,0,0,0,0,0,0,0,0,0,0,0,1,0
2026-07-14T15:27:55.645+0000,15,1,0,3,0,0,0,1,385,999,999,385,999,999,0.0820000171661377,0,0,0,0,0,0,0,0,0,0,0,0,0,0,0,0,0,0,0,0,1,0
2026-07-14T15:27:55.651+0000,15,1,0,3,0,0,0,1,386,999,999,386,999,999,0.006000041961669922,0,0,0,0,0,0,0,0,0,0,0,0,0,0,0,0,0,0,0,0,1,0
2026-07-14T15:27:55.686+0000,15,1,0,3,0,0,0,1,387,999,999,387,999,999,0.03500008583068848,0,0,0,0,0,0,0,0,0,0,0,0,0,0,0,0,0,0,0,0,1,0
2026-07-14T15:27:55.713+0000,15,1,0,3,0,0,0,1,388,999,999,388,999,999,0.026999950408935547,0,0,0,0,0,0,0,0,0,0,0,0,0,0,0,0,0,0,0,0,1,0
2026-07-14T15:27:55.768+0000,15,1,0,3,0,0,0,1,389,999,999,389,999,999,0.05499982833862305,0,0,0,0,0,0,0,0,0,0,0,0,0,0,0,0,0,0,0,0,1,0
2026-07-14T15:27:55.806+0000,15,1,0,3,0,0,0,1,390,999,999,390,999,999,0.03800010681152344,0,0,0,0,0,0,0,0,0,0,0,0,0,0,0,0,0,0,0,0,1,0
2026-07-14T15:27:55.817+0000,15,1,0,3,0,0,0,1,391,999,999,391,999,999,0.010999917984008789,0,0,0,0,0,0,0,0,0,0,0,0,0,0,0,0,0,0,0,0,1,0
2026-07-14T15:27:55.825+0000,15,1,0,3,0,0,0,1,392,999,999,392,999,999,0.00800013542175293,0,0,0,0,0,0,0,0,0,0,0,0,0,0,0,0,0,0,0,0,1,0
2026-07-14T15:27:55.831+0000,15,1,0,3,0,0,0,1,393,999,999,393,999,999,0.006000041961669922,0,0,0,0,0,0,0,0,0,0,0,0,0,0,0,0,0,0,0,0,1,0
2026-07-14T15:27:55.832+0000,15,1,0,3,0,0,0,1,394,999,999,394,999,999,0.0009999275207519531,0,0,0,0,0,0,0,0,0,0,0,0,0,0,0,0,0,0,0,0,1,0
2026-07-14T15:27:55.887+0000,15,1,0,3,0,0,0,1,395,999,999,395,999,999,0.05500006675720215,0,0,0,0,0,0,0,0,0,0,0,0,0,0,0,0,0,0,0,0,1,0
2026-07-14T15:27:55.922+0000,15,1,0,3,0,0,0,1,396,999,999,396,999,999,0.034999847412109375,0,0,0,0,0,0,0,0,0,0,0,0,0,0,0,0,0,0,0,0,1,0
2026-07-14T15:27:55.945+0000,15,1,0,3,0,0,0,1,397,999,999,397,999,999,0.023000001907348633,0,0,0,0,0,0,0,0,0,0,0,0,0,0,0,0,0,0,0,0,1,0
2026-07-14T15:27:55.957+0000,15,1,0,3,0,0,0,1,398,999,999,398,999,999,0.012000083923339844,0,0,0,0,0,0,0,0,0,0,0,0,0,0,0,0,0,0,0,0,1,0
2026-07-14T15:27:55.959+0000,15,1,0,3,0,0,0,1,399,999,999,399,999,999,0.002000093460083008,0,0,0,0,0,0,0,0,0,0,0,0,0,0,0,0,0,0,0,0,1,0
2026-07-14T15:27:56.009+0000,15,1,0,3,0,0,0,1,400,999,999,400,999,999,0.04999995231628418,0,0,0,0,0,0,0,0,0,0,0,0,0,0,0,0,0,0,0,0,1,0
2026-07-14T15:27:56.073+0000,15,1,0,3,0,0,0,1,401,999,999,401,999,999,0.06399989128112793,0,0,0,0,0,0,0,0,0,0,0,0,0,0,0,0,0,0,0,0,1,0
2026-07-14T15:27:56.247+0000,15,1,0,3,0,0,0,1,402,999,999,402,999,999,0.17400002479553223,0,0,0,0,0,0,0,0,0,0,0,0,0,0,0,0,0,0,0,0,1,0
2026-07-14T15:27:56.250+0000,15,1,0,3,0,0,0,1,403,999,999,403,999,999,0.003000020980834961,0,0,0,0,0,0,0,0,0,0,0,0,0,0,0,0,0,0,0,0,1,0
2026-07-14T15:27:56.311+0000,15,1,0,3,0,0,0,1,404,999,999,404,999,999,0.06100010871887207,0,0,0,0,0,0,0,0,0,0,0,0,0,0,0,0,0,0,0,0,1,0
2026-07-14T15:27:56.312+0000,15,1,0,3,0,0,0,1,405,999,999,405,999,999,0.0009999275207519531,0,0,0,0,0,0,0,0,0,0,0,0,0,0,0,0,0,0,0,0,1,0
2026-07-14T15:27:56.374+0000,15,1,0,3,0,0,0,1,406,999,999,406,999,999,0.06200003623962402,0,0,0,0,0,0,0,0,0,0,0,0,0,0,0,0,0,0,0,0,1,0
2026-07-14T15:27:56.397+0000,15,1,0,3,0,0,0,1,407,999,999,407,999,999,0.023000001907348633,0,0,0,0,0,0,0,0,0,0,0,0,0,0,0,0,0,0,0,0,1,0
2026-07-14T15:27:56.402+0000,15,1,0,3,0,0,0,1,408,999,999,408,999,999,0.004999876022338867,0,0,0,0,0,0,0,0,0,0,0,0,0,0,0,0,0,0,0,0,1,0
2026-07-14T15:27:56.413+0000,15,1,0,3,0,0,0,1,409,999,999,409,999,999,0.01100015640258789,0,0,0,0,0,0,0,0,0,0,0,0,0,0,0,0,0,0,0,0,1,0
2026-07-14T15:27:56.436+0000,15,1,0,3,0,0,0,1,410,999,999,410,999,999,0.023000001907348633,0,0,0,0,0,0,0,0,0,0,0,0,0,0,0,0,0,0,0,0,1,0
2026-07-14T15:27:56.528+0000,15,1,0,3,0,0,0,1,411,999,999,411,999,999,0.09200000762939453,0,0,0,0,0,0,0,0,0,0,0,0,0,0,0,0,0,0,0,0,1,0
2026-07-14T15:27:56.585+0000,15,1,0,3,0,0,0,1,412,999,999,412,999,999,0.056999921798706055,0,0,0,0,0,0,0,0,0,0,0,0,0,0,0,0,0,0,0,0,1,0
2026-07-14T15:27:56.601+0000,15,1,0,3,0,0,0,1,413,999,999,413,999,999,0.016000032424926758,0,0,0,0,0,0,0,0,0,0,0,0,0,0,0,0,0,0,0,0,1,0
2026-07-14T15:27:56.654+0000,15,1,0,3,0,0,0,1,414,999,999,414,999,999,0.05299997329711914,0,0,0,0,0,0,0,0,0,0,0,0,0,0,0,0,0,0,0,0,1,0
2026-07-14T15:27:56.751+0000,15,1,0,3,0,0,0,1,415,999,999,415,999,999,0.0969998836517334,0,0,0,0,0,0,0,0,0,0,0,0,0,0,0,0,0,0,0,0,1,0
2026-07-14T15:27:56.761+0000,15,1,0,3,0,0,0,1,416,999,999,416,999,999,0.009999990463256836,0,0,0,0,0,0,0,0,0,0,0,0,0,0,0,0,0,0,0,0,1,0
2026-07-14T15:27:56.780+0000,15,1,0,3,0,0,0,1,417,999,999,417,999,999,0.01900005340576172,0,0,0,0,0,0,0,0,0,0,0,0,0,0,0,0,0,0,0,0,1,0
2026-07-14T15:27:56.781+0000,15,1,0,3,0,0,0,1,418,999,999,418,999,999,0.0009999275207519531,0,0,0,0,0,0,0,0,0,0,0,0,0,0,0,0,0,0,0,0,1,0
2026-07-14T15:27:56.842+0000,15,1,0,3,0,0,0,1,419,999,999,419,999,999,0.06100010871887207,0,0,0,0,0,0,0,0,0,0,0,0,0,0,0,0,0,0,0,0,1,0
2026-07-14T15:27:56.861+0000,15,1,0,3,0,0,0,1,420,999,999,420,999,999,0.01900005340576172,0,0,0,0,0,0,0,0,0,0,0,0,0,0,0,0,0,0,0,0,1,0
2026-07-14T15:27:56.908+0000,15,1,0,3,0,0,0,1,421,999,999,421,999,999,0.04699993133544922,0,0,0,0,0,0,0,0,0,0,0,0,0,0,0,0,0,0,0,0,1,0
2026-07-14T15:27:56.979+0000,15,1,0,3,0,0,0,1,422,999,999,422,999,999,0.0710000991821289,0,0,0,0,0,0,0,0,0,0,0,0,0,0,0,0,0,0,0,0,1,0
2026-07-14T15:27:57.167+0000,15,1,0,3,0,0,0,1,423,999,999,423,999,999,0.18799996376037598,0,0,0,0,0,0,0,0,0,0,0,0,0,0,0,0,0,0,0,0,1,0
2026-07-14T15:27:57.177+0000,15,1,0,3,0,0,0,1,424,999,999,424,999,999,0.009999990463256836,0,0,0,0,0,0,0,0,0,0,0,0,0,0,0,0,0,0,0,0,1,0
2026-07-14T15:27:57.262+0000,15,1,0,3,0,0,0,1,425,999,999,425,999,999,0.08500003814697266,0,0,0,0,0,0,0,0,0,0,0,0,0,0,0,0,0,0,0,0,1,0
2026-07-14T15:27:57.342+0000,15,1,0,3,0,0,0,1,426,999,999,426,999,999,0.07999992370605469,0,0,0,0,0,0,0,0,0,0,0,0,0,0,0,0,0,0,0,0,1,0
2026-07-14T15:27:57.411+0000,15,1,0,3,0,0,0,1,427,999,999,427,999,999,0.0690000057220459,0,0,0,0,0,0,0,0,0,0,0,0,0,0,0,0,0,0,0,0,1,0
2026-07-14T15:27:57.535+0000,15,1,0,3,0,0,0,1,428,999,999,428,999,999,0.12400007247924805,0,0,0,0,0,0,0,0,0,0,0,0,0,0,0,0,0,0,0,0,1,0
2026-07-14T15:27:57.540+0000,15,1,0,3,0,0,0,1,429,999,999,429,999,999,0.004999876022338867,0,0,0,0,0,0,0,0,0,0,0,0,0,0,0,0,0,0,0,0,1,0
2026-07-14T15:27:57.577+0000,15,1,0,3,0,0,0,1,430,999,999,430,999,999,0.03699994087219238,0,0,0,0,0,0,0,0,0,0,0,0,0,0,0,0,0,0,0,0,1,0
2026-07-14T15:27:57.584+0000,15,1,0,3,0,0,0,1,431,999,999,431,999,999,0.0070002079010009766,0,0,0,0,0,0,0,0,0,0,0,0,0,0,0,0,0,0,0,0,1,0
2026-07-14T15:27:57.620+0000,15,1,0,3,0,0,0,1,432,999,999,432,999,999,0.03599977493286133,0,0,0,0,0,0,0,0,0,0,0,0,0,0,0,0,0,0,0,0,1,0
2026-07-14T15:27:57.620+0000,15,1,0,3,0,0,0,1,433,999,999,433,999,999,0.0,0,0,0,0,0,0,0,0,0,0,0,0,0,0,0,0,0,0,0,0,1,0
2026-07-14T15:27:57.629+0000,15,1,0,3,0,0,0,1,434,999,999,434,999,999,0.009000062942504883,0,0,0,0,0,0,0,0,0,0,0,0,0,0,0,0,0,0,0,0,1,0
2026-07-14T15:27:57.745+0000,15,1,0,3,0,0,0,1,435,999,999,435,999,999,0.11599993705749512,0,0,0,0,0,0,0,0,0,0,0,0,0,0,0,0,0,0,0,0,1,0
2026-07-14T15:27:57.762+0000,15,1,0,3,0,0,0,1,436,999,999,436,999,999,0.017000198364257812,0,0,0,0,0,0,0,0,0,0,0,0,0,0,0,0,0,0,0,0,1,0
2026-07-14T15:27:57.764+0000,15,1,0,3,0,0,0,1,437,999,999,437,999,999,0.0019998550415039062,0,0,0,0,0,0,0,0,0,0,0,0,0,0,0,0,0,0,0,0,1,0
2026-07-14T15:27:57.766+0000,15,1,0,3,0,0,0,1,438,999,999,438,999,999,0.002000093460083008,0,0,0,0,0,0,0,0,0,0,0,0,0,0,0,0,0,0,0,0,1,0
2026-07-14T15:27:57.927+0000,15,1,0,3,0,0,0,1,439,999,999,439,999,999,0.16100001335144043,0,0,0,0,0,0,0,0,0,0,0,0,0,0,0,0,0,0,0,0,1,0
2026-07-14T15:27:57.927+0000,15,1,0,3,0,0,0,1,440,999,999,440,999,999,0.0,0,0,0,0,0,0,0,0,0,0,0,0,0,0,0,0,0,0,0,0,1,0
2026-07-14T15:27:57.927+0000,15,1,0,3,0,0,0,1,441,999,999,441,999,999,0.0,0,0,0,0,0,0,0,0,0,0,0,0,0,0,0,0,0,0,0,0,1,0
2026-07-14T15:27:57.927+0000,15,1,0,3,0,0,0,1,442,999,999,442,999,999,0.0,0,0,0,0,0,0,0,0,0,0,0,0,0,0,0,0,0,0,0,0,1,0
2026-07-14T15:27:57.927+0000,15,1,0,3,0,0,0,1,443,999,999,443,999,999,0.0,0,0,0,0,0,0,0,0,0,0,0,0,0,0,0,0,0,0,0,0,1,0
2026-07-14T15:27:57.928+0000,15,1,0,3,0,0,0,1,444,999,999,444,999,999,0.0009999275207519531,0,0,0,0,0,0,0,0,0,0,0,0,0,0,0,0,0,0,0,0,1,0
2026-07-14T15:27:57.965+0000,15,1,0,3,0,0,0,1,445,999,999,445,999,999,0.03699994087219238,0,0,0,0,0,0,0,0,0,0,0,0,0,0,0,0,0,0,0,0,1,0
2026-07-14T15:27:58.074+0000,15,1,0,3,0,0,0,1,446,999,999,446,999,999,0.10899996757507324,0,0,0,0,0,0,0,0,0,0,0,0,0,0,0,0,0,0,0,0,1,0
2026-07-14T15:27:58.084+0000,15,1,0,3,0,0,0,1,447,999,999,447,999,999,0.010000228881835938,0,0,0,0,0,0,0,0,0,0,0,0,0,0,0,0,0,0,0,0,1,0
2026-07-14T15:27:58.104+0000,15,1,0,3,0,0,0,1,448,999,999,448,999,999,0.019999980926513672,0,0,0,0,0,0,0,0,0,0,0,0,0,0,0,0,0,0,0,0,1,0
2026-07-14T15:27:58.172+0000,15,1,0,3,0,0,0,1,449,999,999,449,999,999,0.06799983978271484,0,0,0,0,0,0,0,0,0,0,0,0,0,0,0,0,0,0,0,0,1,0
2026-07-14T15:27:58.190+0000,15,1,0,3,0,0,0,1,450,999,999,450,999,999,0.018000125885009766,0,0,0,0,0,0,0,0,0,0,0,0,0,0,0,0,0,0,0,0,1,0
2026-07-14T15:27:58.238+0000,15,1,0,3,0,0,0,1,451,999,999,451,999,999,0.04799985885620117,0,0,0,0,0,0,0,0,0,0,0,0,0,0,0,0,0,0,0,0,1,0
2026-07-14T15:27:58.238+0000,15,1,0,3,0,0,0,1,452,999,999,452,999,999,0.0,0,0,0,0,0,0,0,0,0,0,0,0,0,0,0,0,0,0,0,0,1,0
2026-07-14T15:27:58.239+0000,15,1,0,3,0,0,0,1,453,999,999,453,999,999,0.0010001659393310547,0,0,0,0,0,0,0,0,0,0,0,0,0,0,0,0,0,0,0,0,1,0
2026-07-14T15:28:18.129+0000,15,1,0,3,0,0,0,1,454,999,999,454,999,999,19.889999866485596,0,0,0,0,0,0,0,0,0,0,0,0,0,0,0,0,0,0,0,0,1,0
2026-07-14T15:29:12.379+0000,15,1,0,3,0,0,0,1,1,999,999,1,999,999,54.25,0,0,0,0,0,0,0,0,0,0,0,0,0,0,0,0,0,0,0,0,1,0
2026-07-14T15:29:28.109+0000,15,1,0,3,0,0,0,1,1,999,999,1,999,999,15.730000019073486,0,0,0,0,0,0,0,0,0,0,0,0,0,0,0,0,0,0,0,0,1,0
2026-07-14T15:30:48.201+0000,15,1,0,3,0,0,0,1,0,843,999,0,844,999,80.0920000076294,0,0,0,0,0,0,0,0,0,0,0,0,0,0,0,0,0,0,0,0,1,0
2026-07-14T15:30:50.140+0000,15,1,0,3,0,0,0,1,1,844,999,1,845,999,1.939000129699707,0,0,0,0,0,0,0,0,0,0,0,0,0,0,0,0,0,0,0,0,1,0
2026-07-14T15:30:50.145+0000,15,1,0,3,0,0,0,1,2,845,999,2,846,999,0.004999876022338867,0,0,0,0,0,0,0,0,0,0,0,0,0,0,0,0,0,0,0,0,1,0
2026-07-14T15:30:50.214+0000,15,1,0,3,0,0,0,1,3,846,999,3,847,999,0.0690000057220459,0,0,0,0,0,0,0,0,0,0,0,0,0,0,0,0,0,0,0,0,1,0
2026-07-14T15:30:50.230+0000,15,1,0,3,0,0,0,1,4,847,999,4,848,999,0.016000032424926758,0,0,0,0,0,0,0,0,0,0,0,0,0,0,0,0,0,0,0,0,1,0
2026-07-14T15:30:52.138+0000,15,1,0,3,0,0,0,1,5,848,999,5,849,999,1.9079999923706055,0,0,0,0,0,0,0,0,0,0,0,0,0,0,0,0,0,0,0,0,1,0
2026-07-14T15:30:52.170+0000,15,1,0,3,0,0,0,1,6,849,999,6,850,999,0.032000064849853516,0,0,0,0,0,0,0,0,0,0,0,0,0,0,0,0,0,0,0,0,1,0
2026-07-14T15:30:52.232+0000,15,1,0,3,0,0,0,1,7,850,999,7,851,999,0.06200003623962402,0,0,0,0,0,0,0,0,0,0,0,0,0,0,0,0,0,0,0,0,1,0
2026-07-14T15:30:52.243+0000,15,1,0,3,0,0,0,1,8,851,999,8,852,999,0.010999917984008789,0,0,0,0,0,0,0,0,0,0,0,0,0,0,0,0,0,0,0,0,1,0
2026-07-14T15:30:52.309+0000,15,1,0,3,0,0,0,1,9,852,999,9,853,999,0.06599998474121094,0,0,0,0,0,0,0,0,0,0,0,0,0,0,0,0,0,0,0,0,1,0
2026-07-14T15:30:52.328+0000,15,1,0,3,0,0,0,1,10,853,999,10,854,999,0.01900005340576172,0,0,0,0,0,0,0,0,0,0,0,0,0,0,0,0,0,0,0,0,1,0
2026-07-14T15:30:52.345+0000,15,1,0,3,0,0,0,1,11,854,999,11,855,999,0.01699995994567871,0,0,0,0,0,0,0,0,0,0,0,0,0,0,0,0,0,0,0,0,1,0
2026-07-14T15:30:52.345+0000,15,1,0,3,0,0,0,1,12,855,999,12,856,999,0.0,0,0,0,0,0,0,0,0,0,0,0,0,0,0,0,0,0,0,0,0,1,0
2026-07-14T15:30:54.188+0000,15,1,0,3,0,0,0,1,13,856,999,13,857,999,1.8429999351501465,0,0,0,0,0,0,0,0,0,0,0,0,0,0,0,0,0,0,0,0,1,0
2026-07-14T15:30:54.222+0000,15,1,0,3,0,0,0,1,14,857,999,14,858,999,0.03399991989135742,0,0,0,0,0,0,0,0,0,0,0,0,0,0,0,0,0,0,0,0,1,0
2026-07-14T15:30:54.441+0000,15,1,0,3,0,0,0,1,15,858,999,15,859,999,0.21900010108947754,0,0,0,0,0,0,0,0,0,0,0,0,0,0,0,0,0,0,0,0,1,0
2026-07-14T15:30:54.522+0000,15,1,0,3,0,0,0,1,16,859,999,16,860,999,0.08100008964538574,0,0,0,0,0,0,0,0,0,0,0,0,0,0,0,0,0,0,0,0,1,0
2026-07-14T15:30:54.582+0000,15,1,0,3,0,0,0,1,17,860,999,17,861,999,0.059999942779541016,0,0,0,0,0,0,0,0,0,0,0,0,0,0,0,0,0,0,0,0,1,0
2026-07-14T15:30:54.582+0000,15,1,0,3,0,0,0,1,18,861,999,18,862,999,0.0,0,0,0,0,0,0,0,0,0,0,0,0,0,0,0,0,0,0,0,0,1,0
2026-07-14T15:30:54.590+0000,15,1,0,3,0,0,0,1,19,862,999,19,863,999,0.007999897003173828,0,0,0,0,0,0,0,0,0,0,0,0,0,0,0,0,0,0,0,0,1,0
2026-07-14T15:30:54.630+0000,15,1,0,3,0,0,0,1,20,863,999,20,864,999,0.040000200271606445,0,0,0,0,0,0,0,0,0,0,0,0,0,0,0,0,0,0,0,0,1,0
2026-07-14T15:30:54.650+0000,15,1,0,3,0,0,0,1,21,864,999,21,865,999,0.019999980926513672,0,0,0,0,0,0,0,0,0,0,0,0,0,0,0,0,0,0,0,0,1,0
2026-07-14T15:30:54.655+0000,15,1,0,3,0,0,0,1,22,865,999,22,866,999,0.004999876022338867,0,0,0,0,0,0,0,0,0,0,0,0,0,0,0,0,0,0,0,0,1,0
2026-07-14T15:30:54.683+0000,15,1,0,3,0,0,0,1,23,866,999,23,867,999,0.0280001163482666,0,0,0,0,0,0,0,0,0,0,0,0,0,0,0,0,0,0,0,0,1,0
2026-07-14T15:30:54.702+0000,15,1,0,3,0,0,0,1,24,867,999,24,868,999,0.018999814987182617,0,0,0,0,0,0,0,0,0,0,0,0,0,0,0,0,0,0,0,0,1,0
2026-07-14T15:30:54.702+0000,15,1,0,3,0,0,0,1,25,868,999,25,869,999,0.0,0,0,0,0,0,0,0,0,0,0,0,0,0,0,0,0,0,0,0,0,1,0
2026-07-14T15:30:54.702+0000,15,1,0,3,0,0,0,1,26,869,999,26,870,999,0.0,0,0,0,0,0,0,0,0,0,0,0,0,0,0,0,0,0,0,0,0,1,0
2026-07-14T15:30:54.717+0000,15,1,0,3,0,0,0,1,27,870,999,27,871,999,0.015000104904174805,0,0,0,0,0,0,0,0,0,0,0,0,0,0,0,0,0,0,0,0,1,0
2026-07-14T15:30:54.744+0000,15,1,0,3,0,0,0,1,28,871,999,28,872,999,0.026999950408935547,0,0,0,0,0,0,0,0,0,0,0,0,0,0,0,0,0,0,0,0,1,0
2026-07-14T15:30:54.887+0000,15,1,0,3,0,0,0,1,29,872,999,29,873,999,0.14300012588500977,0,0,0,0,0,0,0,0,0,0,0,0,0,0,0,0,0,0,0,0,1,0
2026-07-14T15:30:54.900+0000,15,1,0,3,0,0,0,1,30,873,999,30,874,999,0.013000011444091797,0,0,0,0,0,0,0,0,0,0,0,0,0,0,0,0,0,0,0,0,1,0
2026-07-14T15:30:54.911+0000,15,1,0,3,0,0,0,1,31,874,999,31,875,999,0.010999917984008789,0,0,0,0,0,0,0,0,0,0,0,0,0,0,0,0,0,0,0,0,1,0
2026-07-14T15:30:55.010+0000,15,1,0,3,0,0,0,1,32,875,999,32,876,999,0.0989999771118164,0,0,0,0,0,0,0,0,0,0,0,0,0,0,0,0,0,0,0,0,1,0
2026-07-14T15:30:55.026+0000,15,1,0,3,0,0,0,1,33,876,999,33,877,999,0.016000032424926758,0,0,0,0,0,0,0,0,0,0,0,0,0,0,0,0,0,0,0,0,1,0
2026-07-14T15:30:55.066+0000,15,1,0,3,0,0,0,1,34,877,999,34,878,999,0.039999961853027344,0,0,0,0,0,0,0,0,0,0,0,0,0,0,0,0,0,0,0,0,1,0
2026-07-14T15:30:55.139+0000,15,1,0,3,0,0,0,1,35,878,999,35,879,999,0.07299995422363281,0,0,0,0,0,0,0,0,0,0,0,0,0,0,0,0,0,0,0,0,1,0
2026-07-14T15:30:55.162+0000,15,1,0,3,0,0,0,1,36,879,999,36,880,999,0.023000001907348633,0,0,0,0,0,0,0,0,0,0,0,0,0,0,0,0,0,0,0,0,1,0
2026-07-14T15:30:55.167+0000,15,1,0,3,0,0,0,1,37,880,999,37,881,999,0.005000114440917969,0,0,0,0,0,0,0,0,0,0,0,0,0,0,0,0,0,0,0,0,1,0
2026-07-14T15:30:55.261+0000,15,1,0,3,0,0,0,1,38,881,999,38,882,999,0.09399986267089844,0,0,0,0,0,0,0,0,0,0,0,0,0,0,0,0,0,0,0,0,1,0
2026-07-14T15:30:55.377+0000,15,1,0,3,0,0,0,1,39,882,999,39,883,999,0.11600017547607422,0,0,0,0,0,0,0,0,0,0,0,0,0,0,0,0,0,0,0,0,1,0
2026-07-14T15:30:55.441+0000,15,1,0,3,0,0,0,1,40,883,999,40,884,999,0.06399989128112793,0,0,0,0,0,0,0,0,0,0,0,0,0,0,0,0,0,0,0,0,1,0
2026-07-14T15:30:55.596+0000,15,1,0,3,0,0,0,1,41,884,999,41,885,999,0.1549999713897705,0,0,0,0,0,0,0,0,0,0,0,0,0,0,0,0,0,0,0,0,1,0
2026-07-14T15:30:55.609+0000,15,1,0,3,0,0,0,1,42,885,999,42,886,999,0.013000011444091797,0,0,0,0,0,0,0,0,0,0,0,0,0,0,0,0,0,0,0,0,1,0
2026-07-14T15:30:55.643+0000,15,1,0,3,0,0,0,1,43,886,999,43,887,999,0.03399991989135742,0,0,0,0,0,0,0,0,0,0,0,0,0,0,0,0,0,0,0,0,1,0
2026-07-14T15:30:55.691+0000,15,1,0,3,0,0,0,1,44,887,999,44,888,999,0.04800009727478027,0,0,0,0,0,0,0,0,0,0,0,0,0,0,0,0,0,0,0,0,1,0
2026-07-14T15:30:55.732+0000,15,1,0,3,0,0,0,1,45,888,999,45,889,999,0.0410001277923584,0,0,0,0,0,0,0,0,0,0,0,0,0,0,0,0,0,0,0,0,1,0
2026-07-14T15:30:55.760+0000,15,1,0,3,0,0,0,1,46,889,999,46,890,999,0.0279998779296875,0,0,0,0,0,0,0,0,0,0,0,0,0,0,0,0,0,0,0,0,1,0
2026-07-14T15:30:55.884+0000,15,1,0,3,0,0,0,1,47,890,999,47,891,999,0.12400007247924805,0,0,0,0,0,0,0,0,0,0,0,0,0,0,0,0,0,0,0,0,1,0
2026-07-14T15:30:55.955+0000,15,1,0,3,0,0,0,1,48,891,999,48,892,999,0.0709998607635498,0,0,0,0,0,0,0,0,0,0,0,0,0,0,0,0,0,0,0,0,1,0
2026-07-14T15:30:55.971+0000,15,1,0,3,0,0,0,1,49,892,999,49,893,999,0.016000032424926758,0,0,0,0,0,0,0,0,0,0,0,0,0,0,0,0,0,0,0,0,1,0
2026-07-14T15:30:56.068+0000,15,1,0,3,0,0,0,1,50,893,999,50,894,999,0.0970001220703125,0,0,0,0,0,0,0,0,0,0,0,0,0,0,0,0,0,0,0,0,1,0
2026-07-14T15:30:56.115+0000,15,1,0,3,0,0,0,1,51,894,999,51,895,999,0.04699993133544922,0,0,0,0,0,0,0,0,0,0,0,0,0,0,0,0,0,0,0,0,1,0
2026-07-14T15:30:56.185+0000,15,1,0,3,0,0,0,1,52,895,999,52,896,999,0.06999993324279785,0,0,0,0,0,0,0,0,0,0,0,0,0,0,0,0,0,0,0,0,1,0
2026-07-14T15:30:56.207+0000,15,1,0,3,0,0,0,1,53,896,999,53,897,999,0.02200007438659668,0,0,0,0,0,0,0,0,0,0,0,0,0,0,0,0,0,0,0,0,1,0
2026-07-14T15:30:56.249+0000,15,1,0,3,0,0,0,1,54,897,999,54,898,999,0.04200005531311035,0,0,0,0,0,0,0,0,0,0,0,0,0,0,0,0,0,0,0,0,1,0
2026-07-14T15:30:56.322+0000,15,1,0,3,0,0,0,1,55,898,999,55,899,999,0.07299995422363281,0,0,0,0,0,0,0,0,0,0,0,0,0,0,0,0,0,0,0,0,1,0
2026-07-14T15:30:56.425+0000,15,1,0,3,0,0,0,1,56,899,999,56,900,999,0.10299992561340332,0,0,0,0,0,0,0,0,0,0,0,0,0,0,0,0,0,0,0,0,1,0
2026-07-14T15:30:56.447+0000,15,1,0,3,0,0,0,1,57,900,999,57,901,999,0.02200007438659668,0,0,0,0,0,0,0,0,0,0,0,0,0,0,0,0,0,0,0,0,1,0
2026-07-14T15:30:56.461+0000,15,1,0,3,0,0,0,1,58,901,999,58,902,999,0.01399993896484375,0,0,0,0,0,0,0,0,0,0,0,0,0,0,0,0,0,0,0,0,1,0
2026-07-14T15:30:56.496+0000,15,1,0,3,0,0,0,1,59,902,999,59,903,999,0.03500008583068848,0,0,0,0,0,0,0,0,0,0,0,0,0,0,0,0,0,0,0,0,1,0
2026-07-14T15:30:56.520+0000,15,1,0,3,0,0,0,1,60,903,999,60,904,999,0.023999929428100586,0,0,0,0,0,0,0,0,0,0,0,0,0,0,0,0,0,0,0,0,1,0
2026-07-14T15:30:56.564+0000,15,1,0,3,0,0,0,1,61,904,999,61,905,999,0.04399991035461426,0,0,0,0,0,0,0,0,0,0,0,0,0,0,0,0,0,0,0,0,1,0
2026-07-14T15:30:56.607+0000,15,1,0,3,0,0,0,1,62,905,999,62,906,999,0.043000221252441406,0,0,0,0,0,0,0,0,0,0,0,0,0,0,0,0,0,0,0,0,1,0
2026-07-14T15:30:56.684+0000,15,1,0,3,0,0,0,1,63,906,999,63,907,999,0.07699990272521973,0,0,0,0,0,0,0,0,0,0,0,0,0,0,0,0,0,0,0,0,1,0
2026-07-14T15:30:56.700+0000,15,1,0,3,0,0,0,1,64,907,999,64,908,999,0.016000032424926758,0,0,0,0,0,0,0,0,0,0,0,0,0,0,0,0,0,0,0,0,1,0
2026-07-14T15:30:56.766+0000,15,1,0,3,0,0,0,1,65,908,999,65,909,999,0.06599998474121094,0,0,0,0,0,0,0,0,0,0,0,0,0,0,0,0,0,0,0,0,1,0
2026-07-14T15:30:56.785+0000,15,1,0,3,0,0,0,1,66,909,999,66,910,999,0.01900005340576172,0,0,0,0,0,0,0,0,0,0,0,0,0,0,0,0,0,0,0,0,1,0
2026-07-14T15:30:56.793+0000,15,1,0,3,0,0,0,1,67,910,999,67,911,999,0.007999897003173828,0,0,0,0,0,0,0,0,0,0,0,0,0,0,0,0,0,0,0,0,1,0
2026-07-14T15:30:56.797+0000,15,1,0,3,0,0,0,1,68,911,999,68,912,999,0.003999948501586914,0,0,0,0,0,0,0,0,0,0,0,0,0,0,0,0,0,0,0,0,1,0
2026-07-14T15:30:56.896+0000,15,1,0,3,0,0,0,1,69,912,999,69,913,999,0.0989999771118164,0,0,0,0,0,0,0,0,0,0,0,0,0,0,0,0,0,0,0,0,1,0
2026-07-14T15:30:56.919+0000,15,1,0,3,0,0,0,1,70,913,999,70,914,999,0.023000001907348633,0,0,0,0,0,0,0,0,0,0,0,0,0,0,0,0,0,0,0,0,1,0
2026-07-14T15:30:56.932+0000,15,1,0,3,0,0,0,1,71,914,999,71,915,999,0.013000011444091797,0,0,0,0,0,0,0,0,0,0,0,0,0,0,0,0,0,0,0,0,1,0
2026-07-14T15:30:56.973+0000,15,1,0,3,0,0,0,1,72,915,999,72,916,999,0.0410001277923584,0,0,0,0,0,0,0,0,0,0,0,0,0,0,0,0,0,0,0,0,1,0
2026-07-14T15:30:57.042+0000,15,1,0,3,0,0,0,1,73,916,999,73,917,999,0.0690000057220459,0,0,0,0,0,0,0,0,0,0,0,0,0,0,0,0,0,0,0,0,1,0
2026-07-14T15:30:57.042+0000,15,1,0,3,0,0,0,1,74,917,999,74,918,999,0.0,0,0,0,0,0,0,0,0,0,0,0,0,0,0,0,0,0,0,0,0,1,0
2026-07-14T15:30:57.053+0000,15,1,0,3,0,0,0,1,75,918,999,75,919,999,0.010999917984008789,0,0,0,0,0,0,0,0,0,0,0,0,0,0,0,0,0,0,0,0,1,0
2026-07-14T15:30:57.056+0000,15,1,0,3,0,0,0,1,76,919,999,76,920,999,0.003000020980834961,0,0,0,0,0,0,0,0,0,0,0,0,0,0,0,0,0,0,0,0,1,0
2026-07-14T15:30:57.144+0000,15,1,0,3,0,0,0,1,77,920,999,77,921,999,0.08800005912780762,0,0,0,0,0,0,0,0,0,0,0,0,0,0,0,0,0,0,0,0,1,0
2026-07-14T15:30:57.153+0000,15,1,0,3,0,0,0,1,78,921,999,78,922,999,0.009000062942504883,0,0,0,0,0,0,0,0,0,0,0,0,0,0,0,0,0,0,0,0,1,0
2026-07-14T15:30:57.213+0000,15,1,0,3,0,0,0,1,79,922,999,79,923,999,0.059999942779541016,0,0,0,0,0,0,0,0,0,0,0,0,0,0,0,0,0,0,0,0,1,0
2026-07-14T15:30:57.232+0000,15,1,0,3,0,0,0,1,80,923,999,80,924,999,0.01900005340576172,0,0,0,0,0,0,0,0,0,0,0,0,0,0,0,0,0,0,0,0,1,0
2026-07-14T15:30:57.281+0000,15,1,0,3,0,0,0,1,81,924,999,81,925,999,0.048999786376953125,0,0,0,0,0,0,0,0,0,0,0,0,0,0,0,0,0,0,0,0,1,0
2026-07-14T15:30:57.317+0000,15,1,0,3,0,0,0,1,82,925,999,82,926,999,0.03600001335144043,0,0,0,0,0,0,0,0,0,0,0,0,0,0,0,0,0,0,0,0,1,0
2026-07-14T15:30:57.358+0000,15,1,0,3,0,0,0,1,83,926,999,83,927,999,0.0410001277923584,0,0,0,0,0,0,0,0,0,0,0,0,0,0,0,0,0,0,0,0,1,0
2026-07-14T15:30:57.367+0000,15,1,0,3,0,0,0,1,84,927,999,84,928,999,0.009000062942504883,0,0,0,0,0,0,0,0,0,0,0,0,0,0,0,0,0,0,0,0,1,0
2026-07-14T15:30:57.411+0000,15,1,0,3,0,0,0,1,85,928,999,85,929,999,0.04399991035461426,0,0,0,0,0,0,0,0,0,0,0,0,0,0,0,0,0,0,0,0,1,0
2026-07-14T15:30:57.523+0000,15,1,0,3,0,0,0,1,86,929,999,86,930,999,0.1119999885559082,0,0,0,0,0,0,0,0,0,0,0,0,0,0,0,0,0,0,0,0,1,0
2026-07-14T15:30:57.548+0000,15,1,0,3,0,0,0,1,87,930,999,87,931,999,0.02500009536743164,0,0,0,0,0,0,0,0,0,0,0,0,0,0,0,0,0,0,0,0,1,0
2026-07-14T15:30:57.584+0000,15,1,0,3,0,0,0,1,88,931,999,88,932,999,0.03600001335144043,0,0,0,0,0,0,0,0,0,0,0,0,0,0,0,0,0,0,0,0,1,0
2026-07-14T15:30:57.622+0000,15,1,0,3,0,0,0,1,89,932,999,89,933,999,0.037999868392944336,0,0,0,0,0,0,0,0,0,0,0,0,0,0,0,0,0,0,0,0,1,0
2026-07-14T15:30:57.668+0000,15,1,0,3,0,0,0,1,90,933,999,90,934,999,0.046000003814697266,0,0,0,0,0,0,0,0,0,0,0,0,0,0,0,0,0,0,0,0,1,0
2026-07-14T15:30:57.677+0000,15,1,0,3,0,0,0,1,91,934,999,91,935,999,0.009000062942504883,0,0,0,0,0,0,0,0,0,0,0,0,0,0,0,0,0,0,0,0,1,0
2026-07-14T15:30:57.760+0000,15,1,0,3,0,0,0,1,92,935,999,92,936,999,0.08299994468688965,0,0,0,0,0,0,0,0,0,0,0,0,0,0,0,0,0,0,0,0,1,0
2026-07-14T15:30:57.766+0000,15,1,0,3,0,0,0,1,93,936,999,93,937,999,0.006000041961669922,0,0,0,0,0,0,0,0,0,0,0,0,0,0,0,0,0,0,0,0,1,0
2026-07-14T15:30:57.830+0000,15,1,0,3,0,0,0,1,94,937,999,94,938,999,0.06399989128112793,0,0,0,0,0,0,0,0,0,0,0,0,0,0,0,0,0,0,0,0,1,0
2026-07-14T15:30:57.892+0000,15,1,0,3,0,0,0,1,95,938,999,95,939,999,0.06200003623962402,0,0,0,0,0,0,0,0,0,0,0,0,0,0,0,0,0,0,0,0,1,0
2026-07-14T15:30:57.919+0000,15,1,0,3,0,0,0,1,96,939,999,96,940,999,0.026999950408935547,0,0,0,0,0,0,0,0,0,0,0,0,0,0,0,0,0,0,0,0,1,0
2026-07-14T15:30:58.093+0000,15,1,0,3,0,0,0,1,97,940,999,97,941,999,0.17400002479553223,0,0,0,0,0,0,0,0,0,0,0,0,0,0,0,0,0,0,0,0,1,0
2026-07-14T15:30:58.154+0000,15,1,0,3,0,0,0,1,98,941,999,98,942,999,0.06100010871887207,0,0,0,0,0,0,0,0,0,0,0,0,0,0,0,0,0,0,0,0,1,0
2026-07-14T15:30:58.224+0000,15,1,0,3,0,0,0,1,99,942,999,99,943,999,0.06999993324279785,0,0,0,0,0,0,0,0,0,0,0,0,0,0,0,0,0,0,0,0,1,0
2026-07-14T15:30:58.224+0000,15,1,0,3,0,0,0,1,100,943,999,100,944,999,0.0,0,0,0,0,0,0,0,0,0,0,0,0,0,0,0,0,0,0,0,0,1,0
2026-07-14T15:30:58.258+0000,15,1,0,3,0,0,0,1,101,944,999,101,945,999,0.03399991989135742,0,0,0,0,0,0,0,0,0,0,0,0,0,0,0,0,0,0,0,0,1,0
2026-07-14T15:30:58.373+0000,15,1,0,3,0,0,0,1,102,945,999,102,946,999,0.11500000953674316,0,0,0,0,0,0,0,0,0,0,0,0,0,0,0,0,0,0,0,0,1,0
2026-07-14T15:30:58.410+0000,15,1,0,3,0,0,0,1,103,946,999,103,947,999,0.037000179290771484,0,0,0,0,0,0,0,0,0,0,0,0,0,0,0,0,0,0,0,0,1,0
2026-07-14T15:30:58.440+0000,15,1,0,3,0,0,0,1,104,947,999,104,948,999,0.029999971389770508,0,0,0,0,0,0,0,0,0,0,0,0,0,0,0,0,0,0,0,0,1,0
2026-07-14T15:30:58.445+0000,15,1,0,3,0,0,0,1,105,948,999,105,949,999,0.004999876022338867,0,0,0,0,0,0,0,0,0,0,0,0,0,0,0,0,0,0,0,0,1,0
2026-07-14T15:30:58.468+0000,15,1,0,3,0,0,0,1,106,949,999,106,950,999,0.023000001907348633,0,0,0,0,0,0,0,0,0,0,0,0,0,0,0,0,0,0,0,0,1,0
2026-07-14T15:30:58.474+0000,15,1,0,3,0,0,0,1,107,950,999,107,951,999,0.006000041961669922,0,0,0,0,0,0,0,0,0,0,0,0,0,0,0,0,0,0,0,0,1,0
2026-07-14T15:30:58.530+0000,15,1,0,3,0,0,0,1,108,951,999,108,952,999,0.0559999942779541,0,0,0,0,0,0,0,0,0,0,0,0,0,0,0,0,0,0,0,0,1,0
2026-07-14T15:30:58.544+0000,15,1,0,3,0,0,0,1,109,952,999,109,953,999,0.01399993896484375,0,0,0,0,0,0,0,0,0,0,0,0,0,0,0,0,0,0,0,0,1,0
2026-07-14T15:30:58.600+0000,15,1,0,3,0,0,0,1,110,953,999,110,954,999,0.0559999942779541,0,0,0,0,0,0,0,0,0,0,0,0,0,0,0,0,0,0,0,0,1,0
2026-07-14T15:30:58.609+0000,15,1,0,3,0,0,0,1,111,954,999,111,955,999,0.009000062942504883,0,0,0,0,0,0,0,0,0,0,0,0,0,0,0,0,0,0,0,0,1,0
2026-07-14T15:30:58.756+0000,15,1,0,3,0,0,0,1,112,955,999,112,956,999,0.14700007438659668,0,0,0,0,0,0,0,0,0,0,0,0,0,0,0,0,0,0,0,0,1,0
2026-07-14T15:30:58.760+0000,15,1,0,3,0,0,0,1,113,956,999,113,957,999,0.003999948501586914,0,0,0,0,0,0,0,0,0,0,0,0,0,0,0,0,0,0,0,0,1,0
2026-07-14T15:30:58.916+0000,15,1,0,3,0,0,0,1,114,957,999,114,958,999,0.15599989891052246,0,0,0,0,0,0,0,0,0,0,0,0,0,0,0,0,0,0,0,0,1,0
2026-07-14T15:30:58.929+0000,15,1,0,3,0,0,0,1,115,958,999,115,959,999,0.013000011444091797,0,0,0,0,0,0,0,0,0,0,0,0,0,0,0,0,0,0,0,0,1,0
2026-07-14T15:30:58.986+0000,15,1,0,3,0,0,0,1,116,959,999,116,960,999,0.057000160217285156,0,0,0,0,0,0,0,0,0,0,0,0,0,0,0,0,0,0,0,0,1,0
2026-07-14T15:30:58.998+0000,15,1,0,3,0,0,0,1,117,960,999,117,961,999,0.011999845504760742,0,0,0,0,0,0,0,0,0,0,0,0,0,0,0,0,0,0,0,0,1,0
2026-07-14T15:30:59.043+0000,15,1,0,3,0,0,0,1,118,961,999,118,962,999,0.04500007629394531,0,0,0,0,0,0,0,0,0,0,0,0,0,0,0,0,0,0,0,0,1,0
2026-07-14T15:30:59.115+0000,15,1,0,3,0,0,0,1,119,962,999,119,963,999,0.07200002670288086,0,0,0,0,0,0,0,0,0,0,0,0,0,0,0,0,0,0,0,0,1,0
2026-07-14T15:30:59.164+0000,15,1,0,3,0,0,0,1,120,963,999,120,964,999,0.04900002479553223,0,0,0,0,0,0,0,0,0,0,0,0,0,0,0,0,0,0,0,0,1,0
2026-07-14T15:30:59.203+0000,15,1,0,3,0,0,0,1,121,964,999,121,965,999,0.03900003433227539,0,0,0,0,0,0,0,0,0,0,0,0,0,0,0,0,0,0,0,0,1,0
2026-07-14T15:30:59.316+0000,15,1,0,3,0,0,0,1,122,965,999,122,966,999,0.11299991607666016,0,0,0,0,0,0,0,0,0,0,0,0,0,0,0,0,0,0,0,0,1,0
2026-07-14T15:30:59.339+0000,15,1,0,3,0,0,0,1,123,966,999,123,967,999,0.023000001907348633,0,0,0,0,0,0,0,0,0,0,0,0,0,0,0,0,0,0,0,0,1,0
2026-07-14T15:30:59.352+0000,15,1,0,3,0,0,0,1,124,967,999,124,968,999,0.013000011444091797,0,0,0,0,0,0,0,0,0,0,0,0,0,0,0,0,0,0,0,0,1,0
2026-07-14T15:30:59.410+0000,15,1,0,3,0,0,0,1,125,968,999,125,969,999,0.05800008773803711,0,0,0,0,0,0,0,0,0,0,0,0,0,0,0,0,0,0,0,0,1,0
2026-07-14T15:30:59.414+0000,15,1,0,3,0,0,0,1,126,969,999,126,970,999,0.003999948501586914,0,0,0,0,0,0,0,0,0,0,0,0,0,0,0,0,0,0,0,0,1,0
2026-07-14T15:30:59.501+0000,15,1,0,3,0,0,0,1,127,970,999,127,971,999,0.08699989318847656,0,0,0,0,0,0,0,0,0,0,0,0,0,0,0,0,0,0,0,0,1,0
2026-07-14T15:30:59.558+0000,15,1,0,3,0,0,0,1,128,971,999,128,972,999,0.057000160217285156,0,0,0,0,0,0,0,0,0,0,0,0,0,0,0,0,0,0,0,0,1,0
2026-07-14T15:30:59.583+0000,15,1,0,3,0,0,0,1,129,972,999,129,973,999,0.02499985694885254,0,0,0,0,0,0,0,0,0,0,0,0,0,0,0,0,0,0,0,0,1,0
2026-07-14T15:30:59.652+0000,15,1,0,3,0,0,0,1,130,973,999,130,974,999,0.0690000057220459,0,0,0,0,0,0,0,0,0,0,0,0,0,0,0,0,0,0,0,0,1,0
2026-07-14T15:30:59.697+0000,15,1,0,3,0,0,0,1,131,974,999,131,975,999,0.04500007629394531,0,0,0,0,0,0,0,0,0,0,0,0,0,0,0,0,0,0,0,0,1,0
2026-07-14T15:30:59.842+0000,15,1,0,3,0,0,0,1,132,975,999,132,976,999,0.14499998092651367,0,0,0,0,0,0,0,0,0,0,0,0,0,0,0,0,0,0,0,0,1,0
2026-07-14T15:30:59.900+0000,15,1,0,3,0,0,0,1,133,976,999,133,977,999,0.05800008773803711,0,0,0,0,0,0,0,0,0,0,0,0,0,0,0,0,0,0,0,0,1,0
2026-07-14T15:30:59.912+0000,15,1,0,3,0,0,0,1,134,977,999,134,978,999,0.011999845504760742,0,0,0,0,0,0,0,0,0,0,0,0,0,0,0,0,0,0,0,0,1,0
2026-07-14T15:30:59.973+0000,15,1,0,3,0,0,0,1,135,978,999,135,979,999,0.06100010871887207,0,0,0,0,0,0,0,0,0,0,0,0,0,0,0,0,0,0,0,0,1,0
2026-07-14T15:31:00.042+0000,15,1,0,3,0,0,0,1,136,979,999,136,980,999,0.0690000057220459,0,0,0,0,0,0,0,0,0,0,0,0,0,0,0,0,0,0,0,0,1,0
2026-07-14T15:31:00.146+0000,15,1,0,3,0,0,0,1,137,980,999,137,981,999,0.10399985313415527,0,0,0,0,0,0,0,0,0,0,0,0,0,0,0,0,0,0,0,0,1,0
2026-07-14T15:31:00.258+0000,15,1,0,3,0,0,0,1,138,981,999,138,982,999,0.1119999885559082,0,0,0,0,0,0,0,0,0,0,0,0,0,0,0,0,0,0,0,0,1,0
2026-07-14T15:31:00.282+0000,15,1,0,3,0,0,0,1,139,982,999,139,983,999,0.024000167846679688,0,0,0,0,0,0,0,0,0,0,0,0,0,0,0,0,0,0,0,0,1,0
2026-07-14T15:31:00.299+0000,15,1,0,9,0,0,0,1,0,1,7,140,984,999,289.2090001106262,0,0,0,0,0,0,0,0,0,0,0,0,0,0,0,0,0,1,0,0,0,0
2026-07-14T15:31:00.351+0000,15,1,0,3,0,0,0,1,140,983,999,141,985,999,0.0690000057220459,0,0,0,0,0,0,0,0,0,0,0,0,0,0,0,0,0,0,0,0,1,0
2026-07-14T15:31:00.433+0000,15,1,0,3,0,0,0,1,141,984,999,142,986,999,0.0820000171661377,0,0,0,0,0,0,0,0,0,0,0,0,0,0,0,0,0,0,0,0,1,0
2026-07-14T15:31:00.521+0000,15,1,0,3,0,0,0,1,142,985,999,143,987,999,0.08799982070922852,0,0,0,0,0,0,0,0,0,0,0,0,0,0,0,0,0,0,0,0,1,0
2026-07-14T15:31:00.585+0000,15,1,0,3,0,0,0,1,143,986,999,144,988,999,0.06400012969970703,0,0,0,0,0,0,0,0,0,0,0,0,0,0,0,0,0,0,0,0,1,0
2026-07-14T15:31:00.653+0000,15,1,0,3,0,0,0,1,144,987,999,145,989,999,0.06800007820129395,0,0,0,0,0,0,0,0,0,0,0,0,0,0,0,0,0,0,0,0,1,0
2026-07-14T15:31:00.665+0000,15,1,0,3,0,0,0,1,145,988,999,146,990,999,0.011999845504760742,0,0,0,0,0,0,0,0,0,0,0,0,0,0,0,0,0,0,0,0,1,0
2026-07-14T15:31:00.694+0000,15,1,0,3,0,0,0,1,146,989,999,147,991,999,0.029000043869018555,0,0,0,0,0,0,0,0,0,0,0,0,0,0,0,0,0,0,0,0,1,0
2026-07-14T15:31:00.699+0000,15,1,0,3,0,0,0,1,147,990,999,148,992,999,0.004999876022338867,0,0,0,0,0,0,0,0,0,0,0,0,0,0,0,0,0,0,0,0,1,0
2026-07-14T15:31:00.722+0000,15,1,0,3,0,0,0,1,148,991,999,149,993,999,0.023000001907348633,0,0,0,0,0,0,0,0,0,0,0,0,0,0,0,0,0,0,0,0,1,0
2026-07-14T15:31:00.768+0000,15,1,0,3,0,0,0,1,149,992,999,150,994,999,0.046000003814697266,0,0,0,0,0,0,0,0,0,0,0,0,0,0,0,0,0,0,0,0,1,0
2026-07-14T15:31:00.779+0000,15,1,0,3,0,0,0,1,150,993,999,151,995,999,0.01100015640258789,0,0,0,0,0,0,0,0,0,0,0,0,0,0,0,0,0,0,0,0,1,0
2026-07-14T15:31:00.800+0000,15,1,0,3,0,0,0,1,151,994,999,152,996,999,0.020999908447265625,0,0,0,0,0,0,0,0,0,0,0,0,0,0,0,0,0,0,0,0,1,0
2026-07-14T15:31:00.828+0000,15,1,0,3,0,0,0,1,152,995,999,153,997,999,0.0280001163482666,0,0,0,0,0,0,0,0,0,0,0,0,0,0,0,0,0,0,0,0,1,0
2026-07-14T15:31:00.833+0000,15,1,0,3,0,0,0,1,153,996,999,154,998,999,0.004999876022338867,0,0,0,0,0,0,0,0,0,0,0,0,0,0,0,0,0,0,0,0,1,0
2026-07-14T15:31:00.871+0000,15,1,0,3,0,0,0,1,154,997,999,155,999,999,0.03800010681152344,0,0,0,0,0,0,0,0,0,0,0,0,0,0,0,0,0,0,0,0,1,0
2026-07-14T15:31:00.888+0000,15,1,0,3,0,0,0,1,155,998,999,156,999,999,0.01699995994567871,0,0,0,0,0,0,0,0,0,0,0,0,0,0,0,0,0,0,0,0,1,0
2026-07-14T15:31:00.912+0000,15,1,0,3,0,0,0,1,156,999,999,157,999,999,0.023999929428100586,0,0,0,0,0,0,0,0,0,0,0,0,0,0,0,0,0,0,0,0,1,0
2026-07-14T15:31:00.930+0000,15,1,0,3,0,0,0,1,157,999,999,158,999,999,0.018000125885009766,0,0,0,0,0,0,0,0,0,0,0,0,0,0,0,0,0,0,0,0,1,0
2026-07-14T15:31:00.986+0000,15,1,0,3,0,0,0,1,158,999,999,159,999,999,0.0559999942779541,0,0,0,0,0,0,0,0,0,0,0,0,0,0,0,0,0,0,0,0,1,0
2026-07-14T15:31:01.026+0000,15,1,0,3,0,0,0,1,159,999,999,160,999,999,0.039999961853027344,0,0,0,0,0,0,0,0,0,0,0,0,0,0,0,0,0,0,0,0,1,0
2026-07-14T15:31:01.198+0000,15,1,0,3,0,0,0,1,160,999,999,161,999,999,0.17199993133544922,0,0,0,0,0,0,0,0,0,0,0,0,0,0,0,0,0,0,0,0,1,0
2026-07-14T15:31:01.263+0000,15,1,0,3,0,0,0,1,161,999,999,162,999,999,0.06500005722045898,0,0,0,0,0,0,0,0,0,0,0,0,0,0,0,0,0,0,0,0,1,0
2026-07-14T15:31:01.267+0000,15,1,0,3,0,0,0,1,162,999,999,163,999,999,0.003999948501586914,0,0,0,0,0,0,0,0,0,0,0,0,0,0,0,0,0,0,0,0,1,0
2026-07-14T15:31:01.484+0000,15,1,0,3,0,0,0,1,163,999,999,164,999,999,0.21700000762939453,0,0,0,0,0,0,0,0,0,0,0,0,0,0,0,0,0,0,0,0,1,0
2026-07-14T15:31:01.733+0000,15,1,0,3,0,0,0,1,164,999,999,165,999,999,0.24900007247924805,0,0,0,0,0,0,0,0,0,0,0,0,0,0,0,0,0,0,0,0,1,0
2026-07-14T15:31:01.819+0000,15,1,0,3,0,0,0,1,165,999,999,166,999,999,0.08599996566772461,0,0,0,0,0,0,0,0,0,0,0,0,0,0,0,0,0,0,0,0,1,0
2026-07-14T15:31:01.825+0000,15,1,0,3,0,0,0,1,166,999,999,167,999,999,0.006000041961669922,0,0,0,0,0,0,0,0,0,0,0,0,0,0,0,0,0,0,0,0,1,0
2026-07-14T15:31:01.827+0000,15,1,0,3,0,0,0,1,167,999,999,168,999,999,0.0019998550415039062,0,0,0,0,0,0,0,0,0,0,0,0,0,0,0,0,0,0,0,0,1,0
2026-07-14T15:31:01.850+0000,15,1,0,3,0,0,0,1,168,999,999,169,999,999,0.023000001907348633,0,0,0,0,0,0,0,0,0,0,0,0,0,0,0,0,0,0,0,0,1,0
2026-07-14T15:31:01.861+0000,15,1,0,3,0,0,0,1,169,999,999,170,999,999,0.01100015640258789,0,0,0,0,0,0,0,0,0,0,0,0,0,0,0,0,0,0,0,0,1,0
2026-07-14T15:31:01.878+0000,15,1,0,3,0,0,0,1,170,999,999,171,999,999,0.01699995994567871,0,0,0,0,0,0,0,0,0,0,0,0,0,0,0,0,0,0,0,0,1,0
2026-07-14T15:31:01.951+0000,15,1,0,3,0,0,0,1,171,999,999,172,999,999,0.07299995422363281,0,0,0,0,0,0,0,0,0,0,0,0,0,0,0,0,0,0,0,0,1,0
2026-07-14T15:31:02.030+0000,15,1,0,3,0,0,0,1,172,999,999,173,999,999,0.07899999618530273,0,0,0,0,0,0,0,0,0,0,0,0,0,0,0,0,0,0,0,0,1,0
2026-07-14T15:31:02.030+0000,15,1,0,3,0,0,0,1,173,999,999,174,999,999,0.0,0,0,0,0,0,0,0,0,0,0,0,0,0,0,0,0,0,0,0,0,1,0
2026-07-14T15:31:02.190+0000,15,1,0,3,0,0,0,1,174,999,999,175,999,999,0.16000008583068848,0,0,0,0,0,0,0,0,0,0,0,0,0,0,0,0,0,0,0,0,1,0
2026-07-14T15:31:02.211+0000,15,1,0,3,0,0,0,1,175,999,999,176,999,999,0.020999908447265625,0,0,0,0,0,0,0,0,0,0,0,0,0,0,0,0,0,0,0,0,1,0
2026-07-14T15:31:02.235+0000,15,1,0,3,0,0,0,1,176,999,999,177,999,999,0.023999929428100586,0,0,0,0,0,0,0,0,0,0,0,0,0,0,0,0,0,0,0,0,1,0
2026-07-14T15:31:02.248+0000,15,1,0,3,0,0,0,1,177,999,999,178,999,999,0.013000011444091797,0,0,0,0,0,0,0,0,0,0,0,0,0,0,0,0,0,0,0,0,1,0
2026-07-14T15:31:02.253+0000,15,1,0,3,0,0,0,1,178,999,999,179,999,999,0.005000114440917969,0,0,0,0,0,0,0,0,0,0,0,0,0,0,0,0,0,0,0,0,1,0
2026-07-14T15:31:02.302+0000,15,1,0,3,0,0,0,1,179,999,999,180,999,999,0.04900002479553223,0,0,0,0,0,0,0,0,0,0,0,0,0,0,0,0,0,0,0,0,1,0
2026-07-14T15:31:02.363+0000,15,1,0,3,0,0,0,1,180,999,999,181,999,999,0.06099987030029297,0,0,0,0,0,0,0,0,0,0,0,0,0,0,0,0,0,0,0,0,1,0
2026-07-14T15:31:02.543+0000,15,1,0,3,0,0,0,1,181,999,999,182,999,999,0.18000006675720215,0,0,0,0,0,0,0,0,0,0,0,0,0,0,0,0,0,0,0,0,1,0
2026-07-14T15:31:02.552+0000,15,1,0,3,0,0,0,1,182,999,999,183,999,999,0.009000062942504883,0,0,0,0,0,0,0,0,0,0,0,0,0,0,0,0,0,0,0,0,1,0
2026-07-14T15:31:02.553+0000,15,1,0,3,0,0,0,1,183,999,999,184,999,999,0.0009999275207519531,0,0,0,0,0,0,0,0,0,0,0,0,0,0,0,0,0,0,0,0,1,0
2026-07-14T15:31:02.591+0000,15,1,0,3,0,0,0,1,184,999,999,185,999,999,0.03800010681152344,0,0,0,0,0,0,0,0,0,0,0,0,0,0,0,0,0,0,0,0,1,0
2026-07-14T15:31:02.602+0000,15,1,0,3,0,0,0,1,185,999,999,186,999,999,0.010999917984008789,0,0,0,0,0,0,0,0,0,0,0,0,0,0,0,0,0,0,0,0,1,0
2026-07-14T15:31:02.639+0000,15,1,0,3,0,0,0,1,186,999,999,187,999,999,0.03699994087219238,0,0,0,0,0,0,0,0,0,0,0,0,0,0,0,0,0,0,0,0,1,0
2026-07-14T15:31:02.695+0000,15,1,0,3,0,0,0,1,187,999,999,188,999,999,0.0559999942779541,0,0,0,0,0,0,0,0,0,0,0,0,0,0,0,0,0,0,0,0,1,0
2026-07-14T15:31:02.698+0000,15,1,0,3,0,0,0,1,188,999,999,189,999,999,0.003000020980834961,0,0,0,0,0,0,0,0,0,0,0,0,0,0,0,0,0,0,0,0,1,0
2026-07-14T15:31:02.737+0000,15,1,0,3,0,0,0,1,189,999,999,190,999,999,0.03900003433227539,0,0,0,0,0,0,0,0,0,0,0,0,0,0,0,0,0,0,0,0,1,0
2026-07-14T15:31:02.801+0000,15,1,0,3,0,0,0,1,190,999,999,191,999,999,0.06400012969970703,0,0,0,0,0,0,0,0,0,0,0,0,0,0,0,0,0,0,0,0,1,0
2026-07-14T15:31:02.899+0000,15,1,0,3,0,0,0,1,191,999,999,192,999,999,0.09799981117248535,0,0,0,0,0,0,0,0,0,0,0,0,0,0,0,0,0,0,0,0,1,0
2026-07-14T15:31:02.988+0000,15,1,0,3,0,0,0,1,192,999,999,193,999,999,0.08899998664855957,0,0,0,0,0,0,0,0,0,0,0,0,0,0,0,0,0,0,0,0,1,0
2026-07-14T15:31:02.999+0000,15,1,0,3,0,0,0,1,193,999,999,194,999,999,0.01100015640258789,0,0,0,0,0,0,0,0,0,0,0,0,0,0,0,0,0,0,0,0,1,0
2026-07-14T15:31:03.014+0000,15,1,0,3,0,0,0,1,194,999,999,195,999,999,0.014999866485595703,0,0,0,0,0,0,0,0,0,0,0,0,0,0,0,0,0,0,0,0,1,0
2026-07-14T15:31:03.039+0000,15,1,0,3,0,0,0,1,195,999,999,196,999,999,0.02500009536743164,0,0,0,0,0,0,0,0,0,0,0,0,0,0,0,0,0,0,0,0,1,0
2026-07-14T15:31:03.104+0000,15,1,0,3,0,0,0,1,196,999,999,197,999,999,0.06500005722045898,0,0,0,0,0,0,0,0,0,0,0,0,0,0,0,0,0,0,0,0,1,0
2026-07-14T15:31:03.143+0000,15,1,0,3,0,0,0,1,197,999,999,198,999,999,0.03899979591369629,0,0,0,0,0,0,0,0,0,0,0,0,0,0,0,0,0,0,0,0,1,0
2026-07-14T15:31:03.173+0000,15,1,0,3,0,0,0,1,198,999,999,199,999,999,0.03000020980834961,0,0,0,0,0,0,0,0,0,0,0,0,0,0,0,0,0,0,0,0,1,0
2026-07-14T15:31:03.212+0000,15,1,0,3,0,0,0,1,199,999,999,200,999,999,0.03899979591369629,0,0,0,0,0,0,0,0,0,0,0,0,0,0,0,0,0,0,0,0,1,0
2026-07-14T15:31:03.213+0000,15,1,0,3,0,0,0,1,200,999,999,201,999,999,0.0010001659393310547,0,0,0,0,0,0,0,0,0,0,0,0,0,0,0,0,0,0,0,0,1,0
2026-07-14T15:31:03.249+0000,15,1,0,3,0,0,0,1,201,999,999,202,999,999,0.03600001335144043,0,0,0,0,0,0,0,0,0,0,0,0,0,0,0,0,0,0,0,0,1,0
2026-07-14T15:31:03.292+0000,15,1,0,3,0,0,0,1,202,999,999,203,999,999,0.042999982833862305,0,0,0,0,0,0,0,0,0,0,0,0,0,0,0,0,0,0,0,0,1,0
2026-07-14T15:31:03.347+0000,15,1,0,3,0,0,0,1,203,999,999,204,999,999,0.05499982833862305,0,0,0,0,0,0,0,0,0,0,0,0,0,0,0,0,0,0,0,0,1,0
2026-07-14T15:31:03.361+0000,15,1,0,3,0,0,0,1,204,999,999,205,999,999,0.014000177383422852,0,0,0,0,0,0,0,0,0,0,0,0,0,0,0,0,0,0,0,0,1,0
2026-07-14T15:31:03.396+0000,15,1,0,3,0,0,0,1,205,999,999,206,999,999,0.034999847412109375,0,0,0,0,0,0,0,0,0,0,0,0,0,0,0,0,0,0,0,0,1,0
2026-07-14T15:31:03.427+0000,15,1,0,3,0,0,0,1,206,999,999,207,999,999,0.031000137329101562,0,0,0,0,0,0,0,0,0,0,0,0,0,0,0,0,0,0,0,0,1,0
2026-07-14T15:31:03.457+0000,15,1,0,3,0,0,0,1,207,999,999,208,999,999,0.029999971389770508,0,0,0,0,0,0,0,0,0,0,0,0,0,0,0,0,0,0,0,0,1,0
2026-07-14T15:31:03.487+0000,15,1,0,3,0,0,0,1,208,999,999,209,999,999,0.029999971389770508,0,0,0,0,0,0,0,0,0,0,0,0,0,0,0,0,0,0,0,0,1,0
2026-07-14T15:31:03.503+0000,15,1,0,3,0,0,0,1,209,999,999,210,999,999,0.016000032424926758,0,0,0,0,0,0,0,0,0,0,0,0,0,0,0,0,0,0,0,0,1,0
2026-07-14T15:31:03.613+0000,15,1,0,3,0,0,0,1,210,999,999,211,999,999,0.1099998950958252,0,0,0,0,0,0,0,0,0,0,0,0,0,0,0,0,0,0,0,0,1,0
2026-07-14T15:31:03.684+0000,15,1,0,3,0,0,0,1,211,999,999,212,999,999,0.0710000991821289,0,0,0,0,0,0,0,0,0,0,0,0,0,0,0,0,0,0,0,0,1,0
2026-07-14T15:31:03.760+0000,15,1,0,3,0,0,0,1,212,999,999,213,999,999,0.07599997520446777,0,0,0,0,0,0,0,0,0,0,0,0,0,0,0,0,0,0,0,0,1,0
2026-07-14T15:31:03.892+0000,15,1,0,3,0,0,0,1,213,999,999,214,999,999,0.13199996948242188,0,0,0,0,0,0,0,0,0,0,0,0,0,0,0,0,0,0,0,0,1,0
2026-07-14T15:31:03.951+0000,15,1,0,3,0,0,0,1,214,999,999,215,999,999,0.05900001525878906,0,0,0,0,0,0,0,0,0,0,0,0,0,0,0,0,0,0,0,0,1,0
2026-07-14T15:31:03.963+0000,15,1,0,3,0,0,0,1,215,999,999,216,999,999,0.012000083923339844,0,0,0,0,0,0,0,0,0,0,0,0,0,0,0,0,0,0,0,0,1,0
2026-07-14T15:31:03.988+0000,15,1,0,3,0,0,0,1,216,999,999,217,999,999,0.02499985694885254,0,0,0,0,0,0,0,0,0,0,0,0,0,0,0,0,0,0,0,0,1,0
2026-07-14T15:31:04.010+0000,15,1,0,3,0,0,0,1,217,999,999,218,999,999,0.02200007438659668,0,0,0,0,0,0,0,0,0,0,0,0,0,0,0,0,0,0,0,0,1,0
2026-07-14T15:31:04.049+0000,15,1,0,3,0,0,0,1,218,999,999,219,999,999,0.03900003433227539,0,0,0,0,0,0,0,0,0,0,0,0,0,0,0,0,0,0,0,0,1,0
2026-07-14T15:31:04.050+0000,15,1,0,3,0,0,0,1,219,999,999,220,999,999,0.0009999275207519531,0,0,0,0,0,0,0,0,0,0,0,0,0,0,0,0,0,0,0,0,1,0
2026-07-14T15:31:04.072+0000,15,1,0,3,0,0,0,1,220,999,999,221,999,999,0.02200007438659668,0,0,0,0,0,0,0,0,0,0,0,0,0,0,0,0,0,0,0,0,1,0
2026-07-14T15:31:04.093+0000,15,1,0,3,0,0,0,1,221,999,999,222,999,999,0.020999908447265625,0,0,0,0,0,0,0,0,0,0,0,0,0,0,0,0,0,0,0,0,1,0
2026-07-14T15:31:04.100+0000,15,1,0,3,0,0,0,1,222,999,999,223,999,999,0.006999969482421875,0,0,0,0,0,0,0,0,0,0,0,0,0,0,0,0,0,0,0,0,1,0
2026-07-14T15:31:04.138+0000,15,1,0,3,0,0,0,1,223,999,999,224,999,999,0.03800010681152344,0,0,0,0,0,0,0,0,0,0,0,0,0,0,0,0,0,0,0,0,1,0
2026-07-14T15:31:04.235+0000,15,1,0,3,0,0,0,1,224,999,999,225,999,999,0.0969998836517334,0,0,0,0,0,0,0,0,0,0,0,0,0,0,0,0,0,0,0,0,1,0
2026-07-14T15:31:04.380+0000,15,1,0,3,0,0,0,1,225,999,999,226,999,999,0.14500021934509277,0,0,0,0,0,0,0,0,0,0,0,0,0,0,0,0,0,0,0,0,1,0
2026-07-14T15:31:04.550+0000,15,1,0,3,0,0,0,1,226,999,999,227,999,999,0.1699998378753662,0,0,0,0,0,0,0,0,0,0,0,0,0,0,0,0,0,0,0,0,1,0
2026-07-14T15:31:04.603+0000,15,1,0,3,0,0,0,1,227,999,999,228,999,999,0.05299997329711914,0,0,0,0,0,0,0,0,0,0,0,0,0,0,0,0,0,0,0,0,1,0
2026-07-14T15:31:04.623+0000,15,1,0,3,0,0,0,1,228,999,999,229,999,999,0.019999980926513672,0,0,0,0,0,0,0,0,0,0,0,0,0,0,0,0,0,0,0,0,1,0
2026-07-14T15:31:04.623+0000,15,1,0,3,0,0,0,1,229,999,999,230,999,999,0.0,0,0,0,0,0,0,0,0,0,0,0,0,0,0,0,0,0,0,0,0,1,0
2026-07-14T15:31:04.658+0000,15,1,0,3,0,0,0,1,230,999,999,231,999,999,0.03500008583068848,0,0,0,0,0,0,0,0,0,0,0,0,0,0,0,0,0,0,0,0,1,0
2026-07-14T15:31:04.691+0000,15,1,0,3,0,0,0,1,231,999,999,232,999,999,0.03299999237060547,0,0,0,0,0,0,0,0,0,0,0,0,0,0,0,0,0,0,0,0,1,0
2026-07-14T15:31:04.813+0000,15,1,0,3,0,0,0,1,232,999,999,233,999,999,0.12199997901916504,0,0,0,0,0,0,0,0,0,0,0,0,0,0,0,0,0,0,0,0,1,0
2026-07-14T15:31:04.834+0000,15,1,0,3,0,0,0,1,233,999,999,234,999,999,0.021000146865844727,0,0,0,0,0,0,0,0,0,0,0,0,0,0,0,0,0,0,0,0,1,0
2026-07-14T15:31:04.859+0000,15,1,0,3,0,0,0,1,234,999,999,235,999,999,0.02499985694885254,0,0,0,0,0,0,0,0,0,0,0,0,0,0,0,0,0,0,0,0,1,0
2026-07-14T15:31:04.885+0000,15,1,0,3,0,0,0,1,235,999,999,236,999,999,0.026000022888183594,0,0,0,0,0,0,0,0,0,0,0,0,0,0,0,0,0,0,0,0,1,0
2026-07-14T15:31:04.888+0000,15,1,0,3,0,0,0,1,236,999,999,237,999,999,0.003000020980834961,0,0,0,0,0,0,0,0,0,0,0,0,0,0,0,0,0,0,0,0,1,0
2026-07-14T15:31:05.027+0000,15,1,0,3,0,0,0,1,237,999,999,238,999,999,0.13899993896484375,0,0,0,0,0,0,0,0,0,0,0,0,0,0,0,0,0,0,0,0,1,0
2026-07-14T15:31:05.068+0000,15,1,0,3,0,0,0,1,238,999,999,239,999,999,0.0410001277923584,0,0,0,0,0,0,0,0,0,0,0,0,0,0,0,0,0,0,0,0,1,0
2026-07-14T15:31:05.082+0000,15,1,0,3,0,0,0,1,239,999,999,240,999,999,0.01399993896484375,0,0,0,0,0,0,0,0,0,0,0,0,0,0,0,0,0,0,0,0,1,0
2026-07-14T15:31:05.101+0000,15,1,0,3,0,0,0,1,240,999,999,241,999,999,0.01900005340576172,0,0,0,0,0,0,0,0,0,0,0,0,0,0,0,0,0,0,0,0,1,0
2026-07-14T15:31:05.126+0000,15,1,0,3,0,0,0,1,241,999,999,242,999,999,0.02499985694885254,0,0,0,0,0,0,0,0,0,0,0,0,0,0,0,0,0,0,0,0,1,0
2026-07-14T15:31:05.186+0000,15,1,0,3,0,0,0,1,242,999,999,243,999,999,0.06000018119812012,0,0,0,0,0,0,0,0,0,0,0,0,0,0,0,0,0,0,0,0,1,0
2026-07-14T15:31:05.275+0000,15,1,0,3,0,0,0,1,243,999,999,244,999,999,0.08899998664855957,0,0,0,0,0,0,0,0,0,0,0,0,0,0,0,0,0,0,0,0,1,0
2026-07-14T15:31:05.321+0000,15,1,0,3,0,0,0,1,244,999,999,245,999,999,0.046000003814697266,0,0,0,0,0,0,0,0,0,0,0,0,0,0,0,0,0,0,0,0,1,0
2026-07-14T15:31:05.349+0000,15,1,0,3,0,0,0,1,245,999,999,246,999,999,0.0279998779296875,0,0,0,0,0,0,0,0,0,0,0,0,0,0,0,0,0,0,0,0,1,0
2026-07-14T15:31:05.402+0000,15,1,0,3,0,0,0,1,246,999,999,247,999,999,0.05299997329711914,0,0,0,0,0,0,0,0,0,0,0,0,0,0,0,0,0,0,0,0,1,0
2026-07-14T15:31:05.414+0000,15,1,0,3,0,0,0,1,247,999,999,248,999,999,0.012000083923339844,0,0,0,0,0,0,0,0,0,0,0,0,0,0,0,0,0,0,0,0,1,0
2026-07-14T15:31:05.415+0000,15,1,0,3,0,0,0,1,248,999,999,249,999,999,0.0009999275207519531,0,0,0,0,0,0,0,0,0,0,0,0,0,0,0,0,0,0,0,0,1,0
2026-07-14T15:31:05.625+0000,15,1,0,3,0,0,0,1,249,999,999,250,999,999,0.21000003814697266,0,0,0,0,0,0,0,0,0,0,0,0,0,0,0,0,0,0,0,0,1,0
2026-07-14T15:31:05.642+0000,15,1,0,3,0,0,0,1,250,999,999,251,999,999,0.01699995994567871,0,0,0,0,0,0,0,0,0,0,0,0,0,0,0,0,0,0,0,0,1,0
2026-07-14T15:31:05.686+0000,15,1,0,3,0,0,0,1,251,999,999,252,999,999,0.04400014877319336,0,0,0,0,0,0,0,0,0,0,0,0,0,0,0,0,0,0,0,0,1,0
2026-07-14T15:31:05.700+0000,15,1,0,3,0,0,0,1,252,999,999,253,999,999,0.01399993896484375,0,0,0,0,0,0,0,0,0,0,0,0,0,0,0,0,0,0,0,0,1,0
2026-07-14T15:31:05.758+0000,15,1,0,3,0,0,0,1,253,999,999,254,999,999,0.05799984931945801,0,0,0,0,0,0,0,0,0,0,0,0,0,0,0,0,0,0,0,0,1,0
2026-07-14T15:31:05.758+0000,15,1,0,3,0,0,0,1,254,999,999,255,999,999,0.0,0,0,0,0,0,0,0,0,0,0,0,0,0,0,0,0,0,0,0,0,1,0
2026-07-14T15:31:05.815+0000,15,1,0,3,0,0,0,1,255,999,999,256,999,999,0.057000160217285156,0,0,0,0,0,0,0,0,0,0,0,0,0,0,0,0,0,0,0,0,1,0
2026-07-14T15:31:05.815+0000,15,1,0,3,0,0,0,1,256,999,999,257,999,999,0.0,0,0,0,0,0,0,0,0,0,0,0,0,0,0,0,0,0,0,0,0,1,0
2026-07-14T15:31:05.815+0000,15,1,0,3,0,0,0,1,257,999,999,258,999,999,0.0,0,0,0,0,0,0,0,0,0,0,0,0,0,0,0,0,0,0,0,0,1,0
2026-07-14T15:31:05.988+0000,15,1,0,3,0,0,0,1,258,999,999,259,999,999,0.17299985885620117,0,0,0,0,0,0,0,0,0,0,0,0,0,0,0,0,0,0,0,0,1,0
2026-07-14T15:31:05.995+0000,15,1,0,3,0,0,0,1,259,999,999,260,999,999,0.006999969482421875,0,0,0,0,0,0,0,0,0,0,0,0,0,0,0,0,0,0,0,0,1,0
2026-07-14T15:31:06.046+0000,15,1,0,3,0,0,0,1,260,999,999,261,999,999,0.051000118255615234,0,0,0,0,0,0,0,0,0,0,0,0,0,0,0,0,0,0,0,0,1,0
2026-07-14T15:31:06.073+0000,15,1,0,3,0,0,0,1,261,999,999,262,999,999,0.026999950408935547,0,0,0,0,0,0,0,0,0,0,0,0,0,0,0,0,0,0,0,0,1,0
2026-07-14T15:31:06.077+0000,15,1,0,3,0,0,0,1,262,999,999,263,999,999,0.003999948501586914,0,0,0,0,0,0,0,0,0,0,0,0,0,0,0,0,0,0,0,0,1,0
2026-07-14T15:31:06.106+0000,15,1,0,3,0,0,0,1,263,999,999,264,999,999,0.029000043869018555,0,0,0,0,0,0,0,0,0,0,0,0,0,0,0,0,0,0,0,0,1,0
2026-07-14T15:31:06.108+0000,15,1,0,3,0,0,0,1,264,999,999,265,999,999,0.002000093460083008,0,0,0,0,0,0,0,0,0,0,0,0,0,0,0,0,0,0,0,0,1,0
2026-07-14T15:31:06.186+0000,15,1,0,3,0,0,0,1,265,999,999,266,999,999,0.07800006866455078,0,0,0,0,0,0,0,0,0,0,0,0,0,0,0,0,0,0,0,0,1,0
2026-07-14T15:31:06.225+0000,15,1,0,3,0,0,0,1,266,999,999,267,999,999,0.03899979591369629,0,0,0,0,0,0,0,0,0,0,0,0,0,0,0,0,0,0,0,0,1,0
2026-07-14T15:31:06.228+0000,15,1,0,3,0,0,0,1,267,999,999,268,999,999,0.003000020980834961,0,0,0,0,0,0,0,0,0,0,0,0,0,0,0,0,0,0,0,0,1,0
2026-07-14T15:31:06.282+0000,15,1,0,3,0,0,0,1,268,999,999,269,999,999,0.054000139236450195,0,0,0,0,0,0,0,0,0,0,0,0,0,0,0,0,0,0,0,0,1,0
2026-07-14T15:31:06.338+0000,15,1,0,3,0,0,0,1,269,999,999,270,999,999,0.0559999942779541,0,0,0,0,0,0,0,0,0,0,0,0,0,0,0,0,0,0,0,0,1,0
2026-07-14T15:31:06.389+0000,15,1,0,3,0,0,0,1,270,999,999,271,999,999,0.05099987983703613,0,0,0,0,0,0,0,0,0,0,0,0,0,0,0,0,0,0,0,0,1,0
2026-07-14T15:31:06.414+0000,15,1,0,3,0,0,0,1,271,999,999,272,999,999,0.02500009536743164,0,0,0,0,0,0,0,0,0,0,0,0,0,0,0,0,0,0,0,0,1,0
2026-07-14T15:31:06.463+0000,15,1,0,3,0,0,0,1,272,999,999,273,999,999,0.04900002479553223,0,0,0,0,0,0,0,0,0,0,0,0,0,0,0,0,0,0,0,0,1,0
2026-07-14T15:31:06.504+0000,15,1,0,9,0,0,0,1,1,2,8,274,999,999,6.204999923706055,0,0,0,0,0,0,0,0,0,0,0,0,0,0,0,0,0,1,0,0,0,0
2026-07-14T15:31:06.667+0000,15,1,0,3,0,0,0,1,273,999,999,275,999,999,0.20399999618530273,0,0,0,0,0,0,0,0,0,0,0,0,0,0,0,0,0,0,0,0,1,0
2026-07-14T15:31:06.677+0000,15,1,0,3,0,0,0,1,274,999,999,276,999,999,0.009999990463256836,0,0,0,0,0,0,0,0,0,0,0,0,0,0,0,0,0,0,0,0,1,0
2026-07-14T15:31:06.687+0000,15,1,0,3,0,0,0,1,275,999,999,277,999,999,0.009999990463256836,0,0,0,0,0,0,0,0,0,0,0,0,0,0,0,0,0,0,0,0,1,0
2026-07-14T15:31:06.722+0000,15,1,0,3,0,0,0,1,276,999,999,278,999,999,0.034999847412109375,0,0,0,0,0,0,0,0,0,0,0,0,0,0,0,0,0,0,0,0,1,0
2026-07-14T15:31:06.774+0000,15,1,0,3,0,0,0,1,277,999,999,279,999,999,0.05200004577636719,0,0,0,0,0,0,0,0,0,0,0,0,0,0,0,0,0,0,0,0,1,0
2026-07-14T15:31:06.805+0000,15,1,0,3,0,0,0,1,278,999,999,280,999,999,0.031000137329101562,0,0,0,0,0,0,0,0,0,0,0,0,0,0,0,0,0,0,0,0,1,0
2026-07-14T15:31:06.968+0000,15,1,0,3,0,0,0,1,279,999,999,281,999,999,0.16299986839294434,0,0,0,0,0,0,0,0,0,0,0,0,0,0,0,0,0,0,0,0,1,0
2026-07-14T15:31:06.988+0000,15,1,0,3,0,0,0,1,280,999,999,282,999,999,0.019999980926513672,0,0,0,0,0,0,0,0,0,0,0,0,0,0,0,0,0,0,0,0,1,0
2026-07-14T15:31:07.001+0000,15,1,0,3,0,0,0,1,281,999,999,283,999,999,0.013000011444091797,0,0,0,0,0,0,0,0,0,0,0,0,0,0,0,0,0,0,0,0,1,0
2026-07-14T15:31:07.011+0000,15,1,0,3,0,0,0,1,282,999,999,284,999,999,0.009999990463256836,0,0,0,0,0,0,0,0,0,0,0,0,0,0,0,0,0,0,0,0,1,0
2026-07-14T15:31:07.090+0000,15,1,0,3,0,0,0,1,283,999,999,285,999,999,0.07899999618530273,0,0,0,0,0,0,0,0,0,0,0,0,0,0,0,0,0,0,0,0,1,0
2026-07-14T15:31:07.162+0000,15,1,0,3,0,0,0,1,284,999,999,286,999,999,0.07200002670288086,0,0,0,0,0,0,0,0,0,0,0,0,0,0,0,0,0,0,0,0,1,0
2026-07-14T15:31:07.169+0000,15,1,0,3,0,0,0,1,285,999,999,287,999,999,0.006999969482421875,0,0,0,0,0,0,0,0,0,0,0,0,0,0,0,0,0,0,0,0,1,0
2026-07-14T15:31:07.244+0000,15,1,0,3,0,0,0,1,286,999,999,288,999,999,0.07500004768371582,0,0,0,0,0,0,0,0,0,0,0,0,0,0,0,0,0,0,0,0,1,0
2026-07-14T15:31:07.285+0000,15,1,0,3,0,0,0,1,287,999,999,289,999,999,0.0410001277923584,0,0,0,0,0,0,0,0,0,0,0,0,0,0,0,0,0,0,0,0,1,0
2026-07-14T15:31:07.314+0000,15,1,0,3,0,0,0,1,288,999,999,290,999,999,0.028999805450439453,0,0,0,0,0,0,0,0,0,0,0,0,0,0,0,0,0,0,0,0,1,0
2026-07-14T15:31:07.348+0000,15,1,0,3,0,0,0,1,289,999,999,291,999,999,0.03400015830993652,0,0,0,0,0,0,0,0,0,0,0,0,0,0,0,0,0,0,0,0,1,0
2026-07-14T15:31:07.372+0000,15,1,0,3,0,0,0,1,290,999,999,292,999,999,0.023999929428100586,0,0,0,0,0,0,0,0,0,0,0,0,0,0,0,0,0,0,0,0,1,0
2026-07-14T15:31:07.402+0000,15,1,0,3,0,0,0,1,291,999,999,293,999,999,0.029999971389770508,0,0,0,0,0,0,0,0,0,0,0,0,0,0,0,0,0,0,0,0,1,0
2026-07-14T15:31:07.410+0000,15,1,0,3,0,0,0,1,292,999,999,294,999,999,0.00800013542175293,0,0,0,0,0,0,0,0,0,0,0,0,0,0,0,0,0,0,0,0,1,0
2026-07-14T15:31:07.413+0000,15,1,0,3,0,0,0,1,293,999,999,295,999,999,0.003000020980834961,0,0,0,0,0,0,0,0,0,0,0,0,0,0,0,0,0,0,0,0,1,0
2026-07-14T15:31:07.549+0000,15,1,0,3,0,0,0,1,294,999,999,296,999,999,0.1359999179840088,0,0,0,0,0,0,0,0,0,0,0,0,0,0,0,0,0,0,0,0,1,0
2026-07-14T15:31:07.620+0000,15,1,0,3,0,0,0,1,295,999,999,297,999,999,0.0709998607635498,0,0,0,0,0,0,0,0,0,0,0,0,0,0,0,0,0,0,0,0,1,0
2026-07-14T15:31:07.682+0000,15,1,0,3,0,0,0,1,296,999,999,298,999,999,0.06200003623962402,0,0,0,0,0,0,0,0,0,0,0,0,0,0,0,0,0,0,0,0,1,0
2026-07-14T15:31:07.720+0000,15,1,0,3,0,0,0,1,297,999,999,299,999,999,0.03800010681152344,0,0,0,0,0,0,0,0,0,0,0,0,0,0,0,0,0,0,0,0,1,0
2026-07-14T15:31:07.730+0000,15,1,0,3,0,0,0,1,298,999,999,300,999,999,0.009999990463256836,0,0,0,0,0,0,0,0,0,0,0,0,0,0,0,0,0,0,0,0,1,0
2026-07-14T15:31:07.753+0000,15,1,0,3,0,0,0,1,299,999,999,301,999,999,0.023000001907348633,0,0,0,0,0,0,0,0,0,0,0,0,0,0,0,0,0,0,0,0,1,0
2026-07-14T15:31:07.754+0000,15,1,0,3,0,0,0,1,300,999,999,302,999,999,0.0009999275207519531,0,0,0,0,0,0,0,0,0,0,0,0,0,0,0,0,0,0,0,0,1,0
2026-07-14T15:31:07.759+0000,15,1,0,3,0,0,0,1,301,999,999,303,999,999,0.005000114440917969,0,0,0,0,0,0,0,0,0,0,0,0,0,0,0,0,0,0,0,0,1,0
2026-07-14T15:31:07.848+0000,15,1,0,3,0,0,0,1,302,999,999,304,999,999,0.08899998664855957,0,0,0,0,0,0,0,0,0,0,0,0,0,0,0,0,0,0,0,0,1,0
2026-07-14T15:31:07.875+0000,15,1,0,3,0,0,0,1,303,999,999,305,999,999,0.026999950408935547,0,0,0,0,0,0,0,0,0,0,0,0,0,0,0,0,0,0,0,0,1,0
2026-07-14T15:31:07.917+0000,15,1,0,3,0,0,0,1,304,999,999,306,999,999,0.04200005531311035,0,0,0,0,0,0,0,0,0,0,0,0,0,0,0,0,0,0,0,0,1,0
2026-07-14T15:31:07.922+0000,15,1,0,3,0,0,0,1,305,999,999,307,999,999,0.004999876022338867,0,0,0,0,0,0,0,0,0,0,0,0,0,0,0,0,0,0,0,0,1,0
2026-07-14T15:31:07.923+0000,15,1,0,3,0,0,0,1,306,999,999,308,999,999,0.0010001659393310547,0,0,0,0,0,0,0,0,0,0,0,0,0,0,0,0,0,0,0,0,1,0
2026-07-14T15:31:07.989+0000,15,1,0,3,0,0,0,1,307,999,999,309,999,999,0.06599998474121094,0,0,0,0,0,0,0,0,0,0,0,0,0,0,0,0,0,0,0,0,1,0
2026-07-14T15:31:07.996+0000,15,1,0,3,0,0,0,1,308,999,999,310,999,999,0.006999969482421875,0,0,0,0,0,0,0,0,0,0,0,0,0,0,0,0,0,0,0,0,1,0
2026-07-14T15:31:07.998+0000,15,1,0,3,0,0,0,1,309,999,999,311,999,999,0.0019998550415039062,0,0,0,0,0,0,0,0,0,0,0,0,0,0,0,0,0,0,0,0,1,0
2026-07-14T15:31:08.044+0000,15,1,0,3,0,0,0,1,310,999,999,312,999,999,0.046000003814697266,0,0,0,0,0,0,0,0,0,0,0,0,0,0,0,0,0,0,0,0,1,0
2026-07-14T15:31:08.078+0000,15,1,0,3,0,0,0,1,311,999,999,313,999,999,0.03400015830993652,0,0,0,0,0,0,0,0,0,0,0,0,0,0,0,0,0,0,0,0,1,0
2026-07-14T15:31:08.132+0000,15,1,0,3,0,0,0,1,312,999,999,314,999,999,0.053999900817871094,0,0,0,0,0,0,0,0,0,0,0,0,0,0,0,0,0,0,0,0,1,0
2026-07-14T15:31:08.227+0000,15,1,0,3,0,0,0,1,313,999,999,315,999,999,0.09500002861022949,0,0,0,0,0,0,0,0,0,0,0,0,0,0,0,0,0,0,0,0,1,0
2026-07-14T15:31:08.229+0000,15,1,0,3,0,0,0,1,314,999,999,316,999,999,0.002000093460083008,0,0,0,0,0,0,0,0,0,0,0,0,0,0,0,0,0,0,0,0,1,0
2026-07-14T15:31:08.267+0000,15,1,0,3,0,0,0,1,315,999,999,317,999,999,0.037999868392944336,0,0,0,0,0,0,0,0,0,0,0,0,0,0,0,0,0,0,0,0,1,0
2026-07-14T15:31:08.280+0000,15,1,0,3,0,0,0,1,316,999,999,318,999,999,0.013000011444091797,0,0,0,0,0,0,0,0,0,0,0,0,0,0,0,0,0,0,0,0,1,0
2026-07-14T15:31:08.304+0000,15,1,0,3,0,0,0,1,317,999,999,319,999,999,0.023999929428100586,0,0,0,0,0,0,0,0,0,0,0,0,0,0,0,0,0,0,0,0,1,0
2026-07-14T15:31:08.306+0000,15,1,0,3,0,0,0,1,318,999,999,320,999,999,0.002000093460083008,0,0,0,0,0,0,0,0,0,0,0,0,0,0,0,0,0,0,0,0,1,0
2026-07-14T15:31:08.347+0000,15,1,0,3,0,0,0,1,319,999,999,321,999,999,0.0409998893737793,0,0,0,0,0,0,0,0,0,0,0,0,0,0,0,0,0,0,0,0,1,0
2026-07-14T15:31:08.371+0000,15,1,0,3,0,0,0,1,320,999,999,322,999,999,0.024000167846679688,0,0,0,0,0,0,0,0,0,0,0,0,0,0,0,0,0,0,0,0,1,0
2026-07-14T15:31:08.431+0000,15,1,0,3,0,0,0,1,321,999,999,323,999,999,0.059999942779541016,0,0,0,0,0,0,0,0,0,0,0,0,0,0,0,0,0,0,0,0,1,0
2026-07-14T15:31:08.499+0000,15,1,0,3,0,0,0,1,322,999,999,324,999,999,0.06800007820129395,0,0,0,0,0,0,0,0,0,0,0,0,0,0,0,0,0,0,0,0,1,0
2026-07-14T15:31:08.503+0000,15,1,0,3,0,0,0,1,323,999,999,325,999,999,0.003999948501586914,0,0,0,0,0,0,0,0,0,0,0,0,0,0,0,0,0,0,0,0,1,0
2026-07-14T15:31:08.510+0000,15,1,0,3,0,0,0,1,324,999,999,326,999,999,0.006999969482421875,0,0,0,0,0,0,0,0,0,0,0,0,0,0,0,0,0,0,0,0,1,0
2026-07-14T15:31:08.516+0000,15,1,0,3,0,0,0,1,325,999,999,327,999,999,0.006000041961669922,0,0,0,0,0,0,0,0,0,0,0,0,0,0,0,0,0,0,0,0,1,0
2026-07-14T15:31:08.542+0000,15,1,0,3,0,0,0,1,326,999,999,328,999,999,0.026000022888183594,0,0,0,0,0,0,0,0,0,0,0,0,0,0,0,0,0,0,0,0,1,0
2026-07-14T15:31:08.587+0000,15,1,0,3,0,0,0,1,327,999,999,329,999,999,0.04499983787536621,0,0,0,0,0,0,0,0,0,0,0,0,0,0,0,0,0,0,0,0,1,0
2026-07-14T15:31:08.591+0000,15,1,0,3,0,0,0,1,328,999,999,330,999,999,0.004000186920166016,0,0,0,0,0,0,0,0,0,0,0,0,0,0,0,0,0,0,0,0,1,0
2026-07-14T15:31:08.614+0000,15,1,0,3,0,0,0,1,329,999,999,331,999,999,0.023000001907348633,0,0,0,0,0,0,0,0,0,0,0,0,0,0,0,0,0,0,0,0,1,0
2026-07-14T15:31:08.794+0000,15,1,0,3,0,0,0,1,330,999,999,332,999,999,0.17999982833862305,0,0,0,0,0,0,0,0,0,0,0,0,0,0,0,0,0,0,0,0,1,0
2026-07-14T15:31:08.819+0000,15,1,0,3,0,0,0,1,331,999,999,333,999,999,0.02500009536743164,0,0,0,0,0,0,0,0,0,0,0,0,0,0,0,0,0,0,0,0,1,0
2026-07-14T15:31:08.885+0000,15,1,0,3,0,0,0,1,332,999,999,334,999,999,0.06599998474121094,0,0,0,0,0,0,0,0,0,0,0,0,0,0,0,0,0,0,0,0,1,0
2026-07-14T15:31:08.915+0000,15,1,0,3,0,0,0,1,333,999,999,335,999,999,0.029999971389770508,0,0,0,0,0,0,0,0,0,0,0,0,0,0,0,0,0,0,0,0,1,0
2026-07-14T15:31:08.916+0000,15,1,0,3,0,0,0,1,334,999,999,336,999,999,0.0009999275207519531,0,0,0,0,0,0,0,0,0,0,0,0,0,0,0,0,0,0,0,0,1,0
2026-07-14T15:31:09.004+0000,15,1,0,3,0,0,0,1,335,999,999,337,999,999,0.08800005912780762,0,0,0,0,0,0,0,0,0,0,0,0,0,0,0,0,0,0,0,0,1,0
2026-07-14T15:31:09.024+0000,15,1,0,3,0,0,0,1,336,999,999,338,999,999,0.019999980926513672,0,0,0,0,0,0,0,0,0,0,0,0,0,0,0,0,0,0,0,0,1,0
2026-07-14T15:31:09.050+0000,15,1,0,3,0,0,0,1,337,999,999,339,999,999,0.026000022888183594,0,0,0,0,0,0,0,0,0,0,0,0,0,0,0,0,0,0,0,0,1,0
2026-07-14T15:31:09.050+0000,15,1,0,3,0,0,0,1,338,999,999,340,999,999,0.0,0,0,0,0,0,0,0,0,0,0,0,0,0,0,0,0,0,0,0,0,1,0
2026-07-14T15:31:09.072+0000,15,1,0,3,0,0,0,1,339,999,999,341,999,999,0.02200007438659668,0,0,0,0,0,0,0,0,0,0,0,0,0,0,0,0,0,0,0,0,1,0
2026-07-14T15:31:09.158+0000,15,1,0,3,0,0,0,1,340,999,999,342,999,999,0.08599996566772461,0,0,0,0,0,0,0,0,0,0,0,0,0,0,0,0,0,0,0,0,1,0
2026-07-14T15:31:09.212+0000,15,1,0,3,0,0,0,1,341,999,999,343,999,999,0.053999900817871094,0,0,0,0,0,0,0,0,0,0,0,0,0,0,0,0,0,0,0,0,1,0
2026-07-14T15:31:09.254+0000,15,1,0,3,0,0,0,1,342,999,999,344,999,999,0.04200005531311035,0,0,0,0,0,0,0,0,0,0,0,0,0,0,0,0,0,0,0,0,1,0
2026-07-14T15:31:09.274+0000,15,1,0,3,0,0,0,1,343,999,999,345,999,999,0.019999980926513672,0,0,0,0,0,0,0,0,0,0,0,0,0,0,0,0,0,0,0,0,1,0
2026-07-14T15:31:09.276+0000,15,1,0,3,0,0,0,1,344,999,999,346,999,999,0.002000093460083008,0,0,0,0,0,0,0,0,0,0,0,0,0,0,0,0,0,0,0,0,1,0
2026-07-14T15:31:09.300+0000,15,1,0,3,0,0,0,1,345,999,999,347,999,999,0.023999929428100586,0,0,0,0,0,0,0,0,0,0,0,0,0,0,0,0,0,0,0,0,1,0
2026-07-14T15:31:09.339+0000,15,1,0,3,0,0,0,1,346,999,999,348,999,999,0.03900003433227539,0,0,0,0,0,0,0,0,0,0,0,0,0,0,0,0,0,0,0,0,1,0
2026-07-14T15:31:09.386+0000,15,1,0,3,0,0,0,1,347,999,999,349,999,999,0.04699993133544922,0,0,0,0,0,0,0,0,0,0,0,0,0,0,0,0,0,0,0,0,1,0
2026-07-14T15:31:09.531+0000,15,1,0,3,0,0,0,1,348,999,999,350,999,999,0.14499998092651367,0,0,0,0,0,0,0,0,0,0,0,0,0,0,0,0,0,0,0,0,1,0
2026-07-14T15:31:09.581+0000,15,1,0,3,0,0,0,1,349,999,999,351,999,999,0.05000019073486328,0,0,0,0,0,0,0,0,0,0,0,0,0,0,0,0,0,0,0,0,1,0
2026-07-14T15:31:09.627+0000,15,1,0,3,0,0,0,1,350,999,999,352,999,999,0.046000003814697266,0,0,0,0,0,0,0,0,0,0,0,0,0,0,0,0,0,0,0,0,1,0
2026-07-14T15:31:09.630+0000,15,1,0,3,0,0,0,1,351,999,999,353,999,999,0.003000020980834961,0,0,0,0,0,0,0,0,0,0,0,0,0,0,0,0,0,0,0,0,1,0
2026-07-14T15:31:09.640+0000,15,1,0,3,0,0,0,1,352,999,999,354,999,999,0.009999990463256836,0,0,0,0,0,0,0,0,0,0,0,0,0,0,0,0,0,0,0,0,1,0
2026-07-14T15:31:09.667+0000,15,1,0,3,0,0,0,1,353,999,999,355,999,999,0.026999950408935547,0,0,0,0,0,0,0,0,0,0,0,0,0,0,0,0,0,0,0,0,1,0
2026-07-14T15:31:09.717+0000,15,1,0,3,0,0,0,1,354,999,999,356,999,999,0.04999995231628418,0,0,0,0,0,0,0,0,0,0,0,0,0,0,0,0,0,0,0,0,1,0
2026-07-14T15:31:09.727+0000,15,1,0,3,0,0,0,1,355,999,999,357,999,999,0.009999990463256836,0,0,0,0,0,0,0,0,0,0,0,0,0,0,0,0,0,0,0,0,1,0
2026-07-14T15:31:09.788+0000,15,1,0,3,0,0,0,1,356,999,999,358,999,999,0.06100010871887207,0,0,0,0,0,0,0,0,0,0,0,0,0,0,0,0,0,0,0,0,1,0
2026-07-14T15:31:09.830+0000,15,1,0,3,0,0,0,1,357,999,999,359,999,999,0.04199981689453125,0,0,0,0,0,0,0,0,0,0,0,0,0,0,0,0,0,0,0,0,1,0
2026-07-14T15:31:09.884+0000,15,1,0,3,0,0,0,1,358,999,999,360,999,999,0.054000139236450195,0,0,0,0,0,0,0,0,0,0,0,0,0,0,0,0,0,0,0,0,1,0
2026-07-14T15:31:09.927+0000,15,1,0,3,0,0,0,1,359,999,999,361,999,999,0.042999982833862305,0,0,0,0,0,0,0,0,0,0,0,0,0,0,0,0,0,0,0,0,1,0
2026-07-14T15:31:09.931+0000,15,1,0,3,0,0,0,1,360,999,999,362,999,999,0.003999948501586914,0,0,0,0,0,0,0,0,0,0,0,0,0,0,0,0,0,0,0,0,1,0
2026-07-14T15:31:09.961+0000,15,1,0,3,0,0,0,1,361,999,999,363,999,999,0.029999971389770508,0,0,0,0,0,0,0,0,0,0,0,0,0,0,0,0,0,0,0,0,1,0
2026-07-14T15:31:09.980+0000,15,1,0,3,0,0,0,1,362,999,999,364,999,999,0.01900005340576172,0,0,0,0,0,0,0,0,0,0,0,0,0,0,0,0,0,0,0,0,1,0
2026-07-14T15:31:10.007+0000,15,1,0,3,0,0,0,1,363,999,999,365,999,999,0.026999950408935547,0,0,0,0,0,0,0,0,0,0,0,0,0,0,0,0,0,0,0,0,1,0
2026-07-14T15:31:10.091+0000,15,1,0,3,0,0,0,1,364,999,999,366,999,999,0.0840001106262207,0,0,0,0,0,0,0,0,0,0,0,0,0,0,0,0,0,0,0,0,1,0
2026-07-14T15:31:10.177+0000,15,1,0,3,0,0,0,1,365,999,999,367,999,999,0.08599996566772461,0,0,0,0,0,0,0,0,0,0,0,0,0,0,0,0,0,0,0,0,1,0
2026-07-14T15:31:10.216+0000,15,1,0,3,0,0,0,1,366,999,999,368,999,999,0.03900003433227539,0,0,0,0,0,0,0,0,0,0,0,0,0,0,0,0,0,0,0,0,1,0
2026-07-14T15:31:10.266+0000,15,1,0,3,0,0,0,1,367,999,999,369,999,999,0.04999995231628418,0,0,0,0,0,0,0,0,0,0,0,0,0,0,0,0,0,0,0,0,1,0
2026-07-14T15:31:10.301+0000,15,1,0,3,0,0,0,1,368,999,999,370,999,999,0.03500008583068848,0,0,0,0,0,0,0,0,0,0,0,0,0,0,0,0,0,0,0,0,1,0
2026-07-14T15:31:10.362+0000,15,1,0,3,0,0,0,1,369,999,999,371,999,999,0.06099987030029297,0,0,0,0,0,0,0,0,0,0,0,0,0,0,0,0,0,0,0,0,1,0
2026-07-14T15:31:10.363+0000,15,1,0,3,0,0,0,1,370,999,999,372,999,999,0.0009999275207519531,0,0,0,0,0,0,0,0,0,0,0,0,0,0,0,0,0,0,0,0,1,0
2026-07-14T15:31:10.372+0000,15,1,0,3,0,0,0,1,371,999,999,373,999,999,0.009000062942504883,0,0,0,0,0,0,0,0,0,0,0,0,0,0,0,0,0,0,0,0,1,0
2026-07-14T15:31:10.418+0000,15,1,0,3,0,0,0,1,372,999,999,374,999,999,0.046000003814697266,0,0,0,0,0,0,0,0,0,0,0,0,0,0,0,0,0,0,0,0,1,0
2026-07-14T15:31:10.494+0000,15,1,0,3,0,0,0,1,373,999,999,375,999,999,0.07599997520446777,0,0,0,0,0,0,0,0,0,0,0,0,0,0,0,0,0,0,0,0,1,0
2026-07-14T15:31:10.495+0000,15,1,0,3,0,0,0,1,374,999,999,376,999,999,0.0009999275207519531,0,0,0,0,0,0,0,0,0,0,0,0,0,0,0,0,0,0,0,0,1,0
2026-07-14T15:31:10.495+0000,15,1,0,3,0,0,0,1,375,999,999,377,999,999,0.0,0,0,0,0,0,0,0,0,0,0,0,0,0,0,0,0,0,0,0,0,1,0
2026-07-14T15:31:10.520+0000,15,1,0,3,0,0,0,1,376,999,999,378,999,999,0.02500009536743164,0,0,0,0,0,0,0,0,0,0,0,0,0,0,0,0,0,0,0,0,1,0
2026-07-14T15:31:10.553+0000,15,1,0,3,0,0,0,1,377,999,999,379,999,999,0.03299999237060547,0,0,0,0,0,0,0,0,0,0,0,0,0,0,0,0,0,0,0,0,1,0
2026-07-14T15:31:10.593+0000,15,1,0,3,0,0,0,1,378,999,999,380,999,999,0.039999961853027344,0,0,0,0,0,0,0,0,0,0,0,0,0,0,0,0,0,0,0,0,1,0
2026-07-14T15:31:10.634+0000,15,1,0,3,0,0,0,1,379,999,999,381,999,999,0.0410001277923584,0,0,0,0,0,0,0,0,0,0,0,0,0,0,0,0,0,0,0,0,1,0
2026-07-14T15:31:10.673+0000,15,1,0,3,0,0,0,1,380,999,999,382,999,999,0.03900003433227539,0,0,0,0,0,0,0,0,0,0,0,0,0,0,0,0,0,0,0,0,1,0
2026-07-14T15:31:10.751+0000,15,1,0,3,0,0,0,1,381,999,999,383,999,999,0.07799983024597168,0,0,0,0,0,0,0,0,0,0,0,0,0,0,0,0,0,0,0,0,1,0
2026-07-14T15:31:10.757+0000,15,1,0,3,0,0,0,1,382,999,999,384,999,999,0.006000041961669922,0,0,0,0,0,0,0,0,0,0,0,0,0,0,0,0,0,0,0,0,1,0
2026-07-14T15:31:10.761+0000,15,1,0,3,0,0,0,1,383,999,999,385,999,999,0.003999948501586914,0,0,0,0,0,0,0,0,0,0,0,0,0,0,0,0,0,0,0,0,1,0
2026-07-14T15:31:10.804+0000,15,1,0,3,0,0,0,1,384,999,999,386,999,999,0.042999982833862305,0,0,0,0,0,0,0,0,0,0,0,0,0,0,0,0,0,0,0,0,1,0
2026-07-14T15:31:10.827+0000,15,1,0,3,0,0,0,1,385,999,999,387,999,999,0.023000001907348633,0,0,0,0,0,0,0,0,0,0,0,0,0,0,0,0,0,0,0,0,1,0
2026-07-14T15:31:10.905+0000,15,1,0,3,0,0,0,1,386,999,999,388,999,999,0.07800006866455078,0,0,0,0,0,0,0,0,0,0,0,0,0,0,0,0,0,0,0,0,1,0
2026-07-14T15:31:10.985+0000,15,1,0,3,0,0,0,1,387,999,999,389,999,999,0.07999992370605469,0,0,0,0,0,0,0,0,0,0,0,0,0,0,0,0,0,0,0,0,1,0
2026-07-14T15:31:11.003+0000,15,1,0,3,0,0,0,1,388,999,999,390,999,999,0.018000125885009766,0,0,0,0,0,0,0,0,0,0,0,0,0,0,0,0,0,0,0,0,1,0
2026-07-14T15:31:11.007+0000,15,1,0,3,0,0,0,1,389,999,999,391,999,999,0.003999948501586914,0,0,0,0,0,0,0,0,0,0,0,0,0,0,0,0,0,0,0,0,1,0
2026-07-14T15:31:11.021+0000,15,1,0,3,0,0,0,1,390,999,999,392,999,999,0.01399993896484375,0,0,0,0,0,0,0,0,0,0,0,0,0,0,0,0,0,0,0,0,1,0
2026-07-14T15:31:11.058+0000,15,1,0,3,0,0,0,1,391,999,999,393,999,999,0.037000179290771484,0,0,0,0,0,0,0,0,0,0,0,0,0,0,0,0,0,0,0,0,1,0
2026-07-14T15:31:11.156+0000,15,1,0,3,0,0,0,1,392,999,999,394,999,999,0.09799981117248535,0,0,0,0,0,0,0,0,0,0,0,0,0,0,0,0,0,0,0,0,1,0
2026-07-14T15:31:11.196+0000,15,1,0,3,0,0,0,1,393,999,999,395,999,999,0.040000200271606445,0,0,0,0,0,0,0,0,0,0,0,0,0,0,0,0,0,0,0,0,1,0
2026-07-14T15:31:11.215+0000,15,1,0,3,0,0,0,1,394,999,999,396,999,999,0.018999814987182617,0,0,0,0,0,0,0,0,0,0,0,0,0,0,0,0,0,0,0,0,1,0
2026-07-14T15:31:11.309+0000,15,1,0,3,0,0,0,1,395,999,999,397,999,999,0.09400010108947754,0,0,0,0,0,0,0,0,0,0,0,0,0,0,0,0,0,0,0,0,1,0
2026-07-14T15:31:11.361+0000,15,1,0,3,0,0,0,1,396,999,999,398,999,999,0.05200004577636719,0,0,0,0,0,0,0,0,0,0,0,0,0,0,0,0,0,0,0,0,1,0
2026-07-14T15:31:11.380+0000,15,1,0,3,0,0,0,1,397,999,999,399,999,999,0.01900005340576172,0,0,0,0,0,0,0,0,0,0,0,0,0,0,0,0,0,0,0,0,1,0
2026-07-14T15:31:11.397+0000,15,1,0,3,0,0,0,1,398,999,999,400,999,999,0.01699995994567871,0,0,0,0,0,0,0,0,0,0,0,0,0,0,0,0,0,0,0,0,1,0
2026-07-14T15:31:11.415+0000,15,1,0,3,0,0,0,1,399,999,999,401,999,999,0.017999887466430664,0,0,0,0,0,0,0,0,0,0,0,0,0,0,0,0,0,0,0,0,1,0
2026-07-14T15:31:11.467+0000,15,1,0,3,0,0,0,1,400,999,999,402,999,999,0.05200004577636719,0,0,0,0,0,0,0,0,0,0,0,0,0,0,0,0,0,0,0,0,1,0
2026-07-14T15:31:11.517+0000,15,1,0,3,0,0,0,1,401,999,999,403,999,999,0.04999995231628418,0,0,0,0,0,0,0,0,0,0,0,0,0,0,0,0,0,0,0,0,1,0
2026-07-14T15:31:11.529+0000,15,1,0,3,0,0,0,1,402,999,999,404,999,999,0.012000083923339844,0,0,0,0,0,0,0,0,0,0,0,0,0,0,0,0,0,0,0,0,1,0
2026-07-14T15:31:11.558+0000,15,1,0,3,0,0,0,1,403,999,999,405,999,999,0.029000043869018555,0,0,0,0,0,0,0,0,0,0,0,0,0,0,0,0,0,0,0,0,1,0
2026-07-14T15:31:11.567+0000,15,1,0,3,0,0,0,1,404,999,999,406,999,999,0.008999824523925781,0,0,0,0,0,0,0,0,0,0,0,0,0,0,0,0,0,0,0,0,1,0
2026-07-14T15:31:11.699+0000,15,1,0,3,0,0,0,1,405,999,999,407,999,999,0.13199996948242188,0,0,0,0,0,0,0,0,0,0,0,0,0,0,0,0,0,0,0,0,1,0
2026-07-14T15:31:11.700+0000,15,1,0,3,0,0,0,1,406,999,999,408,999,999,0.0010001659393310547,0,0,0,0,0,0,0,0,0,0,0,0,0,0,0,0,0,0,0,0,1,0
2026-07-14T15:31:11.702+0000,15,1,0,3,0,0,0,1,407,999,999,409,999,999,0.0019998550415039062,0,0,0,0,0,0,0,0,0,0,0,0,0,0,0,0,0,0,0,0,1,0
2026-07-14T15:31:11.816+0000,15,1,0,3,0,0,0,1,408,999,999,410,999,999,0.11400008201599121,0,0,0,0,0,0,0,0,0,0,0,0,0,0,0,0,0,0,0,0,1,0
2026-07-14T15:31:11.819+0000,15,1,0,3,0,0,0,1,409,999,999,411,999,999,0.003000020980834961,0,0,0,0,0,0,0,0,0,0,0,0,0,0,0,0,0,0,0,0,1,0
2026-07-14T15:31:11.820+0000,15,1,0,3,0,0,0,1,410,999,999,412,999,999,0.0009999275207519531,0,0,0,0,0,0,0,0,0,0,0,0,0,0,0,0,0,0,0,0,1,0
2026-07-14T15:31:11.820+0000,15,1,0,3,0,0,0,1,411,999,999,413,999,999,0.0,0,0,0,0,0,0,0,0,0,0,0,0,0,0,0,0,0,0,0,0,1,0
2026-07-14T15:31:11.827+0000,15,1,0,3,0,0,0,1,412,999,999,414,999,999,0.006999969482421875,0,0,0,0,0,0,0,0,0,0,0,0,0,0,0,0,0,0,0,0,1,0
2026-07-14T15:31:11.888+0000,15,1,0,3,0,0,0,1,413,999,999,415,999,999,0.06100010871887207,0,0,0,0,0,0,0,0,0,0,0,0,0,0,0,0,0,0,0,0,1,0
2026-07-14T15:31:11.894+0000,15,1,0,3,0,0,0,1,414,999,999,416,999,999,0.006000041961669922,0,0,0,0,0,0,0,0,0,0,0,0,0,0,0,0,0,0,0,0,1,0
2026-07-14T15:31:11.968+0000,15,1,0,3,0,0,0,1,415,999,999,417,999,999,0.07399988174438477,0,0,0,0,0,0,0,0,0,0,0,0,0,0,0,0,0,0,0,0,1,0
2026-07-14T15:31:11.995+0000,15,1,0,3,0,0,0,1,416,999,999,418,999,999,0.026999950408935547,0,0,0,0,0,0,0,0,0,0,0,0,0,0,0,0,0,0,0,0,1,0
2026-07-14T15:31:12.035+0000,15,1,0,3,0,0,0,1,417,999,999,419,999,999,0.040000200271606445,0,0,0,0,0,0,0,0,0,0,0,0,0,0,0,0,0,0,0,0,1,0
2026-07-14T15:31:12.279+0000,15,1,0,3,0,0,0,1,418,999,999,420,999,999,0.24399995803833008,0,0,0,0,0,0,0,0,0,0,0,0,0,0,0,0,0,0,0,0,1,0
2026-07-14T15:31:12.283+0000,15,1,0,3,0,0,0,1,419,999,999,421,999,999,0.003999948501586914,0,0,0,0,0,0,0,0,0,0,0,0,0,0,0,0,0,0,0,0,1,0
2026-07-14T15:31:12.290+0000,15,1,0,3,0,0,0,1,420,999,999,422,999,999,0.006999969482421875,0,0,0,0,0,0,0,0,0,0,0,0,0,0,0,0,0,0,0,0,1,0
2026-07-14T15:31:12.318+0000,15,1,0,3,0,0,0,1,421,999,999,423,999,999,0.0280001163482666,0,0,0,0,0,0,0,0,0,0,0,0,0,0,0,0,0,0,0,0,1,0
2026-07-14T15:31:12.390+0000,15,1,0,3,0,0,0,1,422,999,999,424,999,999,0.07200002670288086,0,0,0,0,0,0,0,0,0,0,0,0,0,0,0,0,0,0,0,0,1,0
2026-07-14T15:31:12.422+0000,15,1,0,3,0,0,0,1,423,999,999,425,999,999,0.031999826431274414,0,0,0,0,0,0,0,0,0,0,0,0,0,0,0,0,0,0,0,0,1,0
2026-07-14T15:31:12.432+0000,15,1,0,3,0,0,0,1,424,999,999,426,999,999,0.009999990463256836,0,0,0,0,0,0,0,0,0,0,0,0,0,0,0,0,0,0,0,0,1,0
2026-07-14T15:31:12.434+0000,15,1,0,3,0,0,0,1,425,999,999,427,999,999,0.002000093460083008,0,0,0,0,0,0,0,0,0,0,0,0,0,0,0,0,0,0,0,0,1,0
2026-07-14T15:31:12.464+0000,15,1,0,3,0,0,0,1,426,999,999,428,999,999,0.029999971389770508,0,0,0,0,0,0,0,0,0,0,0,0,0,0,0,0,0,0,0,0,1,0
2026-07-14T15:31:12.485+0000,15,1,0,3,0,0,0,1,427,999,999,429,999,999,0.020999908447265625,0,0,0,0,0,0,0,0,0,0,0,0,0,0,0,0,0,0,0,0,1,0
2026-07-14T15:31:12.485+0000,15,1,0,3,0,0,0,1,428,999,999,430,999,999,0.0,0,0,0,0,0,0,0,0,0,0,0,0,0,0,0,0,0,0,0,0,1,0
2026-07-14T15:31:12.581+0000,15,1,0,3,0,0,0,1,429,999,999,431,999,999,0.09600019454956055,0,0,0,0,0,0,0,0,0,0,0,0,0,0,0,0,0,0,0,0,1,0
2026-07-14T15:31:12.595+0000,15,1,0,3,0,0,0,1,430,999,999,432,999,999,0.01399993896484375,0,0,0,0,0,0,0,0,0,0,0,0,0,0,0,0,0,0,0,0,1,0
2026-07-14T15:31:12.635+0000,15,1,0,3,0,0,0,1,431,999,999,433,999,999,0.039999961853027344,0,0,0,0,0,0,0,0,0,0,0,0,0,0,0,0,0,0,0,0,1,0
2026-07-14T15:31:12.666+0000,15,1,0,3,0,0,0,1,432,999,999,434,999,999,0.03099989891052246,0,0,0,0,0,0,0,0,0,0,0,0,0,0,0,0,0,0,0,0,1,0
2026-07-14T15:31:12.709+0000,15,1,0,3,0,0,0,1,433,999,999,435,999,999,0.043000221252441406,0,0,0,0,0,0,0,0,0,0,0,0,0,0,0,0,0,0,0,0,1,0
2026-07-14T15:31:12.737+0000,15,1,0,3,0,0,0,1,434,999,999,436,999,999,0.0279998779296875,0,0,0,0,0,0,0,0,0,0,0,0,0,0,0,0,0,0,0,0,1,0
2026-07-14T15:31:12.745+0000,15,1,0,3,0,0,0,1,435,999,999,437,999,999,0.007999897003173828,0,0,0,0,0,0,0,0,0,0,0,0,0,0,0,0,0,0,0,0,1,0
2026-07-14T15:31:12.759+0000,15,1,0,3,0,0,0,1,436,999,999,438,999,999,0.014000177383422852,0,0,0,0,0,0,0,0,0,0,0,0,0,0,0,0,0,0,0,0,1,0
2026-07-14T15:31:12.783+0000,15,1,0,3,0,0,0,1,437,999,999,439,999,999,0.023999929428100586,0,0,0,0,0,0,0,0,0,0,0,0,0,0,0,0,0,0,0,0,1,0
2026-07-14T15:31:12.788+0000,15,1,0,3,0,0,0,1,438,999,999,440,999,999,0.005000114440917969,0,0,0,0,0,0,0,0,0,0,0,0,0,0,0,0,0,0,0,0,1,0
2026-07-14T15:31:12.789+0000,15,1,0,3,0,0,0,1,439,999,999,441,999,999,0.0009999275207519531,0,0,0,0,0,0,0,0,0,0,0,0,0,0,0,0,0,0,0,0,1,0
2026-07-14T15:31:12.832+0000,15,1,0,3,0,0,0,1,440,999,999,442,999,999,0.042999982833862305,0,0,0,0,0,0,0,0,0,0,0,0,0,0,0,0,0,0,0,0,1,0
2026-07-14T15:31:12.834+0000,15,1,0,3,0,0,0,1,441,999,999,443,999,999,0.002000093460083008,0,0,0,0,0,0,0,0,0,0,0,0,0,0,0,0,0,0,0,0,1,0
2026-07-14T15:31:12.857+0000,15,1,0,3,0,0,0,1,442,999,999,444,999,999,0.023000001907348633,0,0,0,0,0,0,0,0,0,0,0,0,0,0,0,0,0,0,0,0,1,0
2026-07-14T15:31:12.941+0000,15,1,0,3,0,0,0,1,443,999,999,445,999,999,0.0839998722076416,0,0,0,0,0,0,0,0,0,0,0,0,0,0,0,0,0,0,0,0,1,0
2026-07-14T15:31:13.016+0000,15,1,0,3,0,0,0,1,444,999,999,446,999,999,0.07500004768371582,0,0,0,0,0,0,0,0,0,0,0,0,0,0,0,0,0,0,0,0,1,0
2026-07-14T15:31:13.104+0000,15,1,0,3,0,0,0,1,445,999,999,447,999,999,0.08800005912780762,0,0,0,0,0,0,0,0,0,0,0,0,0,0,0,0,0,0,0,0,1,0
2026-07-14T15:31:13.116+0000,15,1,0,3,0,0,0,1,446,999,999,448,999,999,0.011999845504760742,0,0,0,0,0,0,0,0,0,0,0,0,0,0,0,0,0,0,0,0,1,0
2026-07-14T15:31:13.141+0000,15,1,0,3,0,0,0,1,447,999,999,449,999,999,0.02500009536743164,0,0,0,0,0,0,0,0,0,0,0,0,0,0,0,0,0,0,0,0,1,0
2026-07-14T15:31:13.181+0000,15,1,0,3,0,0,0,1,448,999,999,450,999,999,0.039999961853027344,0,0,0,0,0,0,0,0,0,0,0,0,0,0,0,0,0,0,0,0,1,0
2026-07-14T15:31:13.186+0000,15,1,0,3,0,0,0,1,449,999,999,451,999,999,0.005000114440917969,0,0,0,0,0,0,0,0,0,0,0,0,0,0,0,0,0,0,0,0,1,0
2026-07-14T15:31:13.265+0000,15,1,0,3,0,0,0,1,450,999,999,452,999,999,0.07899999618530273,0,0,0,0,0,0,0,0,0,0,0,0,0,0,0,0,0,0,0,0,1,0
2026-07-14T15:31:13.335+0000,15,1,0,3,0,0,0,1,451,999,999,453,999,999,0.06999993324279785,0,0,0,0,0,0,0,0,0,0,0,0,0,0,0,0,0,0,0,0,1,0
2026-07-14T15:31:13.359+0000,15,1,0,3,0,0,0,1,452,999,999,454,999,999,0.023999929428100586,0,0,0,0,0,0,0,0,0,0,0,0,0,0,0,0,0,0,0,0,1,0
2026-07-14T15:31:13.406+0000,15,1,0,3,0,0,0,1,453,999,999,455,999,999,0.04699993133544922,0,0,0,0,0,0,0,0,0,0,0,0,0,0,0,0,0,0,0,0,1,0
2026-07-14T15:31:13.416+0000,15,1,0,3,0,0,0,1,454,999,999,456,999,999,0.009999990463256836,0,0,0,0,0,0,0,0,0,0,0,0,0,0,0,0,0,0,0,0,1,0
2026-07-14T15:31:13.422+0000,15,1,0,3,0,0,0,1,455,999,999,457,999,999,0.006000041961669922,0,0,0,0,0,0,0,0,0,0,0,0,0,0,0,0,0,0,0,0,1,0
2026-07-14T15:31:13.489+0000,15,1,0,3,0,0,0,1,456,999,999,458,999,999,0.06700015068054199,0,0,0,0,0,0,0,0,0,0,0,0,0,0,0,0,0,0,0,0,1,0
2026-07-14T15:31:13.513+0000,15,1,0,3,0,0,0,1,457,999,999,459,999,999,0.023999929428100586,0,0,0,0,0,0,0,0,0,0,0,0,0,0,0,0,0,0,0,0,1,0
2026-07-14T15:31:13.542+0000,15,1,0,3,0,0,0,1,458,999,999,460,999,999,0.029000043869018555,0,0,0,0,0,0,0,0,0,0,0,0,0,0,0,0,0,0,0,0,1,0
2026-07-14T15:31:13.604+0000,15,1,0,3,0,0,0,1,459,999,999,461,999,999,0.06200003623962402,0,0,0,0,0,0,0,0,0,0,0,0,0,0,0,0,0,0,0,0,1,0
2026-07-14T15:31:13.639+0000,15,1,0,3,0,0,0,1,460,999,999,462,999,999,0.034999847412109375,0,0,0,0,0,0,0,0,0,0,0,0,0,0,0,0,0,0,0,0,1,0
2026-07-14T15:31:13.707+0000,15,1,0,3,0,0,0,1,461,999,999,463,999,999,0.06800007820129395,0,0,0,0,0,0,0,0,0,0,0,0,0,0,0,0,0,0,0,0,1,0
2026-07-14T15:31:13.713+0000,15,1,0,3,0,0,0,1,462,999,999,464,999,999,0.006000041961669922,0,0,0,0,0,0,0,0,0,0,0,0,0,0,0,0,0,0,0,0,1,0
2026-07-14T15:31:13.751+0000,15,1,0,3,0,0,0,1,463,999,999,465,999,999,0.037999868392944336,0,0,0,0,0,0,0,0,0,0,0,0,0,0,0,0,0,0,0,0,1,0
2026-07-14T15:31:13.763+0000,15,1,0,3,0,0,0,1,464,999,999,466,999,999,0.012000083923339844,0,0,0,0,0,0,0,0,0,0,0,0,0,0,0,0,0,0,0,0,1,0
2026-07-14T15:31:13.853+0000,15,1,0,3,0,0,0,1,465,999,999,467,999,999,0.08999991416931152,0,0,0,0,0,0,0,0,0,0,0,0,0,0,0,0,0,0,0,0,1,0
2026-07-14T15:31:13.873+0000,15,1,0,3,0,0,0,1,466,999,999,468,999,999,0.019999980926513672,0,0,0,0,0,0,0,0,0,0,0,0,0,0,0,0,0,0,0,0,1,0
2026-07-14T15:31:13.911+0000,15,1,0,3,0,0,0,1,467,999,999,469,999,999,0.03800010681152344,0,0,0,0,0,0,0,0,0,0,0,0,0,0,0,0,0,0,0,0,1,0
2026-07-14T15:31:13.932+0000,15,1,0,3,0,0,0,1,468,999,999,470,999,999,0.020999908447265625,0,0,0,0,0,0,0,0,0,0,0,0,0,0,0,0,0,0,0,0,1,0
2026-07-14T15:31:13.983+0000,15,1,0,3,0,0,0,1,469,999,999,471,999,999,0.051000118255615234,0,0,0,0,0,0,0,0,0,0,0,0,0,0,0,0,0,0,0,0,1,0
2026-07-14T15:31:14.004+0000,15,1,0,3,0,0,0,1,470,999,999,472,999,999,0.020999908447265625,0,0,0,0,0,0,0,0,0,0,0,0,0,0,0,0,0,0,0,0,1,0
2026-07-14T15:31:14.015+0000,15,1,0,3,0,0,0,1,471,999,999,473,999,999,0.01100015640258789,0,0,0,0,0,0,0,0,0,0,0,0,0,0,0,0,0,0,0,0,1,0
2026-07-14T15:31:14.027+0000,15,1,0,3,0,0,0,1,472,999,999,474,999,999,0.011999845504760742,0,0,0,0,0,0,0,0,0,0,0,0,0,0,0,0,0,0,0,0,1,0
2026-07-14T15:31:14.048+0000,15,1,0,3,0,0,0,1,473,999,999,475,999,999,0.021000146865844727,0,0,0,0,0,0,0,0,0,0,0,0,0,0,0,0,0,0,0,0,1,0
2026-07-14T15:31:14.118+0000,15,1,0,3,0,0,0,1,474,999,999,476,999,999,0.06999993324279785,0,0,0,0,0,0,0,0,0,0,0,0,0,0,0,0,0,0,0,0,1,0
2026-07-14T15:31:14.135+0000,15,1,0,3,0,0,0,1,475,999,999,477,999,999,0.01699995994567871,0,0,0,0,0,0,0,0,0,0,0,0,0,0,0,0,0,0,0,0,1,0
2026-07-14T15:31:14.147+0000,15,1,0,3,0,0,0,1,476,999,999,478,999,999,0.012000083923339844,0,0,0,0,0,0,0,0,0,0,0,0,0,0,0,0,0,0,0,0,1,0
2026-07-14T15:31:14.183+0000,15,1,0,3,0,0,0,1,477,999,999,479,999,999,0.03600001335144043,0,0,0,0,0,0,0,0,0,0,0,0,0,0,0,0,0,0,0,0,1,0
2026-07-14T15:31:14.199+0000,15,1,0,3,0,0,0,1,478,999,999,480,999,999,0.015999794006347656,0,0,0,0,0,0,0,0,0,0,0,0,0,0,0,0,0,0,0,0,1,0
2026-07-14T15:31:14.289+0000,15,1,0,3,0,0,0,1,479,999,999,481,999,999,0.09000015258789062,0,0,0,0,0,0,0,0,0,0,0,0,0,0,0,0,0,0,0,0,1,0
2026-07-14T15:31:14.317+0000,15,1,0,3,0,0,0,1,480,999,999,482,999,999,0.0279998779296875,0,0,0,0,0,0,0,0,0,0,0,0,0,0,0,0,0,0,0,0,1,0
2026-07-14T15:31:14.335+0000,15,1,0,3,0,0,0,1,481,999,999,483,999,999,0.018000125885009766,0,0,0,0,0,0,0,0,0,0,0,0,0,0,0,0,0,0,0,0,1,0
2026-07-14T15:31:14.347+0000,15,1,0,3,0,0,0,1,482,999,999,484,999,999,0.011999845504760742,0,0,0,0,0,0,0,0,0,0,0,0,0,0,0,0,0,0,0,0,1,0
2026-07-14T15:31:14.384+0000,15,1,0,3,0,0,0,1,483,999,999,485,999,999,0.037000179290771484,0,0,0,0,0,0,0,0,0,0,0,0,0,0,0,0,0,0,0,0,1,0
2026-07-14T15:31:14.384+0000,15,1,0,3,0,0,0,1,484,999,999,486,999,999,0.0,0,0,0,0,0,0,0,0,0,0,0,0,0,0,0,0,0,0,0,0,1,0
2026-07-14T15:31:14.400+0000,15,1,0,3,0,0,0,1,485,999,999,487,999,999,0.016000032424926758,0,0,0,0,0,0,0,0,0,0,0,0,0,0,0,0,0,0,0,0,1,0
2026-07-14T15:31:14.443+0000,15,1,0,3,0,0,0,1,486,999,999,488,999,999,0.042999982833862305,0,0,0,0,0,0,0,0,0,0,0,0,0,0,0,0,0,0,0,0,1,0
2026-07-14T15:31:14.459+0000,15,1,0,3,0,0,0,1,487,999,999,489,999,999,0.016000032424926758,0,0,0,0,0,0,0,0,0,0,0,0,0,0,0,0,0,0,0,0,1,0
2026-07-14T15:31:14.532+0000,15,1,0,3,0,0,0,1,488,999,999,490,999,999,0.07299995422363281,0,0,0,0,0,0,0,0,0,0,0,0,0,0,0,0,0,0,0,0,1,0
2026-07-14T15:31:14.552+0000,15,1,0,3,0,0,0,1,489,999,999,491,999,999,0.019999980926513672,0,0,0,0,0,0,0,0,0,0,0,0,0,0,0,0,0,0,0,0,1,0
2026-07-14T15:31:14.567+0000,15,1,0,3,0,0,0,1,490,999,999,492,999,999,0.014999866485595703,0,0,0,0,0,0,0,0,0,0,0,0,0,0,0,0,0,0,0,0,1,0
2026-07-14T15:31:14.647+0000,15,1,0,3,0,0,0,1,491,999,999,493,999,999,0.08000016212463379,0,0,0,0,0,0,0,0,0,0,0,0,0,0,0,0,0,0,0,0,1,0
2026-07-14T15:31:14.782+0000,15,1,0,3,0,0,0,1,492,999,999,494,999,999,0.13499999046325684,0,0,0,0,0,0,0,0,0,0,0,0,0,0,0,0,0,0,0,0,1,0
2026-07-14T15:31:14.840+0000,15,1,0,3,0,0,0,1,493,999,999,495,999,999,0.05799984931945801,0,0,0,0,0,0,0,0,0,0,0,0,0,0,0,0,0,0,0,0,1,0
2026-07-14T15:31:14.946+0000,15,1,0,3,0,0,0,1,494,999,999,496,999,999,0.10600018501281738,0,0,0,0,0,0,0,0,0,0,0,0,0,0,0,0,0,0,0,0,1,0
2026-07-14T15:31:15.005+0000,15,1,0,3,0,0,0,1,495,999,999,497,999,999,0.05900001525878906,0,0,0,0,0,0,0,0,0,0,0,0,0,0,0,0,0,0,0,0,1,0
2026-07-14T15:31:15.032+0000,15,1,0,3,0,0,0,1,496,999,999,498,999,999,0.026999950408935547,0,0,0,0,0,0,0,0,0,0,0,0,0,0,0,0,0,0,0,0,1,0
2026-07-14T15:31:15.033+0000,15,1,0,3,0,0,0,1,497,999,999,499,999,999,0.0009999275207519531,0,0,0,0,0,0,0,0,0,0,0,0,0,0,0,0,0,0,0,0,1,0
2026-07-14T15:31:15.115+0000,15,1,0,3,0,0,0,1,498,999,999,500,999,999,0.0820000171661377,0,0,0,0,0,0,0,0,0,0,0,0,0,0,0,0,0,0,0,0,1,0
2026-07-14T15:31:15.181+0000,15,1,0,3,0,0,0,1,499,999,999,501,999,999,0.06599998474121094,0,0,0,0,0,0,0,0,0,0,0,0,0,0,0,0,0,0,0,0,1,0
2026-07-14T15:31:15.221+0000,15,1,0,3,0,0,0,1,500,999,999,502,999,999,0.039999961853027344,0,0,0,0,0,0,0,0,0,0,0,0,0,0,0,0,0,0,0,0,1,0
2026-07-14T15:31:15.239+0000,15,1,0,3,0,0,0,1,501,999,999,503,999,999,0.018000125885009766,0,0,0,0,0,0,0,0,0,0,0,0,0,0,0,0,0,0,0,0,1,0
2026-07-14T15:31:15.303+0000,15,1,0,3,0,0,0,1,502,999,999,504,999,999,0.06399989128112793,0,0,0,0,0,0,0,0,0,0,0,0,0,0,0,0,0,0,0,0,1,0
2026-07-14T15:31:15.371+0000,15,1,0,3,0,0,0,1,503,999,999,505,999,999,0.06800007820129395,0,0,0,0,0,0,0,0,0,0,0,0,0,0,0,0,0,0,0,0,1,0
2026-07-14T15:31:15.422+0000,15,1,0,3,0,0,0,1,504,999,999,506,999,999,0.05099987983703613,0,0,0,0,0,0,0,0,0,0,0,0,0,0,0,0,0,0,0,0,1,0
2026-07-14T15:31:15.422+0000,15,1,0,3,0,0,0,1,505,999,999,507,999,999,0.0,0,0,0,0,0,0,0,0,0,0,0,0,0,0,0,0,0,0,0,0,1,0
2026-07-14T15:31:15.498+0000,15,1,0,3,0,0,0,1,506,999,999,508,999,999,0.07599997520446777,0,0,0,0,0,0,0,0,0,0,0,0,0,0,0,0,0,0,0,0,1,0
2026-07-14T15:31:15.512+0000,15,1,0,3,0,0,0,1,507,999,999,509,999,999,0.014000177383422852,0,0,0,0,0,0,0,0,0,0,0,0,0,0,0,0,0,0,0,0,1,0
2026-07-14T15:31:15.532+0000,15,1,0,3,0,0,0,1,508,999,999,510,999,999,0.019999980926513672,0,0,0,0,0,0,0,0,0,0,0,0,0,0,0,0,0,0,0,0,1,0
2026-07-14T15:31:15.596+0000,15,1,0,3,0,0,0,1,509,999,999,511,999,999,0.06399989128112793,0,0,0,0,0,0,0,0,0,0,0,0,0,0,0,0,0,0,0,0,1,0
2026-07-14T15:31:15.667+0000,15,1,0,3,0,0,0,1,510,999,999,512,999,999,0.0710000991821289,0,0,0,0,0,0,0,0,0,0,0,0,0,0,0,0,0,0,0,0,1,0
2026-07-14T15:31:15.679+0000,15,1,0,3,0,0,0,1,511,999,999,513,999,999,0.011999845504760742,0,0,0,0,0,0,0,0,0,0,0,0,0,0,0,0,0,0,0,0,1,0
2026-07-14T15:31:15.695+0000,15,1,0,3,0,0,0,1,512,999,999,514,999,999,0.016000032424926758,0,0,0,0,0,0,0,0,0,0,0,0,0,0,0,0,0,0,0,0,1,0
2026-07-14T15:31:15.793+0000,15,1,0,3,0,0,0,1,513,999,999,515,999,999,0.09800004959106445,0,0,0,0,0,0,0,0,0,0,0,0,0,0,0,0,0,0,0,0,1,0
2026-07-14T15:31:15.830+0000,15,1,0,3,0,0,0,1,514,999,999,516,999,999,0.03699994087219238,0,0,0,0,0,0,0,0,0,0,0,0,0,0,0,0,0,0,0,0,1,0
2026-07-14T15:31:15.852+0000,15,1,0,3,0,0,0,1,515,999,999,517,999,999,0.02200007438659668,0,0,0,0,0,0,0,0,0,0,0,0,0,0,0,0,0,0,0,0,1,0
2026-07-14T15:31:15.868+0000,15,1,0,3,0,0,0,1,516,999,999,518,999,999,0.016000032424926758,0,0,0,0,0,0,0,0,0,0,0,0,0,0,0,0,0,0,0,0,1,0
2026-07-14T15:31:15.912+0000,15,1,0,3,0,0,0,1,517,999,999,519,999,999,0.04399991035461426,0,0,0,0,0,0,0,0,0,0,0,0,0,0,0,0,0,0,0,0,1,0
2026-07-14T15:31:15.925+0000,15,1,0,3,0,0,0,1,518,999,999,520,999,999,0.013000011444091797,0,0,0,0,0,0,0,0,0,0,0,0,0,0,0,0,0,0,0,0,1,0
2026-07-14T15:31:15.939+0000,15,1,0,3,0,0,0,1,519,999,999,521,999,999,0.01399993896484375,0,0,0,0,0,0,0,0,0,0,0,0,0,0,0,0,0,0,0,0,1,0
2026-07-14T15:31:15.939+0000,15,1,0,3,0,0,0,1,520,999,999,522,999,999,0.0,0,0,0,0,0,0,0,0,0,0,0,0,0,0,0,0,0,0,0,0,1,0
2026-07-14T15:31:15.969+0000,15,1,0,3,0,0,0,1,521,999,999,523,999,999,0.03000020980834961,0,0,0,0,0,0,0,0,0,0,0,0,0,0,0,0,0,0,0,0,1,0
2026-07-14T15:31:15.980+0000,15,1,0,3,0,0,0,1,522,999,999,524,999,999,0.010999917984008789,0,0,0,0,0,0,0,0,0,0,0,0,0,0,0,0,0,0,0,0,1,0
2026-07-14T15:31:15.982+0000,15,1,0,3,0,0,0,1,523,999,999,525,999,999,0.002000093460083008,0,0,0,0,0,0,0,0,0,0,0,0,0,0,0,0,0,0,0,0,1,0
2026-07-14T15:31:16.056+0000,15,1,0,3,0,0,0,1,524,999,999,526,999,999,0.07399988174438477,0,0,0,0,0,0,0,0,0,0,0,0,0,0,0,0,0,0,0,0,1,0
2026-07-14T15:31:16.169+0000,15,1,0,3,0,0,0,1,525,999,999,527,999,999,0.11299991607666016,0,0,0,0,0,0,0,0,0,0,0,0,0,0,0,0,0,0,0,0,1,0
2026-07-14T15:31:16.213+0000,15,1,0,3,0,0,0,1,526,999,999,528,999,999,0.04400014877319336,0,0,0,0,0,0,0,0,0,0,0,0,0,0,0,0,0,0,0,0,1,0
2026-07-14T15:31:16.321+0000,15,1,0,3,0,0,0,1,527,999,999,529,999,999,0.10800004005432129,0,0,0,0,0,0,0,0,0,0,0,0,0,0,0,0,0,0,0,0,1,0
2026-07-14T15:31:16.322+0000,15,1,0,3,0,0,0,1,528,999,999,530,999,999,0.0009999275207519531,0,0,0,0,0,0,0,0,0,0,0,0,0,0,0,0,0,0,0,0,1,0
2026-07-14T15:31:16.330+0000,15,1,0,3,0,0,0,1,529,999,999,531,999,999,0.007999897003173828,0,0,0,0,0,0,0,0,0,0,0,0,0,0,0,0,0,0,0,0,1,0
2026-07-14T15:31:16.403+0000,15,1,0,3,0,0,0,1,530,999,999,532,999,999,0.07300019264221191,0,0,0,0,0,0,0,0,0,0,0,0,0,0,0,0,0,0,0,0,1,0
2026-07-14T15:31:16.432+0000,15,1,0,3,0,0,0,1,531,999,999,533,999,999,0.028999805450439453,0,0,0,0,0,0,0,0,0,0,0,0,0,0,0,0,0,0,0,0,1,0
2026-07-14T15:31:16.455+0000,15,1,0,3,0,0,0,1,532,999,999,534,999,999,0.023000001907348633,0,0,0,0,0,0,0,0,0,0,0,0,0,0,0,0,0,0,0,0,1,0
2026-07-14T15:31:16.500+0000,15,1,0,3,0,0,0,1,533,999,999,535,999,999,0.04500007629394531,0,0,0,0,0,0,0,0,0,0,0,0,0,0,0,0,0,0,0,0,1,0
2026-07-14T15:31:16.500+0000,15,1,0,3,0,0,0,1,534,999,999,536,999,999,0.0,0,0,0,0,0,0,0,0,0,0,0,0,0,0,0,0,0,0,0,0,1,0
2026-07-14T15:31:16.505+0000,15,1,0,3,0,0,0,1,535,999,999,537,999,999,0.005000114440917969,0,0,0,0,0,0,0,0,0,0,0,0,0,0,0,0,0,0,0,0,1,0
2026-07-14T15:31:16.713+0000,15,1,0,3,0,0,0,1,536,999,999,538,999,999,0.20799994468688965,0,0,0,0,0,0,0,0,0,0,0,0,0,0,0,0,0,0,0,0,1,0
2026-07-14T15:31:16.738+0000,15,1,0,3,0,0,0,1,537,999,999,539,999,999,0.02499985694885254,0,0,0,0,0,0,0,0,0,0,0,0,0,0,0,0,0,0,0,0,1,0
2026-07-14T15:31:16.794+0000,15,1,0,3,0,0,0,1,538,999,999,540,999,999,0.0559999942779541,0,0,0,0,0,0,0,0,0,0,0,0,0,0,0,0,0,0,0,0,1,0
2026-07-14T15:31:16.817+0000,15,1,0,3,0,0,0,1,539,999,999,541,999,999,0.023000001907348633,0,0,0,0,0,0,0,0,0,0,0,0,0,0,0,0,0,0,0,0,1,0
2026-07-14T15:31:16.841+0000,15,1,0,3,0,0,0,1,540,999,999,542,999,999,0.024000167846679688,0,0,0,0,0,0,0,0,0,0,0,0,0,0,0,0,0,0,0,0,1,0
2026-07-14T15:31:16.868+0000,15,1,0,3,0,0,0,1,541,999,999,543,999,999,0.026999950408935547,0,0,0,0,0,0,0,0,0,0,0,0,0,0,0,0,0,0,0,0,1,0
2026-07-14T15:31:16.898+0000,15,1,0,3,0,0,0,1,542,999,999,544,999,999,0.029999971389770508,0,0,0,0,0,0,0,0,0,0,0,0,0,0,0,0,0,0,0,0,1,0
2026-07-14T15:31:16.904+0000,15,1,0,3,0,0,0,1,543,999,999,545,999,999,0.006000041961669922,0,0,0,0,0,0,0,0,0,0,0,0,0,0,0,0,0,0,0,0,1,0
2026-07-14T15:31:17.005+0000,15,1,0,3,0,0,0,1,544,999,999,546,999,999,0.10100007057189941,0,0,0,0,0,0,0,0,0,0,0,0,0,0,0,0,0,0,0,0,1,0
2026-07-14T15:31:17.005+0000,15,1,0,3,0,0,0,1,545,999,999,547,999,999,0.0,0,0,0,0,0,0,0,0,0,0,0,0,0,0,0,0,0,0,0,0,1,0
2026-07-14T15:31:17.024+0000,15,1,0,3,0,0,0,1,546,999,999,548,999,999,0.018999814987182617,0,0,0,0,0,0,0,0,0,0,0,0,0,0,0,0,0,0,0,0,1,0
2026-07-14T15:31:17.038+0000,15,1,0,3,0,0,0,1,547,999,999,549,999,999,0.014000177383422852,0,0,0,0,0,0,0,0,0,0,0,0,0,0,0,0,0,0,0,0,1,0
2026-07-14T15:31:17.134+0000,15,1,0,3,0,0,0,1,548,999,999,550,999,999,0.09599995613098145,0,0,0,0,0,0,0,0,0,0,0,0,0,0,0,0,0,0,0,0,1,0
2026-07-14T15:31:17.151+0000,15,1,0,3,0,0,0,1,549,999,999,551,999,999,0.01699995994567871,0,0,0,0,0,0,0,0,0,0,0,0,0,0,0,0,0,0,0,0,1,0
2026-07-14T15:31:17.187+0000,15,1,0,3,0,0,0,1,550,999,999,552,999,999,0.03600001335144043,0,0,0,0,0,0,0,0,0,0,0,0,0,0,0,0,0,0,0,0,1,0
2026-07-14T15:31:17.303+0000,15,1,0,3,0,0,0,1,551,999,999,553,999,999,0.11599993705749512,0,0,0,0,0,0,0,0,0,0,0,0,0,0,0,0,0,0,0,0,1,0
2026-07-14T15:31:17.332+0000,15,1,0,3,0,0,0,1,552,999,999,554,999,999,0.029000043869018555,0,0,0,0,0,0,0,0,0,0,0,0,0,0,0,0,0,0,0,0,1,0
2026-07-14T15:31:17.373+0000,15,1,0,3,0,0,0,1,553,999,999,555,999,999,0.0409998893737793,0,0,0,0,0,0,0,0,0,0,0,0,0,0,0,0,0,0,0,0,1,0
2026-07-14T15:31:17.450+0000,15,1,0,3,0,0,0,1,554,999,999,556,999,999,0.07700014114379883,0,0,0,0,0,0,0,0,0,0,0,0,0,0,0,0,0,0,0,0,1,0
2026-07-14T15:31:17.494+0000,15,1,0,3,0,0,0,1,555,999,999,557,999,999,0.04399991035461426,0,0,0,0,0,0,0,0,0,0,0,0,0,0,0,0,0,0,0,0,1,0
2026-07-14T15:31:17.577+0000,15,1,0,3,0,0,0,1,556,999,999,558,999,999,0.08299994468688965,0,0,0,0,0,0,0,0,0,0,0,0,0,0,0,0,0,0,0,0,1,0
2026-07-14T15:31:17.591+0000,15,1,0,3,0,0,0,1,557,999,999,559,999,999,0.014000177383422852,0,0,0,0,0,0,0,0,0,0,0,0,0,0,0,0,0,0,0,0,1,0
2026-07-14T15:31:17.610+0000,15,1,0,3,0,0,0,1,558,999,999,560,999,999,0.018999814987182617,0,0,0,0,0,0,0,0,0,0,0,0,0,0,0,0,0,0,0,0,1,0
2026-07-14T15:31:17.613+0000,15,1,0,3,0,0,0,1,559,999,999,561,999,999,0.003000020980834961,0,0,0,0,0,0,0,0,0,0,0,0,0,0,0,0,0,0,0,0,1,0
2026-07-14T15:31:17.681+0000,15,1,0,3,0,0,0,1,560,999,999,562,999,999,0.06800007820129395,0,0,0,0,0,0,0,0,0,0,0,0,0,0,0,0,0,0,0,0,1,0
2026-07-14T15:31:17.689+0000,15,1,0,3,0,0,0,1,561,999,999,563,999,999,0.007999897003173828,0,0,0,0,0,0,0,0,0,0,0,0,0,0,0,0,0,0,0,0,1,0
2026-07-14T15:31:17.827+0000,15,1,0,3,0,0,0,1,562,999,999,564,999,999,0.1380000114440918,0,0,0,0,0,0,0,0,0,0,0,0,0,0,0,0,0,0,0,0,1,0
2026-07-14T15:31:17.841+0000,15,1,0,3,0,0,0,1,563,999,999,565,999,999,0.014000177383422852,0,0,0,0,0,0,0,0,0,0,0,0,0,0,0,0,0,0,0,0,1,0
2026-07-14T15:31:17.852+0000,15,1,0,3,0,0,0,1,564,999,999,566,999,999,0.010999917984008789,0,0,0,0,0,0,0,0,0,0,0,0,0,0,0,0,0,0,0,0,1,0
2026-07-14T15:31:17.864+0000,15,1,0,3,0,0,0,1,565,999,999,567,999,999,0.012000083923339844,0,0,0,0,0,0,0,0,0,0,0,0,0,0,0,0,0,0,0,0,1,0
2026-07-14T15:31:17.951+0000,15,1,0,3,0,0,0,1,566,999,999,568,999,999,0.08699989318847656,0,0,0,0,0,0,0,0,0,0,0,0,0,0,0,0,0,0,0,0,1,0
2026-07-14T15:31:17.981+0000,15,1,0,3,0,0,0,1,567,999,999,569,999,999,0.029999971389770508,0,0,0,0,0,0,0,0,0,0,0,0,0,0,0,0,0,0,0,0,1,0
2026-07-14T15:31:18.002+0000,15,1,0,3,0,0,0,1,568,999,999,570,999,999,0.021000146865844727,0,0,0,0,0,0,0,0,0,0,0,0,0,0,0,0,0,0,0,0,1,0
2026-07-14T15:31:18.024+0000,15,1,0,3,0,0,0,1,569,999,999,571,999,999,0.021999835968017578,0,0,0,0,0,0,0,0,0,0,0,0,0,0,0,0,0,0,0,0,1,0
2026-07-14T15:31:18.106+0000,15,1,0,3,0,0,0,1,570,999,999,572,999,999,0.0820000171661377,0,0,0,0,0,0,0,0,0,0,0,0,0,0,0,0,0,0,0,0,1,0
2026-07-14T15:31:18.157+0000,15,1,0,3,0,0,0,1,571,999,999,573,999,999,0.051000118255615234,0,0,0,0,0,0,0,0,0,0,0,0,0,0,0,0,0,0,0,0,1,0
2026-07-14T15:31:18.170+0000,15,1,0,3,0,0,0,1,572,999,999,574,999,999,0.013000011444091797,0,0,0,0,0,0,0,0,0,0,0,0,0,0,0,0,0,0,0,0,1,0
2026-07-14T15:31:18.204+0000,15,1,0,3,0,0,0,1,573,999,999,575,999,999,0.03399991989135742,0,0,0,0,0,0,0,0,0,0,0,0,0,0,0,0,0,0,0,0,1,0
2026-07-14T15:31:18.329+0000,15,1,0,3,0,0,0,1,574,999,999,576,999,999,0.125,0,0,0,0,0,0,0,0,0,0,0,0,0,0,0,0,0,0,0,0,1,0
2026-07-14T15:31:18.329+0000,15,1,0,3,0,0,0,1,575,999,999,577,999,999,0.0,0,0,0,0,0,0,0,0,0,0,0,0,0,0,0,0,0,0,0,0,1,0
2026-07-14T15:31:18.329+0000,15,1,0,3,0,0,0,1,576,999,999,578,999,999,0.0,0,0,0,0,0,0,0,0,0,0,0,0,0,0,0,0,0,0,0,0,1,0
2026-07-14T15:31:18.337+0000,15,1,0,3,0,0,0,1,577,999,999,579,999,999,0.007999897003173828,0,0,0,0,0,0,0,0,0,0,0,0,0,0,0,0,0,0,0,0,1,0
2026-07-14T15:31:18.414+0000,15,1,0,3,0,0,0,1,578,999,999,580,999,999,0.07700014114379883,0,0,0,0,0,0,0,0,0,0,0,0,0,0,0,0,0,0,0,0,1,0
2026-07-14T15:31:32.596+0000,15,1,0,3,0,0,0,1,0,0,8,581,999,999,587.9429998397827,0,0,0,0,0,0,0,0,0,0,0,0,0,0,0,0,0,0,0,1,0,0
2026-07-14T15:32:58.551+0000,15,1,0,3,0,0,0,1,0,582,999,0,585,999,100.13700008392334,0,0,0,0,0,0,0,0,0,0,0,0,0,0,0,0,0,0,0,0,1,0
2026-07-14T15:34:42.612+0000,15,1,0,3,0,0,0,1,0,580,999,0,583,999,104.0609998703003,0,0,0,0,0,0,0,0,0,0,0,0,0,0,0,0,0,0,0,0,1,0
2026-07-14T15:35:58.601+0000,15,1,0,3,0,0,0,1,0,470,999,0,473,999,75.98900008201599,0,0,0,0,0,0,0,0,0,0,0,0,0,0,0,0,0,0,0,0,1,0
2026-07-14T15:36:48.598+0000,15,1,0,3,0,0,0,1,1,3,999,1,3,999,49.996999979019165,0,0,0,0,0,0,0,0,0,0,0,0,0,0,0,0,0,0,0,0,1,0
2026-07-14T15:37:34.661+0000,15,1,0,3,0,0,0,1,1,4,999,1,4,999,46.062999963760376,0,0,0,0,0,0,0,0,0,0,0,0,0,0,0,0,0,0,0,0,1,0
2026-07-14T15:37:34.664+0000,15,1,0,3,0,0,0,1,2,5,999,2,5,999,0.003000020980834961,0,0,0,0,0,0,0,0,0,0,0,0,0,0,0,0,0,0,0,0,1,0
2026-07-14T15:37:34.678+0000,15,1,0,3,0,0,0,1,3,6,999,3,6,999,0.01399993896484375,0,0,0,0,0,0,0,0,0,0,0,0,0,0,0,0,0,0,0,0,1,0
2026-07-14T15:37:36.653+0000,15,1,0,3,0,0,0,1,4,7,999,4,7,999,1.9750001430511475,0,0,0,0,0,0,0,0,0,0,0,0,0,0,0,0,0,0,0,0,1,0
2026-07-14T15:37:36.684+0000,15,1,0,3,0,0,0,1,5,8,999,5,8,999,0.03099989891052246,0,0,0,0,0,0,0,0,0,0,0,0,0,0,0,0,0,0,0,0,1,0
2026-07-14T15:37:36.693+0000,15,1,0,3,0,0,0,1,6,9,999,6,9,999,0.009000062942504883,0,0,0,0,0,0,0,0,0,0,0,0,0,0,0,0,0,0,0,0,1,0
2026-07-14T15:37:36.695+0000,15,1,0,3,0,0,0,1,7,10,999,7,10,999,0.0019998550415039062,0,0,0,0,0,0,0,0,0,0,0,0,0,0,0,0,0,0,0,0,1,0
2026-07-14T15:37:38.676+0000,15,1,0,3,0,0,0,1,8,11,999,8,11,999,1.9810001850128174,0,0,0,0,0,0,0,0,0,0,0,0,0,0,0,0,0,0,0,0,1,0
2026-07-14T15:37:40.844+0000,15,1,0,3,0,0,0,1,9,12,999,9,12,999,2.1679999828338623,0,0,0,0,0,0,0,0,0,0,0,0,0,0,0,0,0,0,0,0,1,0
2026-07-14T15:37:42.647+0000,15,1,0,3,0,0,0,1,10,13,999,10,13,999,1.8029999732971191,0,0,0,0,0,0,0,0,0,0,0,0,0,0,0,0,0,0,0,0,1,0
2026-07-14T15:37:42.657+0000,15,1,0,3,0,0,0,1,11,14,999,11,14,999,0.009999990463256836,0,0,0,0,0,0,0,0,0,0,0,0,0,0,0,0,0,0,0,0,1,0
2026-07-14T15:37:42.782+0000,15,1,0,3,0,0,0,1,12,15,999,12,15,999,0.125,0,0,0,0,0,0,0,0,0,0,0,0,0,0,0,0,0,0,0,0,1,0
2026-07-14T15:37:42.783+0000,15,1,0,3,0,0,0,1,13,16,999,13,16,999,0.0009999275207519531,0,0,0,0,0,0,0,0,0,0,0,0,0,0,0,0,0,0,0,0,1,0
2026-07-14T15:37:42.900+0000,15,1,0,3,0,0,0,1,14,17,999,14,17,999,0.11700010299682617,0,0,0,0,0,0,0,0,0,0,0,0,0,0,0,0,0,0,0,0,1,0
2026-07-14T15:37:42.956+0000,15,1,0,3,0,0,0,1,15,18,999,15,18,999,0.0559999942779541,0,0,0,0,0,0,0,0,0,0,0,0,0,0,0,0,0,0,0,0,1,0
2026-07-14T15:37:42.986+0000,15,1,0,3,0,0,0,1,16,19,999,16,19,999,0.029999971389770508,0,0,0,0,0,0,0,0,0,0,0,0,0,0,0,0,0,0,0,0,1,0
2026-07-14T15:37:42.993+0000,15,1,0,3,0,0,0,1,17,20,999,17,20,999,0.006999969482421875,0,0,0,0,0,0,0,0,0,0,0,0,0,0,0,0,0,0,0,0,1,0
2026-07-14T15:37:43.079+0000,15,1,0,3,0,0,0,1,18,21,999,18,21,999,0.08599996566772461,0,0,0,0,0,0,0,0,0,0,0,0,0,0,0,0,0,0,0,0,1,0
2026-07-14T15:37:43.108+0000,15,1,0,3,0,0,0,1,19,22,999,19,22,999,0.029000043869018555,0,0,0,0,0,0,0,0,0,0,0,0,0,0,0,0,0,0,0,0,1,0
2026-07-14T15:37:43.167+0000,15,1,0,3,0,0,0,1,20,23,999,20,23,999,0.05900001525878906,0,0,0,0,0,0,0,0,0,0,0,0,0,0,0,0,0,0,0,0,1,0
2026-07-14T15:37:43.216+0000,15,1,0,3,0,0,0,1,21,24,999,21,24,999,0.04900002479553223,0,0,0,0,0,0,0,0,0,0,0,0,0,0,0,0,0,0,0,0,1,0
2026-07-14T15:37:43.378+0000,15,1,0,3,0,0,0,1,22,25,999,22,25,999,0.16199994087219238,0,0,0,0,0,0,0,0,0,0,0,0,0,0,0,0,0,0,0,0,1,0
2026-07-14T15:37:43.380+0000,15,1,0,3,0,0,0,1,23,26,999,23,26,999,0.002000093460083008,0,0,0,0,0,0,0,0,0,0,0,0,0,0,0,0,0,0,0,0,1,0
2026-07-14T15:37:43.403+0000,15,1,0,3,0,0,0,1,24,27,999,24,27,999,0.023000001907348633,0,0,0,0,0,0,0,0,0,0,0,0,0,0,0,0,0,0,0,0,1,0
2026-07-14T15:37:43.467+0000,15,1,0,3,0,0,0,1,25,28,999,25,28,999,0.06399989128112793,0,0,0,0,0,0,0,0,0,0,0,0,0,0,0,0,0,0,0,0,1,0
2026-07-14T15:37:43.521+0000,15,1,0,3,0,0,0,1,26,29,999,26,29,999,0.053999900817871094,0,0,0,0,0,0,0,0,0,0,0,0,0,0,0,0,0,0,0,0,1,0
2026-07-14T15:37:43.589+0000,15,1,0,3,0,0,0,1,27,30,999,27,30,999,0.06800007820129395,0,0,0,0,0,0,0,0,0,0,0,0,0,0,0,0,0,0,0,0,1,0
2026-07-14T15:37:43.629+0000,15,1,0,3,0,0,0,1,28,31,999,28,31,999,0.039999961853027344,0,0,0,0,0,0,0,0,0,0,0,0,0,0,0,0,0,0,0,0,1,0
2026-07-14T15:37:43.635+0000,15,1,0,3,0,0,0,1,29,32,999,29,32,999,0.006000041961669922,0,0,0,0,0,0,0,0,0,0,0,0,0,0,0,0,0,0,0,0,1,0
2026-07-14T15:37:43.677+0000,15,1,0,3,0,0,0,1,30,33,999,30,33,999,0.04200005531311035,0,0,0,0,0,0,0,0,0,0,0,0,0,0,0,0,0,0,0,0,1,0
2026-07-14T15:37:43.744+0000,15,1,0,3,0,0,0,1,31,34,999,31,34,999,0.06699991226196289,0,0,0,0,0,0,0,0,0,0,0,0,0,0,0,0,0,0,0,0,1,0
2026-07-14T15:37:43.746+0000,15,1,0,3,0,0,0,1,32,35,999,32,35,999,0.002000093460083008,0,0,0,0,0,0,0,0,0,0,0,0,0,0,0,0,0,0,0,0,1,0
2026-07-14T15:37:43.754+0000,15,1,0,3,0,0,0,1,33,36,999,33,36,999,0.007999897003173828,0,0,0,0,0,0,0,0,0,0,0,0,0,0,0,0,0,0,0,0,1,0
2026-07-14T15:37:43.777+0000,15,1,0,3,0,0,0,1,34,37,999,34,37,999,0.023000001907348633,0,0,0,0,0,0,0,0,0,0,0,0,0,0,0,0,0,0,0,0,1,0
2026-07-14T15:37:43.787+0000,15,1,0,3,0,0,0,1,35,38,999,35,38,999,0.009999990463256836,0,0,0,0,0,0,0,0,0,0,0,0,0,0,0,0,0,0,0,0,1,0
2026-07-14T15:37:43.804+0000,15,1,0,3,0,0,0,1,36,39,999,36,39,999,0.01699995994567871,0,0,0,0,0,0,0,0,0,0,0,0,0,0,0,0,0,0,0,0,1,0
2026-07-14T15:37:43.827+0000,15,1,0,3,0,0,0,1,37,40,999,37,40,999,0.023000001907348633,0,0,0,0,0,0,0,0,0,0,0,0,0,0,0,0,0,0,0,0,1,0
2026-07-14T15:37:43.891+0000,15,1,0,3,0,0,0,1,38,41,999,38,41,999,0.06400012969970703,0,0,0,0,0,0,0,0,0,0,0,0,0,0,0,0,0,0,0,0,1,0
2026-07-14T15:37:43.917+0000,15,1,0,3,0,0,0,1,39,42,999,39,42,999,0.026000022888183594,0,0,0,0,0,0,0,0,0,0,0,0,0,0,0,0,0,0,0,0,1,0
2026-07-14T15:37:43.938+0000,15,1,0,3,0,0,0,1,40,43,999,40,43,999,0.020999908447265625,0,0,0,0,0,0,0,0,0,0,0,0,0,0,0,0,0,0,0,0,1,0
2026-07-14T15:37:43.954+0000,15,1,0,3,0,0,0,1,41,44,999,41,44,999,0.016000032424926758,0,0,0,0,0,0,0,0,0,0,0,0,0,0,0,0,0,0,0,0,1,0
2026-07-14T15:37:43.963+0000,15,1,0,3,0,0,0,1,42,45,999,42,45,999,0.009000062942504883,0,0,0,0,0,0,0,0,0,0,0,0,0,0,0,0,0,0,0,0,1,0
2026-07-14T15:37:44.010+0000,15,1,0,3,0,0,0,1,43,46,999,43,46,999,0.04699993133544922,0,0,0,0,0,0,0,0,0,0,0,0,0,0,0,0,0,0,0,0,1,0
2026-07-14T15:37:44.094+0000,15,1,0,3,0,0,0,1,44,47,999,44,47,999,0.0840001106262207,0,0,0,0,0,0,0,0,0,0,0,0,0,0,0,0,0,0,0,0,1,0
2026-07-14T15:37:44.108+0000,15,1,0,3,0,0,0,1,45,48,999,45,48,999,0.01399993896484375,0,0,0,0,0,0,0,0,0,0,0,0,0,0,0,0,0,0,0,0,1,0
2026-07-14T15:37:44.135+0000,15,1,0,3,0,0,0,1,46,49,999,46,49,999,0.026999950408935547,0,0,0,0,0,0,0,0,0,0,0,0,0,0,0,0,0,0,0,0,1,0
2026-07-14T15:37:44.173+0000,15,1,0,3,0,0,0,1,47,50,999,47,50,999,0.03800010681152344,0,0,0,0,0,0,0,0,0,0,0,0,0,0,0,0,0,0,0,0,1,0
2026-07-14T15:37:44.199+0000,15,1,0,3,0,0,0,1,48,51,999,48,51,999,0.025999784469604492,0,0,0,0,0,0,0,0,0,0,0,0,0,0,0,0,0,0,0,0,1,0
2026-07-14T15:37:44.208+0000,15,1,0,3,0,0,0,1,49,52,999,49,52,999,0.009000062942504883,0,0,0,0,0,0,0,0,0,0,0,0,0,0,0,0,0,0,0,0,1,0
2026-07-14T15:37:44.217+0000,15,1,0,3,0,0,0,1,50,53,999,50,53,999,0.009000062942504883,0,0,0,0,0,0,0,0,0,0,0,0,0,0,0,0,0,0,0,0,1,0
2026-07-14T15:37:44.240+0000,15,1,0,3,0,0,0,1,51,54,999,51,54,999,0.023000001907348633,0,0,0,0,0,0,0,0,0,0,0,0,0,0,0,0,0,0,0,0,1,0
2026-07-14T15:37:44.254+0000,15,1,0,3,0,0,0,1,52,55,999,52,55,999,0.01399993896484375,0,0,0,0,0,0,0,0,0,0,0,0,0,0,0,0,0,0,0,0,1,0
2026-07-14T15:37:44.287+0000,15,1,0,3,0,0,0,1,53,56,999,53,56,999,0.03299999237060547,0,0,0,0,0,0,0,0,0,0,0,0,0,0,0,0,0,0,0,0,1,0
2026-07-14T15:37:44.295+0000,15,1,0,3,0,0,0,1,54,57,999,54,57,999,0.00800013542175293,0,0,0,0,0,0,0,0,0,0,0,0,0,0,0,0,0,0,0,0,1,0
2026-07-14T15:37:44.359+0000,15,1,0,3,0,0,0,1,55,58,999,55,58,999,0.06399989128112793,0,0,0,0,0,0,0,0,0,0,0,0,0,0,0,0,0,0,0,0,1,0
2026-07-14T15:37:44.411+0000,15,1,0,3,0,0,0,1,56,59,999,56,59,999,0.05200004577636719,0,0,0,0,0,0,0,0,0,0,0,0,0,0,0,0,0,0,0,0,1,0
2026-07-14T15:37:44.482+0000,15,1,0,3,0,0,0,1,57,60,999,57,60,999,0.0710000991821289,0,0,0,0,0,0,0,0,0,0,0,0,0,0,0,0,0,0,0,0,1,0
2026-07-14T15:37:44.517+0000,15,1,0,3,0,0,0,1,58,61,999,58,61,999,0.034999847412109375,0,0,0,0,0,0,0,0,0,0,0,0,0,0,0,0,0,0,0,0,1,0
2026-07-14T15:37:44.553+0000,15,1,0,3,0,0,0,1,59,62,999,59,62,999,0.03600001335144043,0,0,0,0,0,0,0,0,0,0,0,0,0,0,0,0,0,0,0,0,1,0
2026-07-14T15:37:44.611+0000,15,1,0,3,0,0,0,1,60,63,999,60,63,999,0.05800008773803711,0,0,0,0,0,0,0,0,0,0,0,0,0,0,0,0,0,0,0,0,1,0
2026-07-14T15:37:44.717+0000,15,1,0,3,0,0,0,1,61,64,999,61,64,999,0.10599994659423828,0,0,0,0,0,0,0,0,0,0,0,0,0,0,0,0,0,0,0,0,1,0
2026-07-14T15:37:44.725+0000,15,1,0,3,0,0,0,1,62,65,999,62,65,999,0.007999897003173828,0,0,0,0,0,0,0,0,0,0,0,0,0,0,0,0,0,0,0,0,1,0
2026-07-14T15:37:44.788+0000,15,1,0,3,0,0,0,1,63,66,999,63,66,999,0.06300020217895508,0,0,0,0,0,0,0,0,0,0,0,0,0,0,0,0,0,0,0,0,1,0
2026-07-14T15:37:44.914+0000,15,1,0,3,0,0,0,1,64,67,999,64,67,999,0.12599992752075195,0,0,0,0,0,0,0,0,0,0,0,0,0,0,0,0,0,0,0,0,1,0
2026-07-14T15:37:45.044+0000,15,1,0,3,0,0,0,1,65,68,999,65,68,999,0.12999987602233887,0,0,0,0,0,0,0,0,0,0,0,0,0,0,0,0,0,0,0,0,1,0
2026-07-14T15:37:45.135+0000,15,1,0,3,0,0,0,1,66,69,999,66,69,999,0.09100008010864258,0,0,0,0,0,0,0,0,0,0,0,0,0,0,0,0,0,0,0,0,1,0
2026-07-14T15:37:45.172+0000,15,1,0,3,0,0,0,1,67,70,999,67,70,999,0.03699994087219238,0,0,0,0,0,0,0,0,0,0,0,0,0,0,0,0,0,0,0,0,1,0
2026-07-14T15:37:45.208+0000,15,1,0,3,0,0,0,1,68,71,999,68,71,999,0.03600001335144043,0,0,0,0,0,0,0,0,0,0,0,0,0,0,0,0,0,0,0,0,1,0
2026-07-14T15:37:45.235+0000,15,1,0,3,0,0,0,1,69,72,999,69,72,999,0.026999950408935547,0,0,0,0,0,0,0,0,0,0,0,0,0,0,0,0,0,0,0,0,1,0
2026-07-14T15:37:51.818+0000,15,1,0,3,0,0,0,1,69,73,999,69,73,999,6.583000183105469,0,0,0,0,0,0,0,0,0,0,0,0,0,0,0,0,0,0,0,0,1,0
2026-07-14T15:37:51.818+0000,15,1,0,3,0,0,0,1,70,74,999,70,74,999,0.0,0,0,0,0,0,0,0,0,0,0,0,0,0,0,0,0,0,0,0,0,1,0
2026-07-14T15:37:51.818+0000,15,1,0,3,0,0,0,1,71,75,999,71,75,999,0.0,0,0,0,0,0,0,0,0,0,0,0,0,0,0,0,0,0,0,0,0,1,0
2026-07-14T15:37:51.820+0000,15,1,0,3,0,0,0,1,72,76,999,72,76,999,0.0019998550415039062,0,0,0,0,0,0,0,0,0,0,0,0,0,0,0,0,0,0,0,0,1,0
2026-07-14T15:37:51.820+0000,15,1,0,3,0,0,0,1,73,77,999,73,77,999,0.0,0,0,0,0,0,0,0,0,0,0,0,0,0,0,0,0,0,0,0,0,1,0
2026-07-14T15:37:51.952+0000,15,1,0,3,0,0,0,1,74,78,999,74,78,999,0.13199996948242188,0,0,0,0,0,0,0,0,0,0,0,0,0,0,0,0,0,0,0,0,1,0
2026-07-14T15:37:51.953+0000,15,1,0,3,0,0,0,1,75,79,999,75,79,999,0.0010001659393310547,0,0,0,0,0,0,0,0,0,0,0,0,0,0,0,0,0,0,0,0,1,0
2026-07-14T15:37:51.953+0000,15,1,0,3,0,0,0,1,76,80,999,76,80,999,0.0,0,0,0,0,0,0,0,0,0,0,0,0,0,0,0,0,0,0,0,0,1,0
2026-07-14T15:37:51.953+0000,15,1,0,3,0,0,0,1,77,81,999,77,81,999,0.0,0,0,0,0,0,0,0,0,0,0,0,0,0,0,0,0,0,0,0,0,1,0
2026-07-14T15:37:51.953+0000,15,1,0,3,0,0,0,1,78,82,999,78,82,999,0.0,0,0,0,0,0,0,0,0,0,0,0,0,0,0,0,0,0,0,0,0,1,0
2026-07-14T15:37:51.954+0000,15,1,0,3,0,0,0,1,79,83,999,79,83,999,0.0009999275207519531,0,0,0,0,0,0,0,0,0,0,0,0,0,0,0,0,0,0,0,0,1,0
2026-07-14T15:37:51.954+0000,15,1,0,3,0,0,0,1,80,84,999,80,84,999,0.0,0,0,0,0,0,0,0,0,0,0,0,0,0,0,0,0,0,0,0,0,1,0
2026-07-14T15:37:51.954+0000,15,1,0,3,0,0,0,1,81,85,999,81,85,999,0.0,0,0,0,0,0,0,0,0,0,0,0,0,0,0,0,0,0,0,0,0,1,0
2026-07-14T15:37:51.979+0000,15,1,0,3,0,0,0,1,82,86,999,82,86,999,0.02500009536743164,0,0,0,0,0,0,0,0,0,0,0,0,0,0,0,0,0,0,0,0,1,0
2026-07-14T15:37:52.008+0000,15,1,0,3,0,0,0,1,83,87,999,83,87,999,0.028999805450439453,0,0,0,0,0,0,0,0,0,0,0,0,0,0,0,0,0,0,0,0,1,0
2026-07-14T15:37:52.009+0000,15,1,0,3,0,0,0,1,84,88,999,84,88,999,0.0010001659393310547,0,0,0,0,0,0,0,0,0,0,0,0,0,0,0,0,0,0,0,0,1,0
2026-07-14T15:37:52.010+0000,15,1,0,3,0,0,0,1,85,89,999,85,89,999,0.0009999275207519531,0,0,0,0,0,0,0,0,0,0,0,0,0,0,0,0,0,0,0,0,1,0
2026-07-14T15:37:52.011+0000,15,1,0,3,0,0,0,1,86,90,999,86,90,999,0.0009999275207519531,0,0,0,0,0,0,0,0,0,0,0,0,0,0,0,0,0,0,0,0,1,0
2026-07-14T15:37:52.011+0000,15,1,0,3,0,0,0,1,87,91,999,87,91,999,0.0,0,0,0,0,0,0,0,0,0,0,0,0,0,0,0,0,0,0,0,0,1,0
2026-07-14T15:37:52.011+0000,15,1,0,3,0,0,0,1,88,92,999,88,92,999,0.0,0,0,0,0,0,0,0,0,0,0,0,0,0,0,0,0,0,0,0,0,1,0
2026-07-14T15:37:52.012+0000,15,1,0,3,0,0,0,1,89,93,999,89,93,999,0.0010001659393310547,0,0,0,0,0,0,0,0,0,0,0,0,0,0,0,0,0,0,0,0,1,0
2026-07-14T15:37:52.012+0000,15,1,0,3,0,0,0,1,90,94,999,90,94,999,0.0,0,0,0,0,0,0,0,0,0,0,0,0,0,0,0,0,0,0,0,0,1,0
2026-07-14T15:37:52.013+0000,15,1,0,3,0,0,0,1,91,95,999,91,95,999,0.0009999275207519531,0,0,0,0,0,0,0,0,0,0,0,0,0,0,0,0,0,0,0,0,1,0
2026-07-14T15:37:52.013+0000,15,1,0,3,0,0,0,1,92,96,999,92,96,999,0.0,0,0,0,0,0,0,0,0,0,0,0,0,0,0,0,0,0,0,0,0,1,0
2026-07-14T15:37:52.013+0000,15,1,0,3,0,0,0,1,93,97,999,93,97,999,0.0,0,0,0,0,0,0,0,0,0,0,0,0,0,0,0,0,0,0,0,0,1,0
2026-07-14T15:37:52.013+0000,15,1,0,3,0,0,0,1,94,98,999,94,98,999,0.0,0,0,0,0,0,0,0,0,0,0,0,0,0,0,0,0,0,0,0,0,1,0
2026-07-14T15:37:52.014+0000,15,1,0,3,0,0,0,1,95,99,999,95,99,999,0.0009999275207519531,0,0,0,0,0,0,0,0,0,0,0,0,0,0,0,0,0,0,0,0,1,0
2026-07-14T15:37:52.014+0000,15,1,0,3,0,0,0,1,96,100,999,96,100,999,0.0,0,0,0,0,0,0,0,0,0,0,0,0,0,0,0,0,0,0,0,0,1,0
2026-07-14T15:37:52.014+0000,15,1,0,3,0,0,0,1,97,101,999,97,101,999,0.0,0,0,0,0,0,0,0,0,0,0,0,0,0,0,0,0,0,0,0,0,1,0
2026-07-14T15:37:52.014+0000,15,1,0,3,0,0,0,1,98,102,999,98,102,999,0.0,0,0,0,0,0,0,0,0,0,0,0,0,0,0,0,0,0,0,0,0,1,0
2026-07-14T15:37:52.017+0000,15,1,0,3,0,0,0,1,99,103,999,99,103,999,0.003000020980834961,0,0,0,0,0,0,0,0,0,0,0,0,0,0,0,0,0,0,0,0,1,0
2026-07-14T15:37:52.017+0000,15,1,0,3,0,0,0,1,100,104,999,100,104,999,0.0,0,0,0,0,0,0,0,0,0,0,0,0,0,0,0,0,0,0,0,0,1,0
2026-07-14T15:37:52.017+0000,15,1,0,3,0,0,0,1,101,105,999,101,105,999,0.0,0,0,0,0,0,0,0,0,0,0,0,0,0,0,0,0,0,0,0,0,1,0
2026-07-14T15:37:52.054+0000,15,1,0,3,0,0,0,1,102,106,999,102,106,999,0.03699994087219238,0,0,0,0,0,0,0,0,0,0,0,0,0,0,0,0,0,0,0,0,1,0
2026-07-14T15:37:52.054+0000,15,1,0,3,0,0,0,1,103,107,999,103,107,999,0.0,0,0,0,0,0,0,0,0,0,0,0,0,0,0,0,0,0,0,0,0,1,0
2026-07-14T15:37:52.054+0000,15,1,0,3,0,0,0,1,104,108,999,104,108,999,0.0,0,0,0,0,0,0,0,0,0,0,0,0,0,0,0,0,0,0,0,0,1,0
2026-07-14T15:37:52.155+0000,15,1,0,3,0,0,0,1,105,109,999,105,109,999,0.10100007057189941,0,0,0,0,0,0,0,0,0,0,0,0,0,0,0,0,0,0,0,0,1,0
2026-07-14T15:37:52.223+0000,15,1,0,3,0,0,0,1,106,110,999,106,110,999,0.06800007820129395,0,0,0,0,0,0,0,0,0,0,0,0,0,0,0,0,0,0,0,0,1,0
2026-07-14T15:37:52.310+0000,15,1,0,3,0,0,0,1,107,111,999,107,111,999,0.08699989318847656,0,0,0,0,0,0,0,0,0,0,0,0,0,0,0,0,0,0,0,0,1,0
2026-07-14T15:37:52.348+0000,15,1,0,3,0,0,0,1,108,112,999,108,112,999,0.03800010681152344,0,0,0,0,0,0,0,0,0,0,0,0,0,0,0,0,0,0,0,0,1,0
2026-07-14T15:37:52.354+0000,15,1,0,3,0,0,0,1,109,113,999,109,113,999,0.006000041961669922,0,0,0,0,0,0,0,0,0,0,0,0,0,0,0,0,0,0,0,0,1,0
2026-07-14T15:37:52.393+0000,15,1,0,3,0,0,0,1,110,114,999,110,114,999,0.03899979591369629,0,0,0,0,0,0,0,0,0,0,0,0,0,0,0,0,0,0,0,0,1,0
2026-07-14T15:37:52.440+0000,15,1,0,3,0,0,0,1,111,115,999,111,115,999,0.04700016975402832,0,0,0,0,0,0,0,0,0,0,0,0,0,0,0,0,0,0,0,0,1,0
2026-07-14T15:37:52.465+0000,15,1,0,3,0,0,0,1,112,116,999,112,116,999,0.02499985694885254,0,0,0,0,0,0,0,0,0,0,0,0,0,0,0,0,0,0,0,0,1,0
2026-07-14T15:37:52.499+0000,15,1,0,3,0,0,0,1,113,117,999,113,117,999,0.03400015830993652,0,0,0,0,0,0,0,0,0,0,0,0,0,0,0,0,0,0,0,0,1,0
2026-07-14T15:37:52.513+0000,15,1,0,3,0,0,0,1,114,118,999,114,118,999,0.01399993896484375,0,0,0,0,0,0,0,0,0,0,0,0,0,0,0,0,0,0,0,0,1,0
2026-07-14T15:37:52.547+0000,15,1,0,3,0,0,0,1,115,119,999,115,119,999,0.03399991989135742,0,0,0,0,0,0,0,0,0,0,0,0,0,0,0,0,0,0,0,0,1,0
2026-07-14T15:37:52.571+0000,15,1,0,3,0,0,0,1,116,120,999,116,120,999,0.024000167846679688,0,0,0,0,0,0,0,0,0,0,0,0,0,0,0,0,0,0,0,0,1,0
2026-07-14T15:37:52.656+0000,15,1,0,3,0,0,0,1,117,121,999,117,121,999,0.08499979972839355,0,0,0,0,0,0,0,0,0,0,0,0,0,0,0,0,0,0,0,0,1,0
2026-07-14T15:37:52.694+0000,15,1,0,3,0,0,0,1,118,122,999,118,122,999,0.03800010681152344,0,0,0,0,0,0,0,0,0,0,0,0,0,0,0,0,0,0,0,0,1,0
2026-07-14T15:37:52.720+0000,15,1,0,3,0,0,0,1,119,123,999,119,123,999,0.026000022888183594,0,0,0,0,0,0,0,0,0,0,0,0,0,0,0,0,0,0,0,0,1,0
2026-07-14T15:37:52.773+0000,15,1,0,3,0,0,0,1,120,124,999,120,124,999,0.05299997329711914,0,0,0,0,0,0,0,0,0,0,0,0,0,0,0,0,0,0,0,0,1,0
2026-07-14T15:37:52.912+0000,15,1,0,3,0,0,0,1,121,125,999,121,125,999,0.13899993896484375,0,0,0,0,0,0,0,0,0,0,0,0,0,0,0,0,0,0,0,0,1,0
2026-07-14T15:37:52.924+0000,15,1,0,3,0,0,0,1,122,126,999,122,126,999,0.012000083923339844,0,0,0,0,0,0,0,0,0,0,0,0,0,0,0,0,0,0,0,0,1,0
2026-07-14T15:37:52.928+0000,15,1,0,3,0,0,0,1,123,127,999,123,127,999,0.003999948501586914,0,0,0,0,0,0,0,0,0,0,0,0,0,0,0,0,0,0,0,0,1,0
2026-07-14T15:37:52.973+0000,15,1,0,3,0,0,0,1,124,128,999,124,128,999,0.04500007629394531,0,0,0,0,0,0,0,0,0,0,0,0,0,0,0,0,0,0,0,0,1,0
2026-07-14T15:37:52.999+0000,15,1,0,3,0,0,0,1,125,129,999,125,129,999,0.026000022888183594,0,0,0,0,0,0,0,0,0,0,0,0,0,0,0,0,0,0,0,0,1,0
2026-07-14T15:37:53.073+0000,15,1,0,3,0,0,0,1,126,130,999,126,130,999,0.07399988174438477,0,0,0,0,0,0,0,0,0,0,0,0,0,0,0,0,0,0,0,0,1,0
2026-07-14T15:37:53.097+0000,15,1,0,3,0,0,0,1,127,131,999,127,131,999,0.023999929428100586,0,0,0,0,0,0,0,0,0,0,0,0,0,0,0,0,0,0,0,0,1,0
2026-07-14T15:37:53.115+0000,15,1,0,3,0,0,0,1,128,132,999,128,132,999,0.018000125885009766,0,0,0,0,0,0,0,0,0,0,0,0,0,0,0,0,0,0,0,0,1,0
2026-07-14T15:37:53.146+0000,15,1,0,3,0,0,0,1,129,133,999,129,133,999,0.03099989891052246,0,0,0,0,0,0,0,0,0,0,0,0,0,0,0,0,0,0,0,0,1,0
2026-07-14T15:37:53.172+0000,15,1,0,3,0,0,0,1,130,134,999,130,134,999,0.026000022888183594,0,0,0,0,0,0,0,0,0,0,0,0,0,0,0,0,0,0,0,0,1,0
2026-07-14T15:37:53.212+0000,15,1,0,3,0,0,0,1,131,135,999,131,135,999,0.039999961853027344,0,0,0,0,0,0,0,0,0,0,0,0,0,0,0,0,0,0,0,0,1,0
2026-07-14T15:37:53.259+0000,15,1,0,3,0,0,0,1,132,136,999,132,136,999,0.04700016975402832,0,0,0,0,0,0,0,0,0,0,0,0,0,0,0,0,0,0,0,0,1,0
2026-07-14T15:37:53.305+0000,15,1,0,3,0,0,0,1,133,137,999,133,137,999,0.046000003814697266,0,0,0,0,0,0,0,0,0,0,0,0,0,0,0,0,0,0,0,0,1,0
2026-07-14T15:37:53.351+0000,15,1,0,3,0,0,0,1,134,138,999,134,138,999,0.046000003814697266,0,0,0,0,0,0,0,0,0,0,0,0,0,0,0,0,0,0,0,0,1,0
2026-07-14T15:37:53.354+0000,15,1,0,3,0,0,0,1,135,139,999,135,139,999,0.003000020980834961,0,0,0,0,0,0,0,0,0,0,0,0,0,0,0,0,0,0,0,0,1,0
2026-07-14T15:37:53.375+0000,15,1,0,3,0,0,0,1,136,140,999,136,140,999,0.020999908447265625,0,0,0,0,0,0,0,0,0,0,0,0,0,0,0,0,0,0,0,0,1,0
2026-07-14T15:37:53.382+0000,15,1,0,3,0,0,0,1,137,141,999,137,141,999,0.006999969482421875,0,0,0,0,0,0,0,0,0,0,0,0,0,0,0,0,0,0,0,0,1,0
2026-07-14T15:37:53.444+0000,15,1,0,3,0,0,0,1,138,142,999,138,142,999,0.06200003623962402,0,0,0,0,0,0,0,0,0,0,0,0,0,0,0,0,0,0,0,0,1,0
2026-07-14T15:37:53.452+0000,15,1,0,3,0,0,0,1,139,143,999,139,143,999,0.007999897003173828,0,0,0,0,0,0,0,0,0,0,0,0,0,0,0,0,0,0,0,0,1,0
2026-07-14T15:37:53.477+0000,15,1,0,3,0,0,0,1,140,144,999,140,144,999,0.02500009536743164,0,0,0,0,0,0,0,0,0,0,0,0,0,0,0,0,0,0,0,0,1,0
2026-07-14T15:37:53.536+0000,15,1,0,3,0,0,0,1,141,145,999,141,145,999,0.05900001525878906,0,0,0,0,0,0,0,0,0,0,0,0,0,0,0,0,0,0,0,0,1,0
2026-07-14T15:37:53.596+0000,15,1,0,3,0,0,0,1,142,146,999,142,146,999,0.059999942779541016,0,0,0,0,0,0,0,0,0,0,0,0,0,0,0,0,0,0,0,0,1,0
2026-07-14T15:37:53.602+0000,15,1,0,3,0,0,0,1,143,147,999,143,147,999,0.006000041961669922,0,0,0,0,0,0,0,0,0,0,0,0,0,0,0,0,0,0,0,0,1,0
2026-07-14T15:37:53.605+0000,15,1,0,3,0,0,0,1,144,148,999,144,148,999,0.003000020980834961,0,0,0,0,0,0,0,0,0,0,0,0,0,0,0,0,0,0,0,0,1,0
2026-07-14T15:37:53.610+0000,15,1,0,3,0,0,0,1,145,149,999,145,149,999,0.004999876022338867,0,0,0,0,0,0,0,0,0,0,0,0,0,0,0,0,0,0,0,0,1,0
2026-07-14T15:37:53.672+0000,15,1,0,3,0,0,0,1,146,150,999,146,150,999,0.06200003623962402,0,0,0,0,0,0,0,0,0,0,0,0,0,0,0,0,0,0,0,0,1,0
2026-07-14T15:37:53.737+0000,15,1,0,3,0,0,0,1,147,151,999,147,151,999,0.06500005722045898,0,0,0,0,0,0,0,0,0,0,0,0,0,0,0,0,0,0,0,0,1,0
2026-07-14T15:37:53.798+0000,15,1,0,3,0,0,0,1,148,152,999,148,152,999,0.06100010871887207,0,0,0,0,0,0,0,0,0,0,0,0,0,0,0,0,0,0,0,0,1,0
2026-07-14T15:37:53.830+0000,15,1,0,3,0,0,0,1,149,153,999,149,153,999,0.031999826431274414,0,0,0,0,0,0,0,0,0,0,0,0,0,0,0,0,0,0,0,0,1,0
2026-07-14T15:37:53.884+0000,15,1,0,3,0,0,0,1,150,154,999,150,154,999,0.054000139236450195,0,0,0,0,0,0,0,0,0,0,0,0,0,0,0,0,0,0,0,0,1,0
2026-07-14T15:37:53.899+0000,15,1,0,3,0,0,0,1,151,155,999,151,155,999,0.014999866485595703,0,0,0,0,0,0,0,0,0,0,0,0,0,0,0,0,0,0,0,0,1,0
2026-07-14T15:37:53.927+0000,15,1,0,3,0,0,0,1,152,156,999,152,156,999,0.0280001163482666,0,0,0,0,0,0,0,0,0,0,0,0,0,0,0,0,0,0,0,0,1,0
2026-07-14T15:37:54.027+0000,15,1,0,3,0,0,0,1,153,157,999,153,157,999,0.09999990463256836,0,0,0,0,0,0,0,0,0,0,0,0,0,0,0,0,0,0,0,0,1,0
2026-07-14T15:37:54.039+0000,15,1,0,3,0,0,0,1,154,158,999,154,158,999,0.012000083923339844,0,0,0,0,0,0,0,0,0,0,0,0,0,0,0,0,0,0,0,0,1,0
2026-07-14T15:37:54.068+0000,15,1,0,3,0,0,0,1,155,159,999,155,159,999,0.029000043869018555,0,0,0,0,0,0,0,0,0,0,0,0,0,0,0,0,0,0,0,0,1,0
2026-07-14T15:37:54.121+0000,15,1,0,3,0,0,0,1,156,160,999,156,160,999,0.05299997329711914,0,0,0,0,0,0,0,0,0,0,0,0,0,0,0,0,0,0,0,0,1,0
2026-07-14T15:37:54.182+0000,15,1,0,3,0,0,0,1,157,161,999,157,161,999,0.06099987030029297,0,0,0,0,0,0,0,0,0,0,0,0,0,0,0,0,0,0,0,0,1,0
2026-07-14T15:37:54.253+0000,15,1,0,3,0,0,0,1,158,162,999,158,162,999,0.0710000991821289,0,0,0,0,0,0,0,0,0,0,0,0,0,0,0,0,0,0,0,0,1,0
2026-07-14T15:37:54.281+0000,15,1,0,3,0,0,0,1,159,163,999,159,163,999,0.0279998779296875,0,0,0,0,0,0,0,0,0,0,0,0,0,0,0,0,0,0,0,0,1,0
2026-07-14T15:37:54.295+0000,15,1,0,3,0,0,0,1,160,164,999,160,164,999,0.014000177383422852,0,0,0,0,0,0,0,0,0,0,0,0,0,0,0,0,0,0,0,0,1,0
2026-07-14T15:37:54.324+0000,15,1,0,3,0,0,0,1,161,165,999,161,165,999,0.028999805450439453,0,0,0,0,0,0,0,0,0,0,0,0,0,0,0,0,0,0,0,0,1,0
2026-07-14T15:37:54.385+0000,15,1,0,3,0,0,0,1,162,166,999,162,166,999,0.06100010871887207,0,0,0,0,0,0,0,0,0,0,0,0,0,0,0,0,0,0,0,0,1,0
2026-07-14T15:37:54.435+0000,15,1,0,3,0,0,0,1,163,167,999,163,167,999,0.04999995231628418,0,0,0,0,0,0,0,0,0,0,0,0,0,0,0,0,0,0,0,0,1,0
2026-07-14T15:37:54.469+0000,15,1,0,3,0,0,0,1,164,168,999,164,168,999,0.03400015830993652,0,0,0,0,0,0,0,0,0,0,0,0,0,0,0,0,0,0,0,0,1,0
2026-07-14T15:37:54.469+0000,15,1,0,3,0,0,0,1,165,169,999,165,169,999,0.0,0,0,0,0,0,0,0,0,0,0,0,0,0,0,0,0,0,0,0,0,1,0
2026-07-14T15:37:54.539+0000,15,1,0,3,0,0,0,1,166,170,999,166,170,999,0.06999993324279785,0,0,0,0,0,0,0,0,0,0,0,0,0,0,0,0,0,0,0,0,1,0
2026-07-14T15:37:54.559+0000,15,1,0,3,0,0,0,1,167,171,999,167,171,999,0.019999980926513672,0,0,0,0,0,0,0,0,0,0,0,0,0,0,0,0,0,0,0,0,1,0
2026-07-14T15:37:54.587+0000,15,1,0,3,0,0,0,1,168,172,999,168,172,999,0.0279998779296875,0,0,0,0,0,0,0,0,0,0,0,0,0,0,0,0,0,0,0,0,1,0
2026-07-14T15:37:54.588+0000,15,1,0,3,0,0,0,1,169,173,999,169,173,999,0.0010001659393310547,0,0,0,0,0,0,0,0,0,0,0,0,0,0,0,0,0,0,0,0,1,0
2026-07-14T15:37:54.634+0000,15,1,0,3,0,0,0,1,170,174,999,170,174,999,0.046000003814697266,0,0,0,0,0,0,0,0,0,0,0,0,0,0,0,0,0,0,0,0,1,0
2026-07-14T15:37:54.663+0000,15,1,0,3,0,0,0,1,171,175,999,171,175,999,0.029000043869018555,0,0,0,0,0,0,0,0,0,0,0,0,0,0,0,0,0,0,0,0,1,0
2026-07-14T15:37:54.685+0000,15,1,0,3,0,0,0,1,172,176,999,172,176,999,0.021999835968017578,0,0,0,0,0,0,0,0,0,0,0,0,0,0,0,0,0,0,0,0,1,0
2026-07-14T15:37:54.735+0000,15,1,0,3,0,0,0,1,173,177,999,173,177,999,0.04999995231628418,0,0,0,0,0,0,0,0,0,0,0,0,0,0,0,0,0,0,0,0,1,0
2026-07-14T15:37:54.764+0000,15,1,0,3,0,0,0,1,174,178,999,174,178,999,0.029000043869018555,0,0,0,0,0,0,0,0,0,0,0,0,0,0,0,0,0,0,0,0,1,0
2026-07-14T15:37:54.796+0000,15,1,0,3,0,0,0,1,175,179,999,175,179,999,0.032000064849853516,0,0,0,0,0,0,0,0,0,0,0,0,0,0,0,0,0,0,0,0,1,0
2026-07-14T15:37:54.893+0000,15,1,0,3,0,0,0,1,176,180,999,176,180,999,0.0969998836517334,0,0,0,0,0,0,0,0,0,0,0,0,0,0,0,0,0,0,0,0,1,0
2026-07-14T15:37:55.018+0000,15,1,0,3,0,0,0,1,177,181,999,177,181,999,0.125,0,0,0,0,0,0,0,0,0,0,0,0,0,0,0,0,0,0,0,0,1,0
2026-07-14T15:37:55.119+0000,15,1,0,3,0,0,0,1,178,182,999,178,182,999,0.10100007057189941,0,0,0,0,0,0,0,0,0,0,0,0,0,0,0,0,0,0,0,0,1,0
2026-07-14T15:37:55.143+0000,15,1,0,3,0,0,0,1,179,183,999,179,183,999,0.023999929428100586,0,0,0,0,0,0,0,0,0,0,0,0,0,0,0,0,0,0,0,0,1,0
2026-07-14T15:37:55.174+0000,15,1,0,3,0,0,0,1,180,184,999,180,184,999,0.031000137329101562,0,0,0,0,0,0,0,0,0,0,0,0,0,0,0,0,0,0,0,0,1,0
2026-07-14T15:37:55.209+0000,15,1,0,3,0,0,0,1,181,185,999,181,185,999,0.03500008583068848,0,0,0,0,0,0,0,0,0,0,0,0,0,0,0,0,0,0,0,0,1,0
2026-07-14T15:37:55.322+0000,15,1,0,3,0,0,0,1,0,0,0,182,186,999,999,0,0,0,0,0,1,0,0,0,0,0,0,0,0,0,0,0,0,0,0,0,0
2026-07-14T15:37:55.322+0000,15,1,0,3,0,0,0,1,182,186,999,183,187,999,0.11299991607666016,0,0,0,0,0,0,0,0,0,0,0,0,0,0,0,0,0,0,0,0,1,0
2026-07-14T15:37:55.382+0000,15,1,0,3,0,0,0,1,183,187,999,184,188,999,0.059999942779541016,0,0,0,0,0,0,0,0,0,0,0,0,0,0,0,0,0,0,0,0,1,0
2026-07-14T15:37:55.382+0000,15,1,0,3,0,0,0,1,184,188,999,185,189,999,0.0,0,0,0,0,0,0,0,0,0,0,0,0,0,0,0,0,0,0,0,0,1,0
2026-07-14T15:37:55.382+0000,15,1,0,3,0,0,0,1,185,189,999,186,190,999,0.0,0,0,0,0,0,0,0,0,0,0,0,0,0,0,0,0,0,0,0,0,1,0
2026-07-14T15:37:55.382+0000,15,1,0,3,0,0,0,1,186,190,999,187,191,999,0.0,0,0,0,0,0,0,0,0,0,0,0,0,0,0,0,0,0,0,0,0,1,0
2026-07-14T15:37:55.390+0000,15,1,0,3,0,0,0,1,187,191,999,188,192,999,0.00800013542175293,0,0,0,0,0,0,0,0,0,0,0,0,0,0,0,0,0,0,0,0,1,0
2026-07-14T15:37:55.399+0000,15,1,0,3,0,0,0,1,188,192,999,189,193,999,0.008999824523925781,0,0,0,0,0,0,0,0,0,0,0,0,0,0,0,0,0,0,0,0,1,0
2026-07-14T15:37:55.513+0000,15,1,0,3,0,0,0,1,189,193,999,190,194,999,0.11400008201599121,0,0,0,0,0,0,0,0,0,0,0,0,0,0,0,0,0,0,0,0,1,0
2026-07-14T15:37:55.624+0000,15,1,0,3,0,0,0,1,190,194,999,191,195,999,0.11100006103515625,0,0,0,0,0,0,0,0,0,0,0,0,0,0,0,0,0,0,0,0,1,0
2026-07-14T15:37:55.635+0000,15,1,0,3,0,0,0,1,191,195,999,192,196,999,0.010999917984008789,0,0,0,0,0,0,0,0,0,0,0,0,0,0,0,0,0,0,0,0,1,0
2026-07-14T15:37:55.689+0000,15,1,0,3,0,0,0,1,192,196,999,193,197,999,0.053999900817871094,0,0,0,0,0,0,0,0,0,0,0,0,0,0,0,0,0,0,0,0,1,0
2026-07-14T15:37:55.704+0000,15,1,0,3,0,0,0,1,193,197,999,194,198,999,0.015000104904174805,0,0,0,0,0,0,0,0,0,0,0,0,0,0,0,0,0,0,0,0,1,0
2026-07-14T15:37:55.718+0000,15,1,0,3,0,0,0,1,194,198,999,195,199,999,0.01399993896484375,0,0,0,0,0,0,0,0,0,0,0,0,0,0,0,0,0,0,0,0,1,0
2026-07-14T15:37:55.737+0000,15,1,0,3,0,0,0,1,195,199,999,196,200,999,0.01900005340576172,0,0,0,0,0,0,0,0,0,0,0,0,0,0,0,0,0,0,0,0,1,0
2026-07-14T15:37:55.759+0000,15,1,0,3,0,0,0,1,196,200,999,197,201,999,0.02200007438659668,0,0,0,0,0,0,0,0,0,0,0,0,0,0,0,0,0,0,0,0,1,0
2026-07-14T15:37:55.792+0000,15,1,0,3,0,0,0,1,197,201,999,198,202,999,0.03299999237060547,0,0,0,0,0,0,0,0,0,0,0,0,0,0,0,0,0,0,0,0,1,0
2026-07-14T15:37:55.808+0000,15,1,0,3,0,0,0,1,198,202,999,199,203,999,0.016000032424926758,0,0,0,0,0,0,0,0,0,0,0,0,0,0,0,0,0,0,0,0,1,0
2026-07-14T15:37:55.855+0000,15,1,0,3,0,0,0,1,199,203,999,200,204,999,0.04699993133544922,0,0,0,0,0,0,0,0,0,0,0,0,0,0,0,0,0,0,0,0,1,0
2026-07-14T15:37:55.908+0000,15,1,0,3,0,0,0,1,200,204,999,201,205,999,0.05299997329711914,0,0,0,0,0,0,0,0,0,0,0,0,0,0,0,0,0,0,0,0,1,0
2026-07-14T15:37:55.955+0000,15,1,0,3,0,0,0,1,201,205,999,202,206,999,0.04699993133544922,0,0,0,0,0,0,0,0,0,0,0,0,0,0,0,0,0,0,0,0,1,0
2026-07-14T15:37:55.987+0000,15,1,0,3,0,0,0,1,202,206,999,203,207,999,0.032000064849853516,0,0,0,0,0,0,0,0,0,0,0,0,0,0,0,0,0,0,0,0,1,0
2026-07-14T15:37:55.994+0000,15,1,0,3,0,0,0,1,203,207,999,204,208,999,0.006999969482421875,0,0,0,0,0,0,0,0,0,0,0,0,0,0,0,0,0,0,0,0,1,0
2026-07-14T15:37:56.045+0000,15,1,0,3,0,0,0,1,204,208,999,205,209,999,0.051000118255615234,0,0,0,0,0,0,0,0,0,0,0,0,0,0,0,0,0,0,0,0,1,0
2026-07-14T15:37:56.111+0000,15,1,0,3,0,0,0,1,205,209,999,206,210,999,0.06599998474121094,0,0,0,0,0,0,0,0,0,0,0,0,0,0,0,0,0,0,0,0,1,0
2026-07-14T15:37:56.172+0000,15,1,0,3,0,0,0,1,206,210,999,207,211,999,0.06099987030029297,0,0,0,0,0,0,0,0,0,0,0,0,0,0,0,0,0,0,0,0,1,0
2026-07-14T15:37:56.203+0000,15,1,0,3,0,0,0,1,207,211,999,208,212,999,0.031000137329101562,0,0,0,0,0,0,0,0,0,0,0,0,0,0,0,0,0,0,0,0,1,0
2026-07-14T15:37:56.206+0000,15,1,0,3,0,0,0,1,208,212,999,209,213,999,0.003000020980834961,0,0,0,0,0,0,0,0,0,0,0,0,0,0,0,0,0,0,0,0,1,0
2026-07-14T15:37:56.268+0000,15,1,0,3,0,0,0,1,209,213,999,210,214,999,0.06199979782104492,0,0,0,0,0,0,0,0,0,0,0,0,0,0,0,0,0,0,0,0,1,0
2026-07-14T15:37:56.290+0000,15,1,0,3,0,0,0,1,210,214,999,211,215,999,0.02200007438659668,0,0,0,0,0,0,0,0,0,0,0,0,0,0,0,0,0,0,0,0,1,0
2026-07-14T15:37:56.402+0000,15,1,0,3,0,0,0,1,211,215,999,212,216,999,0.1119999885559082,0,0,0,0,0,0,0,0,0,0,0,0,0,0,0,0,0,0,0,0,1,0
2026-07-14T15:37:56.403+0000,15,1,0,3,0,0,0,1,212,216,999,213,217,999,0.0010001659393310547,0,0,0,0,0,0,0,0,0,0,0,0,0,0,0,0,0,0,0,0,1,0
2026-07-14T15:37:56.448+0000,15,1,0,3,0,0,0,1,213,217,999,214,218,999,0.04499983787536621,0,0,0,0,0,0,0,0,0,0,0,0,0,0,0,0,0,0,0,0,1,0
2026-07-14T15:37:56.459+0000,15,1,0,3,0,0,0,1,214,218,999,215,219,999,0.01100015640258789,0,0,0,0,0,0,0,0,0,0,0,0,0,0,0,0,0,0,0,0,1,0
2026-07-14T15:37:56.464+0000,15,1,0,3,0,0,0,1,215,219,999,216,220,999,0.004999876022338867,0,0,0,0,0,0,0,0,0,0,0,0,0,0,0,0,0,0,0,0,1,0
2026-07-14T15:37:56.513+0000,15,1,0,3,0,0,0,1,216,220,999,217,221,999,0.04900002479553223,0,0,0,0,0,0,0,0,0,0,0,0,0,0,0,0,0,0,0,0,1,0
2026-07-14T15:37:56.607+0000,15,1,0,3,0,0,0,1,217,221,999,218,222,999,0.09400010108947754,0,0,0,0,0,0,0,0,0,0,0,0,0,0,0,0,0,0,0,0,1,0
2026-07-14T15:37:56.620+0000,15,1,0,3,0,0,0,1,218,222,999,219,223,999,0.012999773025512695,0,0,0,0,0,0,0,0,0,0,0,0,0,0,0,0,0,0,0,0,1,0
2026-07-14T15:37:56.635+0000,15,1,0,3,0,0,0,1,219,223,999,220,224,999,0.015000104904174805,0,0,0,0,0,0,0,0,0,0,0,0,0,0,0,0,0,0,0,0,1,0
2026-07-14T15:37:56.655+0000,15,1,0,3,0,0,0,1,220,224,999,221,225,999,0.019999980926513672,0,0,0,0,0,0,0,0,0,0,0,0,0,0,0,0,0,0,0,0,1,0
2026-07-14T15:37:56.690+0000,15,1,0,3,0,0,0,1,221,225,999,222,226,999,0.03500008583068848,0,0,0,0,0,0,0,0,0,0,0,0,0,0,0,0,0,0,0,0,1,0
2026-07-14T15:37:56.718+0000,15,1,0,3,0,0,0,1,222,226,999,223,227,999,0.0279998779296875,0,0,0,0,0,0,0,0,0,0,0,0,0,0,0,0,0,0,0,0,1,0
2026-07-14T15:37:56.768+0000,15,1,0,3,0,0,0,1,223,227,999,224,228,999,0.04999995231628418,0,0,0,0,0,0,0,0,0,0,0,0,0,0,0,0,0,0,0,0,1,0
2026-07-14T15:37:56.891+0000,15,1,0,3,0,0,0,1,224,228,999,225,229,999,0.1230001449584961,0,0,0,0,0,0,0,0,0,0,0,0,0,0,0,0,0,0,0,0,1,0
2026-07-14T15:37:56.901+0000,15,1,0,3,0,0,0,1,225,229,999,226,230,999,0.009999990463256836,0,0,0,0,0,0,0,0,0,0,0,0,0,0,0,0,0,0,0,0,1,0
2026-07-14T15:37:57.002+0000,15,1,0,3,0,0,0,1,226,230,999,227,231,999,0.10100007057189941,0,0,0,0,0,0,0,0,0,0,0,0,0,0,0,0,0,0,0,0,1,0
2026-07-14T15:37:57.016+0000,15,1,0,3,0,0,0,1,227,231,999,228,232,999,0.01399993896484375,0,0,0,0,0,0,0,0,0,0,0,0,0,0,0,0,0,0,0,0,1,0
2026-07-14T15:37:57.048+0000,15,1,0,3,0,0,0,1,228,232,999,229,233,999,0.032000064849853516,0,0,0,0,0,0,0,0,0,0,0,0,0,0,0,0,0,0,0,0,1,0
2026-07-14T15:37:57.050+0000,15,1,0,3,0,0,0,1,229,233,999,230,234,999,0.0019998550415039062,0,0,0,0,0,0,0,0,0,0,0,0,0,0,0,0,0,0,0,0,1,0
2026-07-14T15:37:57.051+0000,15,1,0,3,0,0,0,1,230,234,999,231,235,999,0.0010001659393310547,0,0,0,0,0,0,0,0,0,0,0,0,0,0,0,0,0,0,0,0,1,0
2026-07-14T15:37:57.062+0000,15,1,0,3,0,0,0,1,231,235,999,232,236,999,0.010999917984008789,0,0,0,0,0,0,0,0,0,0,0,0,0,0,0,0,0,0,0,0,1,0
2026-07-14T15:37:57.104+0000,15,1,0,3,0,0,0,1,232,236,999,233,237,999,0.04200005531311035,0,0,0,0,0,0,0,0,0,0,0,0,0,0,0,0,0,0,0,0,1,0
2026-07-14T15:37:57.178+0000,15,1,0,3,0,0,0,1,233,237,999,234,238,999,0.07399988174438477,0,0,0,0,0,0,0,0,0,0,0,0,0,0,0,0,0,0,0,0,1,0
2026-07-14T15:37:57.259+0000,15,1,0,3,0,0,0,1,234,238,999,235,239,999,0.08100008964538574,0,0,0,0,0,0,0,0,0,0,0,0,0,0,0,0,0,0,0,0,1,0
2026-07-14T15:37:57.303+0000,15,1,0,3,0,0,0,1,235,239,999,236,240,999,0.04399991035461426,0,0,0,0,0,0,0,0,0,0,0,0,0,0,0,0,0,0,0,0,1,0
2026-07-14T15:37:57.303+0000,15,1,0,3,0,0,0,1,236,240,999,237,241,999,0.0,0,0,0,0,0,0,0,0,0,0,0,0,0,0,0,0,0,0,0,0,1,0
2026-07-14T15:37:57.327+0000,15,1,0,3,0,0,0,1,237,241,999,238,242,999,0.023999929428100586,0,0,0,0,0,0,0,0,0,0,0,0,0,0,0,0,0,0,0,0,1,0
2026-07-14T15:37:57.354+0000,15,1,0,3,0,0,0,1,238,242,999,239,243,999,0.02700018882751465,0,0,0,0,0,0,0,0,0,0,0,0,0,0,0,0,0,0,0,0,1,0
2026-07-14T15:37:57.413+0000,15,1,0,3,0,0,0,1,239,243,999,240,244,999,0.05900001525878906,0,0,0,0,0,0,0,0,0,0,0,0,0,0,0,0,0,0,0,0,1,0
2026-07-14T15:37:57.914+0000,15,1,0,3,0,0,0,1,240,244,999,241,245,999,0.500999927520752,0,0,0,0,0,0,0,0,0,0,0,0,0,0,0,0,0,0,0,0,1,0
2026-07-14T15:37:57.915+0000,15,1,0,3,0,0,0,1,241,245,999,242,246,999,0.0009999275207519531,0,0,0,0,0,0,0,0,0,0,0,0,0,0,0,0,0,0,0,0,1,0
2026-07-14T15:37:57.916+0000,15,1,0,3,0,0,0,1,242,246,999,243,247,999,0.0009999275207519531,0,0,0,0,0,0,0,0,0,0,0,0,0,0,0,0,0,0,0,0,1,0
2026-07-14T15:37:57.916+0000,15,1,0,3,0,0,0,1,243,247,999,244,248,999,0.0,0,0,0,0,0,0,0,0,0,0,0,0,0,0,0,0,0,0,0,0,1,0
2026-07-14T15:37:57.916+0000,15,1,0,3,0,0,0,1,244,248,999,245,249,999,0.0,0,0,0,0,0,0,0,0,0,0,0,0,0,0,0,0,0,0,0,0,1,0
2026-07-14T15:37:57.917+0000,15,1,0,3,0,0,0,1,245,249,999,246,250,999,0.0010001659393310547,0,0,0,0,0,0,0,0,0,0,0,0,0,0,0,0,0,0,0,0,1,0
2026-07-14T15:37:57.917+0000,15,1,0,3,0,0,0,1,246,250,999,247,251,999,0.0,0,0,0,0,0,0,0,0,0,0,0,0,0,0,0,0,0,0,0,0,1,0
2026-07-14T15:37:57.917+0000,15,1,0,3,0,0,0,1,247,251,999,248,252,999,0.0,0,0,0,0,0,0,0,0,0,0,0,0,0,0,0,0,0,0,0,0,1,0
2026-07-14T15:37:57.917+0000,15,1,0,3,0,0,0,1,248,252,999,249,253,999,0.0,0,0,0,0,0,0,0,0,0,0,0,0,0,0,0,0,0,0,0,0,1,0
2026-07-14T15:37:57.918+0000,15,1,0,3,0,0,0,1,249,253,999,250,254,999,0.0009999275207519531,0,0,0,0,0,0,0,0,0,0,0,0,0,0,0,0,0,0,0,0,1,0
2026-07-14T15:37:57.918+0000,15,1,0,3,0,0,0,1,250,254,999,251,255,999,0.0,0,0,0,0,0,0,0,0,0,0,0,0,0,0,0,0,0,0,0,0,1,0
2026-07-14T15:37:57.918+0000,15,1,0,3,0,0,0,1,251,255,999,252,256,999,0.0,0,0,0,0,0,0,0,0,0,0,0,0,0,0,0,0,0,0,0,0,1,0
2026-07-14T15:37:57.918+0000,15,1,0,3,0,0,0,1,252,256,999,253,257,999,0.0,0,0,0,0,0,0,0,0,0,0,0,0,0,0,0,0,0,0,0,0,1,0
2026-07-14T15:37:57.937+0000,15,1,0,3,0,0,0,1,253,257,999,254,258,999,0.01900005340576172,0,0,0,0,0,0,0,0,0,0,0,0,0,0,0,0,0,0,0,0,1,0
2026-07-14T15:37:58.063+0000,15,1,0,3,0,0,0,1,254,258,999,255,259,999,0.12599992752075195,0,0,0,0,0,0,0,0,0,0,0,0,0,0,0,0,0,0,0,0,1,0
2026-07-14T15:37:58.081+0000,15,1,0,3,0,0,0,1,255,259,999,256,260,999,0.018000125885009766,0,0,0,0,0,0,0,0,0,0,0,0,0,0,0,0,0,0,0,0,1,0
2026-07-14T15:37:58.118+0000,15,1,0,3,0,0,0,1,256,260,999,257,261,999,0.03699994087219238,0,0,0,0,0,0,0,0,0,0,0,0,0,0,0,0,0,0,0,0,1,0
2026-07-14T15:37:58.133+0000,15,1,0,3,0,0,0,1,257,261,999,258,262,999,0.014999866485595703,0,0,0,0,0,0,0,0,0,0,0,0,0,0,0,0,0,0,0,0,1,0
2026-07-14T15:37:58.161+0000,15,1,0,3,0,0,0,1,258,262,999,259,263,999,0.0280001163482666,0,0,0,0,0,0,0,0,0,0,0,0,0,0,0,0,0,0,0,0,1,0
2026-07-14T15:37:58.177+0000,15,1,0,3,0,0,0,1,259,263,999,260,264,999,0.016000032424926758,0,0,0,0,0,0,0,0,0,0,0,0,0,0,0,0,0,0,0,0,1,0
2026-07-14T15:37:58.192+0000,15,1,0,3,0,0,0,1,260,264,999,261,265,999,0.014999866485595703,0,0,0,0,0,0,0,0,0,0,0,0,0,0,0,0,0,0,0,0,1,0
2026-07-14T15:37:58.213+0000,15,1,0,3,0,0,0,1,261,265,999,262,266,999,0.021000146865844727,0,0,0,0,0,0,0,0,0,0,0,0,0,0,0,0,0,0,0,0,1,0
2026-07-14T15:37:58.285+0000,15,1,0,3,0,0,0,1,262,266,999,263,267,999,0.07200002670288086,0,0,0,0,0,0,0,0,0,0,0,0,0,0,0,0,0,0,0,0,1,0
2026-07-14T15:37:58.287+0000,15,1,0,3,0,0,0,1,263,267,999,264,268,999,0.0019998550415039062,0,0,0,0,0,0,0,0,0,0,0,0,0,0,0,0,0,0,0,0,1,0
2026-07-14T15:37:58.477+0000,15,1,0,3,0,0,0,1,264,268,999,265,269,999,0.19000005722045898,0,0,0,0,0,0,0,0,0,0,0,0,0,0,0,0,0,0,0,0,1,0
2026-07-14T15:37:58.518+0000,15,1,0,3,0,0,0,1,265,269,999,266,270,999,0.0409998893737793,0,0,0,0,0,0,0,0,0,0,0,0,0,0,0,0,0,0,0,0,1,0
2026-07-14T15:37:58.584+0000,15,1,0,3,0,0,0,1,266,269,999,267,270,999,0.06600022315979004,0,0,0,0,0,0,0,0,0,0,0,0,0,0,0,0,0,0,0,0,1,0
2026-07-14T15:37:58.639+0000,15,1,0,3,0,0,0,1,267,270,999,268,271,999,0.05499982833862305,0,0,0,0,0,0,0,0,0,0,0,0,0,0,0,0,0,0,0,0,1,0
2026-07-14T15:37:58.653+0000,15,1,0,3,0,0,0,1,268,271,999,269,272,999,0.014000177383422852,0,0,0,0,0,0,0,0,0,0,0,0,0,0,0,0,0,0,0,0,1,0
2026-07-14T15:37:58.683+0000,15,1,0,3,0,0,0,1,269,272,999,270,273,999,0.029999971389770508,0,0,0,0,0,0,0,0,0,0,0,0,0,0,0,0,0,0,0,0,1,0
2026-07-14T15:37:58.812+0000,15,1,0,3,0,0,0,1,270,273,999,271,274,999,0.12899994850158691,0,0,0,0,0,0,0,0,0,0,0,0,0,0,0,0,0,0,0,0,1,0
2026-07-14T15:37:58.848+0000,15,1,0,3,0,0,0,1,271,274,999,272,275,999,0.03600001335144043,0,0,0,0,0,0,0,0,0,0,0,0,0,0,0,0,0,0,0,0,1,0
2026-07-14T15:37:58.888+0000,15,1,0,3,0,0,0,1,272,275,999,273,276,999,0.039999961853027344,0,0,0,0,0,0,0,0,0,0,0,0,0,0,0,0,0,0,0,0,1,0
2026-07-14T15:37:58.940+0000,15,1,0,3,0,0,0,1,273,276,999,274,277,999,0.05200004577636719,0,0,0,0,0,0,0,0,0,0,0,0,0,0,0,0,0,0,0,0,1,0
2026-07-14T15:37:58.954+0000,15,1,0,3,0,0,0,1,274,277,999,275,278,999,0.01399993896484375,0,0,0,0,0,0,0,0,0,0,0,0,0,0,0,0,0,0,0,0,1,0
2026-07-14T15:37:59.042+0000,15,1,0,3,0,0,0,1,275,278,999,276,279,999,0.08800005912780762,0,0,0,0,0,0,0,0,0,0,0,0,0,0,0,0,0,0,0,0,1,0
2026-07-14T15:37:59.079+0000,15,1,0,3,0,0,0,1,276,279,999,277,280,999,0.03699994087219238,0,0,0,0,0,0,0,0,0,0,0,0,0,0,0,0,0,0,0,0,1,0
2026-07-14T15:37:59.124+0000,15,1,0,3,0,0,0,1,277,280,999,278,281,999,0.04500007629394531,0,0,0,0,0,0,0,0,0,0,0,0,0,0,0,0,0,0,0,0,1,0
2026-07-14T15:37:59.165+0000,15,1,0,3,0,0,0,1,278,281,999,279,282,999,0.0409998893737793,0,0,0,0,0,0,0,0,0,0,0,0,0,0,0,0,0,0,0,0,1,0
2026-07-14T15:37:59.267+0000,15,1,0,3,0,0,0,1,279,282,999,280,283,999,0.10199999809265137,0,0,0,0,0,0,0,0,0,0,0,0,0,0,0,0,0,0,0,0,1,0
2026-07-14T15:37:59.374+0000,15,1,0,3,0,0,0,1,280,283,999,281,284,999,0.10700011253356934,0,0,0,0,0,0,0,0,0,0,0,0,0,0,0,0,0,0,0,0,1,0
2026-07-14T15:37:59.485+0000,15,1,0,3,0,0,0,1,281,284,999,282,285,999,0.11099982261657715,0,0,0,0,0,0,0,0,0,0,0,0,0,0,0,0,0,0,0,0,1,0
2026-07-14T15:37:59.487+0000,15,1,0,3,0,0,0,1,282,285,999,283,286,999,0.002000093460083008,0,0,0,0,0,0,0,0,0,0,0,0,0,0,0,0,0,0,0,0,1,0
2026-07-14T15:37:59.499+0000,15,1,0,3,0,0,0,1,283,286,999,284,287,999,0.012000083923339844,0,0,0,0,0,0,0,0,0,0,0,0,0,0,0,0,0,0,0,0,1,0
2026-07-14T15:37:59.541+0000,15,1,0,3,0,0,0,1,284,287,999,285,288,999,0.04199981689453125,0,0,0,0,0,0,0,0,0,0,0,0,0,0,0,0,0,0,0,0,1,0
2026-07-14T15:37:59.567+0000,15,1,0,3,0,0,0,1,285,288,999,286,289,999,0.026000022888183594,0,0,0,0,0,0,0,0,0,0,0,0,0,0,0,0,0,0,0,0,1,0
2026-07-14T15:37:59.627+0000,15,1,0,3,0,0,0,1,286,289,999,287,290,999,0.06000018119812012,0,0,0,0,0,0,0,0,0,0,0,0,0,0,0,0,0,0,0,0,1,0
2026-07-14T15:37:59.677+0000,15,1,0,3,0,0,0,1,287,290,999,288,291,999,0.04999995231628418,0,0,0,0,0,0,0,0,0,0,0,0,0,0,0,0,0,0,0,0,1,0
2026-07-14T15:37:59.696+0000,15,1,0,3,0,0,0,1,288,291,999,289,292,999,0.01900005340576172,0,0,0,0,0,0,0,0,0,0,0,0,0,0,0,0,0,0,0,0,1,0
2026-07-14T15:37:59.713+0000,15,1,0,3,0,0,0,1,289,292,999,290,293,999,0.01699995994567871,0,0,0,0,0,0,0,0,0,0,0,0,0,0,0,0,0,0,0,0,1,0
2026-07-14T15:37:59.738+0000,15,1,0,3,0,0,0,1,290,293,999,291,294,999,0.02499985694885254,0,0,0,0,0,0,0,0,0,0,0,0,0,0,0,0,0,0,0,0,1,0
2026-07-14T15:37:59.783+0000,15,1,0,3,0,0,0,1,291,294,999,292,295,999,0.04500007629394531,0,0,0,0,0,0,0,0,0,0,0,0,0,0,0,0,0,0,0,0,1,0
2026-07-14T15:37:59.797+0000,15,1,0,3,0,0,0,1,292,295,999,293,296,999,0.01399993896484375,0,0,0,0,0,0,0,0,0,0,0,0,0,0,0,0,0,0,0,0,1,0
2026-07-14T15:37:59.810+0000,15,1,0,3,0,0,0,1,293,296,999,294,297,999,0.013000011444091797,0,0,0,0,0,0,0,0,0,0,0,0,0,0,0,0,0,0,0,0,1,0
2026-07-14T15:37:59.814+0000,15,1,0,3,0,0,0,1,294,297,999,295,298,999,0.003999948501586914,0,0,0,0,0,0,0,0,0,0,0,0,0,0,0,0,0,0,0,0,1,0
2026-07-14T15:37:59.902+0000,15,1,0,3,0,0,0,1,295,298,999,296,299,999,0.08800005912780762,0,0,0,0,0,0,0,0,0,0,0,0,0,0,0,0,0,0,0,0,1,0
2026-07-14T15:38:00.020+0000,15,1,0,3,0,0,0,1,296,299,999,297,300,999,0.11800003051757812,0,0,0,0,0,0,0,0,0,0,0,0,0,0,0,0,0,0,0,0,1,0
2026-07-14T15:38:00.022+0000,15,1,0,3,0,0,0,1,297,300,999,298,301,999,0.002000093460083008,0,0,0,0,0,0,0,0,0,0,0,0,0,0,0,0,0,0,0,0,1,0
2026-07-14T15:38:00.080+0000,15,1,0,3,0,0,0,1,298,301,999,299,302,999,0.05799984931945801,0,0,0,0,0,0,0,0,0,0,0,0,0,0,0,0,0,0,0,0,1,0
2026-07-14T15:38:00.128+0000,15,1,0,3,0,0,0,1,299,302,999,300,303,999,0.04800009727478027,0,0,0,0,0,0,0,0,0,0,0,0,0,0,0,0,0,0,0,0,1,0
2026-07-14T15:38:00.135+0000,15,1,0,3,0,0,0,1,300,303,999,301,304,999,0.006999969482421875,0,0,0,0,0,0,0,0,0,0,0,0,0,0,0,0,0,0,0,0,1,0
2026-07-14T15:38:00.140+0000,15,1,0,3,0,0,0,1,301,304,999,302,305,999,0.005000114440917969,0,0,0,0,0,0,0,0,0,0,0,0,0,0,0,0,0,0,0,0,1,0
2026-07-14T15:38:00.193+0000,15,1,0,3,0,0,0,1,302,305,999,303,306,999,0.05299997329711914,0,0,0,0,0,0,0,0,0,0,0,0,0,0,0,0,0,0,0,0,1,0
2026-07-14T15:38:00.213+0000,15,1,0,3,0,0,0,1,303,306,999,304,307,999,0.019999980926513672,0,0,0,0,0,0,0,0,0,0,0,0,0,0,0,0,0,0,0,0,1,0
2026-07-14T15:38:00.232+0000,15,1,0,3,0,0,0,1,304,307,999,305,308,999,0.01900005340576172,0,0,0,0,0,0,0,0,0,0,0,0,0,0,0,0,0,0,0,0,1,0
2026-07-14T15:38:00.248+0000,15,1,0,3,0,0,0,1,305,308,999,306,309,999,0.015999794006347656,0,0,0,0,0,0,0,0,0,0,0,0,0,0,0,0,0,0,0,0,1,0
2026-07-14T15:38:00.277+0000,15,1,0,3,0,0,0,1,306,309,999,307,310,999,0.029000043869018555,0,0,0,0,0,0,0,0,0,0,0,0,0,0,0,0,0,0,0,0,1,0
2026-07-14T15:38:00.296+0000,15,1,0,3,0,0,0,1,307,310,999,308,311,999,0.01900005340576172,0,0,0,0,0,0,0,0,0,0,0,0,0,0,0,0,0,0,0,0,1,0
2026-07-14T15:38:00.336+0000,15,1,0,3,0,0,0,1,308,311,999,309,312,999,0.039999961853027344,0,0,0,0,0,0,0,0,0,0,0,0,0,0,0,0,0,0,0,0,1,0
2026-07-14T15:38:00.337+0000,15,1,0,3,0,0,0,1,309,312,999,310,313,999,0.0009999275207519531,0,0,0,0,0,0,0,0,0,0,0,0,0,0,0,0,0,0,0,0,1,0
2026-07-14T15:38:00.390+0000,15,1,0,3,0,0,0,1,310,313,999,311,314,999,0.05300021171569824,0,0,0,0,0,0,0,0,0,0,0,0,0,0,0,0,0,0,0,0,1,0
2026-07-14T15:38:00.406+0000,15,1,0,3,0,0,0,1,311,314,999,312,315,999,0.015999794006347656,0,0,0,0,0,0,0,0,0,0,0,0,0,0,0,0,0,0,0,0,1,0
2026-07-14T15:38:00.421+0000,15,1,0,3,0,0,0,1,312,315,999,313,316,999,0.015000104904174805,0,0,0,0,0,0,0,0,0,0,0,0,0,0,0,0,0,0,0,0,1,0
2026-07-14T15:38:00.465+0000,15,1,0,3,0,0,0,1,313,316,999,314,317,999,0.04399991035461426,0,0,0,0,0,0,0,0,0,0,0,0,0,0,0,0,0,0,0,0,1,0
2026-07-14T15:38:00.491+0000,15,1,0,3,0,0,0,1,314,317,999,315,318,999,0.026000022888183594,0,0,0,0,0,0,0,0,0,0,0,0,0,0,0,0,0,0,0,0,1,0
2026-07-14T15:38:00.581+0000,15,1,0,3,0,0,0,1,315,318,999,316,319,999,0.09000015258789062,0,0,0,0,0,0,0,0,0,0,0,0,0,0,0,0,0,0,0,0,1,0
2026-07-14T15:38:00.590+0000,15,1,0,3,0,0,0,1,316,319,999,317,320,999,0.008999824523925781,0,0,0,0,0,0,0,0,0,0,0,0,0,0,0,0,0,0,0,0,1,0
2026-07-14T15:38:00.612+0000,15,1,0,3,0,0,0,1,317,320,999,318,321,999,0.02200007438659668,0,0,0,0,0,0,0,0,0,0,0,0,0,0,0,0,0,0,0,0,1,0
2026-07-14T15:38:00.826+0000,15,1,0,3,0,0,0,1,318,321,999,319,322,999,0.21399998664855957,0,0,0,0,0,0,0,0,0,0,0,0,0,0,0,0,0,0,0,0,1,0
2026-07-14T15:38:00.827+0000,15,1,0,3,0,0,0,1,319,322,999,320,323,999,0.0009999275207519531,0,0,0,0,0,0,0,0,0,0,0,0,0,0,0,0,0,0,0,0,1,0
2026-07-14T15:38:00.840+0000,15,1,0,3,0,0,0,1,320,323,999,321,324,999,0.013000011444091797,0,0,0,0,0,0,0,0,0,0,0,0,0,0,0,0,0,0,0,0,1,0
2026-07-14T15:38:00.951+0000,15,1,0,3,0,0,0,1,321,324,999,322,325,999,0.11100006103515625,0,0,0,0,0,0,0,0,0,0,0,0,0,0,0,0,0,0,0,0,1,0
2026-07-14T15:38:00.955+0000,15,1,0,3,0,0,0,1,322,325,999,323,326,999,0.003999948501586914,0,0,0,0,0,0,0,0,0,0,0,0,0,0,0,0,0,0,0,0,1,0
2026-07-14T15:38:00.959+0000,15,1,0,3,0,0,0,1,323,326,999,324,327,999,0.004000186920166016,0,0,0,0,0,0,0,0,0,0,0,0,0,0,0,0,0,0,0,0,1,0
2026-07-14T15:38:00.972+0000,15,1,0,3,0,0,0,1,324,327,999,325,328,999,0.012999773025512695,0,0,0,0,0,0,0,0,0,0,0,0,0,0,0,0,0,0,0,0,1,0
2026-07-14T15:38:00.987+0000,15,1,0,3,0,0,0,1,325,328,999,326,329,999,0.015000104904174805,0,0,0,0,0,0,0,0,0,0,0,0,0,0,0,0,0,0,0,0,1,0
2026-07-14T15:38:01.067+0000,15,1,0,3,0,0,0,1,326,329,999,327,330,999,0.07999992370605469,0,0,0,0,0,0,0,0,0,0,0,0,0,0,0,0,0,0,0,0,1,0
2026-07-14T15:38:01.146+0000,15,1,0,3,0,0,0,1,327,330,999,328,331,999,0.07899999618530273,0,0,0,0,0,0,0,0,0,0,0,0,0,0,0,0,0,0,0,0,1,0
2026-07-14T15:38:01.238+0000,15,1,0,3,0,0,0,1,328,331,999,329,332,999,0.09200000762939453,0,0,0,0,0,0,0,0,0,0,0,0,0,0,0,0,0,0,0,0,1,0
2026-07-14T15:38:01.274+0000,15,1,0,3,0,0,0,1,329,332,999,330,333,999,0.03600001335144043,0,0,0,0,0,0,0,0,0,0,0,0,0,0,0,0,0,0,0,0,1,0
2026-07-14T15:38:01.328+0000,15,1,0,3,0,0,0,1,330,333,999,331,334,999,0.054000139236450195,0,0,0,0,0,0,0,0,0,0,0,0,0,0,0,0,0,0,0,0,1,0
2026-07-14T15:38:01.382+0000,15,1,0,3,0,0,0,1,331,334,999,332,335,999,0.053999900817871094,0,0,0,0,0,0,0,0,0,0,0,0,0,0,0,0,0,0,0,0,1,0
2026-07-14T15:38:01.447+0000,15,1,0,3,0,0,0,1,332,335,999,333,336,999,0.06500005722045898,0,0,0,0,0,0,0,0,0,0,0,0,0,0,0,0,0,0,0,0,1,0
2026-07-14T15:38:01.451+0000,15,1,0,3,0,0,0,1,333,336,999,334,337,999,0.003999948501586914,0,0,0,0,0,0,0,0,0,0,0,0,0,0,0,0,0,0,0,0,1,0
2026-07-14T15:38:01.533+0000,15,1,0,3,0,0,0,1,334,337,999,335,338,999,0.0820000171661377,0,0,0,0,0,0,0,0,0,0,0,0,0,0,0,0,0,0,0,0,1,0
2026-07-14T15:38:01.534+0000,15,1,0,3,0,0,0,1,335,338,999,336,339,999,0.0009999275207519531,0,0,0,0,0,0,0,0,0,0,0,0,0,0,0,0,0,0,0,0,1,0
2026-07-14T15:38:01.640+0000,15,1,0,3,0,0,0,1,336,339,999,337,340,999,0.10600018501281738,0,0,0,0,0,0,0,0,0,0,0,0,0,0,0,0,0,0,0,0,1,0
2026-07-14T15:38:01.719+0000,15,1,0,3,0,0,0,1,337,340,999,338,341,999,0.07899999618530273,0,0,0,0,0,0,0,0,0,0,0,0,0,0,0,0,0,0,0,0,1,0
2026-07-14T15:38:01.728+0000,15,1,0,3,0,0,0,1,338,341,999,339,342,999,0.008999824523925781,0,0,0,0,0,0,0,0,0,0,0,0,0,0,0,0,0,0,0,0,1,0
2026-07-14T15:38:01.743+0000,15,1,0,3,0,0,0,1,339,342,999,340,343,999,0.015000104904174805,0,0,0,0,0,0,0,0,0,0,0,0,0,0,0,0,0,0,0,0,1,0
2026-07-14T15:38:01.756+0000,15,1,0,3,0,0,0,1,340,343,999,341,344,999,0.013000011444091797,0,0,0,0,0,0,0,0,0,0,0,0,0,0,0,0,0,0,0,0,1,0
2026-07-14T15:38:01.768+0000,15,1,0,3,0,0,0,1,341,344,999,342,345,999,0.011999845504760742,0,0,0,0,0,0,0,0,0,0,0,0,0,0,0,0,0,0,0,0,1,0
2026-07-14T15:38:01.849+0000,15,1,0,3,0,0,0,1,342,345,999,343,346,999,0.08100008964538574,0,0,0,0,0,0,0,0,0,0,0,0,0,0,0,0,0,0,0,0,1,0
2026-07-14T15:38:01.895+0000,15,1,0,3,0,0,0,1,343,346,999,344,347,999,0.046000003814697266,0,0,0,0,0,0,0,0,0,0,0,0,0,0,0,0,0,0,0,0,1,0
2026-07-14T15:38:02.114+0000,15,1,0,3,0,0,0,1,344,347,999,345,348,999,0.21900010108947754,0,0,0,0,0,0,0,0,0,0,0,0,0,0,0,0,0,0,0,0,1,0
2026-07-14T15:38:02.149+0000,15,1,0,3,0,0,0,1,345,348,999,346,349,999,0.034999847412109375,0,0,0,0,0,0,0,0,0,0,0,0,0,0,0,0,0,0,0,0,1,0
2026-07-14T15:38:02.159+0000,15,1,0,3,0,0,0,1,346,349,999,347,350,999,0.009999990463256836,0,0,0,0,0,0,0,0,0,0,0,0,0,0,0,0,0,0,0,0,1,0
2026-07-14T15:38:02.181+0000,15,1,0,3,0,0,0,1,347,350,999,348,351,999,0.02200007438659668,0,0,0,0,0,0,0,0,0,0,0,0,0,0,0,0,0,0,0,0,1,0
2026-07-14T15:38:02.198+0000,15,1,0,3,0,0,0,1,348,351,999,349,352,999,0.01699995994567871,0,0,0,0,0,0,0,0,0,0,0,0,0,0,0,0,0,0,0,0,1,0
2026-07-14T15:38:02.269+0000,15,1,0,3,0,0,0,1,349,352,999,350,353,999,0.0710000991821289,0,0,0,0,0,0,0,0,0,0,0,0,0,0,0,0,0,0,0,0,1,0
2026-07-14T15:38:02.274+0000,15,1,0,3,0,0,0,1,350,353,999,351,354,999,0.004999876022338867,0,0,0,0,0,0,0,0,0,0,0,0,0,0,0,0,0,0,0,0,1,0
2026-07-14T15:38:02.276+0000,15,1,0,3,0,0,0,1,351,354,999,352,355,999,0.002000093460083008,0,0,0,0,0,0,0,0,0,0,0,0,0,0,0,0,0,0,0,0,1,0
2026-07-14T15:38:02.285+0000,15,1,0,3,0,0,0,1,352,355,999,353,356,999,0.009000062942504883,0,0,0,0,0,0,0,0,0,0,0,0,0,0,0,0,0,0,0,0,1,0
2026-07-14T15:38:02.345+0000,15,1,0,3,0,0,0,1,353,356,999,354,357,999,0.059999942779541016,0,0,0,0,0,0,0,0,0,0,0,0,0,0,0,0,0,0,0,0,1,0
2026-07-14T15:38:02.408+0000,15,1,0,3,0,0,0,1,354,357,999,355,358,999,0.06299996376037598,0,0,0,0,0,0,0,0,0,0,0,0,0,0,0,0,0,0,0,0,1,0
2026-07-14T15:38:02.461+0000,15,1,0,3,0,0,0,1,355,358,999,356,359,999,0.05299997329711914,0,0,0,0,0,0,0,0,0,0,0,0,0,0,0,0,0,0,0,0,1,0
2026-07-14T15:38:02.528+0000,15,1,0,3,0,0,0,1,356,359,999,357,360,999,0.06700015068054199,0,0,0,0,0,0,0,0,0,0,0,0,0,0,0,0,0,0,0,0,1,0
2026-07-14T15:38:02.564+0000,15,1,0,3,0,0,0,1,357,360,999,358,361,999,0.03599977493286133,0,0,0,0,0,0,0,0,0,0,0,0,0,0,0,0,0,0,0,0,1,0
2026-07-14T15:38:02.566+0000,15,1,0,3,0,0,0,1,358,361,999,359,362,999,0.002000093460083008,0,0,0,0,0,0,0,0,0,0,0,0,0,0,0,0,0,0,0,0,1,0
2026-07-14T15:38:02.573+0000,15,1,0,3,0,0,0,1,359,362,999,360,363,999,0.006999969482421875,0,0,0,0,0,0,0,0,0,0,0,0,0,0,0,0,0,0,0,0,1,0
2026-07-14T15:38:02.613+0000,15,1,0,3,0,0,0,1,360,363,999,361,364,999,0.039999961853027344,0,0,0,0,0,0,0,0,0,0,0,0,0,0,0,0,0,0,0,0,1,0
2026-07-14T15:38:02.660+0000,15,1,0,3,0,0,0,1,361,364,999,362,365,999,0.04700016975402832,0,0,0,0,0,0,0,0,0,0,0,0,0,0,0,0,0,0,0,0,1,0
2026-07-14T15:38:02.662+0000,15,1,0,3,0,0,0,1,362,365,999,363,366,999,0.0019998550415039062,0,0,0,0,0,0,0,0,0,0,0,0,0,0,0,0,0,0,0,0,1,0
2026-07-14T15:38:02.678+0000,15,1,0,3,0,0,0,1,363,366,999,364,367,999,0.016000032424926758,0,0,0,0,0,0,0,0,0,0,0,0,0,0,0,0,0,0,0,0,1,0
2026-07-14T15:38:02.696+0000,15,1,0,3,0,0,0,1,364,367,999,365,368,999,0.018000125885009766,0,0,0,0,0,0,0,0,0,0,0,0,0,0,0,0,0,0,0,0,1,0
2026-07-14T15:38:02.723+0000,15,1,0,3,0,0,0,1,365,368,999,366,369,999,0.026999950408935547,0,0,0,0,0,0,0,0,0,0,0,0,0,0,0,0,0,0,0,0,1,0
2026-07-14T15:38:02.797+0000,15,1,0,3,0,0,0,1,366,369,999,367,370,999,0.07399988174438477,0,0,0,0,0,0,0,0,0,0,0,0,0,0,0,0,0,0,0,0,1,0
2026-07-14T15:38:02.920+0000,15,1,0,3,0,0,0,1,367,370,999,368,371,999,0.1230001449584961,0,0,0,0,0,0,0,0,0,0,0,0,0,0,0,0,0,0,0,0,1,0
2026-07-14T15:38:02.922+0000,15,1,0,3,0,0,0,1,368,371,999,369,372,999,0.0019998550415039062,0,0,0,0,0,0,0,0,0,0,0,0,0,0,0,0,0,0,0,0,1,0
2026-07-14T15:38:02.922+0000,15,1,0,3,0,0,0,1,369,372,999,370,373,999,0.0,0,0,0,0,0,0,0,0,0,0,0,0,0,0,0,0,0,0,0,0,1,0
2026-07-14T15:38:02.956+0000,15,1,0,3,0,0,0,1,370,373,999,371,374,999,0.03400015830993652,0,0,0,0,0,0,0,0,0,0,0,0,0,0,0,0,0,0,0,0,1,0
2026-07-14T15:38:03.010+0000,15,1,0,3,0,0,0,1,371,374,999,372,375,999,0.053999900817871094,0,0,0,0,0,0,0,0,0,0,0,0,0,0,0,0,0,0,0,0,1,0
2026-07-14T15:38:03.072+0000,15,1,0,3,0,0,0,1,372,375,999,373,376,999,0.06200003623962402,0,0,0,0,0,0,0,0,0,0,0,0,0,0,0,0,0,0,0,0,1,0
2026-07-14T15:38:03.174+0000,15,1,0,3,0,0,0,1,373,376,999,374,377,999,0.10199999809265137,0,0,0,0,0,0,0,0,0,0,0,0,0,0,0,0,0,0,0,0,1,0
2026-07-14T15:38:03.212+0000,15,1,0,3,0,0,0,1,374,377,999,375,378,999,0.037999868392944336,0,0,0,0,0,0,0,0,0,0,0,0,0,0,0,0,0,0,0,0,1,0
2026-07-14T15:38:03.215+0000,15,1,0,3,0,0,0,1,375,378,999,376,379,999,0.003000020980834961,0,0,0,0,0,0,0,0,0,0,0,0,0,0,0,0,0,0,0,0,1,0
2026-07-14T15:38:03.244+0000,15,1,0,3,0,0,0,1,376,379,999,377,380,999,0.029000043869018555,0,0,0,0,0,0,0,0,0,0,0,0,0,0,0,0,0,0,0,0,1,0
2026-07-14T15:38:03.271+0000,15,1,0,3,0,0,0,1,377,380,999,378,381,999,0.026999950408935547,0,0,0,0,0,0,0,0,0,0,0,0,0,0,0,0,0,0,0,0,1,0
2026-07-14T15:38:03.310+0000,15,1,0,3,0,0,0,1,378,381,999,379,382,999,0.03900003433227539,0,0,0,0,0,0,0,0,0,0,0,0,0,0,0,0,0,0,0,0,1,0
2026-07-14T15:38:03.324+0000,15,1,0,3,0,0,0,1,379,382,999,380,383,999,0.01399993896484375,0,0,0,0,0,0,0,0,0,0,0,0,0,0,0,0,0,0,0,0,1,0
2026-07-14T15:38:03.365+0000,15,1,0,3,0,0,0,1,380,383,999,381,384,999,0.0410001277923584,0,0,0,0,0,0,0,0,0,0,0,0,0,0,0,0,0,0,0,0,1,0
2026-07-14T15:38:03.556+0000,15,1,0,3,0,0,0,1,381,384,999,382,385,999,0.19099998474121094,0,0,0,0,0,0,0,0,0,0,0,0,0,0,0,0,0,0,0,0,1,0
2026-07-14T15:38:03.575+0000,15,1,0,3,0,0,0,1,382,385,999,383,386,999,0.01900005340576172,0,0,0,0,0,0,0,0,0,0,0,0,0,0,0,0,0,0,0,0,1,0
2026-07-14T15:39:12.904+0000,15,1,0,3,0,0,0,1,0,386,999,0,387,999,69.3289999961853,0,0,0,0,0,0,0,0,0,0,0,0,0,0,0,0,0,0,0,0,1,0
2026-07-14T15:39:18.852+0000,15,1,0,3,0,0,0,1,1,387,999,1,388,999,5.947999954223633,0,0,0,0,0,0,0,0,0,0,0,0,0,0,0,0,0,0,0,0,1,0
2026-07-14T15:39:57.983+0000,15,1,0,3,0,0,0,1,2,387,999,2,388,999,39.13100004196167,0,0,0,0,0,0,0,0,0,0,0,0,0,0,0,0,0,0,0,0,1,0
2026-07-14T15:43:18.899+0000,15,1,0,3,0,0,0,1,0,3,971,0,3,975,200.91599988937378,0,0,0,0,0,0,0,0,0,0,0,0,0,0,0,0,0,0,0,0,1,0
